Reading D:/modelsim/tcl/vsim/pref.tcl

# 10.6c

# do soc_ddr3_sim.tcl
# D:/riscv/RISCV/ipcore/ddr3/sim/modelsim
# D:/riscv/RISCV
# reading modelsim.ini
# Model Technology ModelSim DE-64 vmap 10.6c Lib Mapping Utility 2017.07 Jul 26 2017
# vmap soc_ddr3_work soc_ddr3_work 
# Modifying modelsim.ini
# C:/pango/PDS_2022.2-SP6.4/arch/vendor/pango/verilog/simulation
# Model Technology ModelSim DE-64 vlog 10.6c Compiler 2017.07 Jul 26 2017
# Start time: 18:48:28 on Oct 03,2026
# vlog -work soc_ddr3_work C:/pango/PDS_2022.2-SP6.4/arch/vendor/pango/verilog/simulation/modelsim10.2c/adc_e2_source_codes/adc_e2_alarm_ot.vp C:/pango/PDS_2022.2-SP6.4/arch/vendor/pango/verilog/simulation/modelsim10.2c/adc_e2_source_codes/adc_e2_ana_core.vp C:/pango/PDS_2022.2-SP6.4/arch/vendor/pango/verilog/simulation/modelsim10.2c/adc_e2_source_codes/adc_e2_analog_top.vp C:/pango/PDS_2022.2-SP6.4/arch/vendor/pango/verilog/simulation/modelsim10.2c/adc_e2_source_codes/adc_e2_apb_interface.vp C:/pango/PDS_2022.2-SP6.4/arch/vendor/pango/verilog/simulation/modelsim10.2c/adc_e2_source_codes/adc_e2_calib.vp C:/pango/PDS_2022.2-SP6.4/arch/vendor/pango/verilog/simulation/modelsim10.2c/adc_e2_source_codes/adc_e2_channel_calculation.vp C:/pango/PDS_2022.2-SP6.4/arch/vendor/pango/verilog/simulation/modelsim10.2c/adc_e2_source_codes/adc_e2_channel_ctrl.vp C:/pango/PDS_2022.2-SP6.4/arch/vendor/pango/verilog/simulation/modelsim10.2c/adc_e2_source_codes/adc_e2_clk_gen.vp C:/pango/PDS_2022.2-SP6.4/arch/vendor/pango/verilog/simulation/modelsim10.2c/adc_e2_source_codes/adc_e2_ctrl.vp C:/pango/PDS_2022.2-SP6.4/arch/vendor/pango/verilog/simulation/modelsim10.2c/adc_e2_source_codes/adc_e2_en_valid.vp C:/pango/PDS_2022.2-SP6.4/arch/vendor/pango/verilog/simulation/modelsim10.2c/adc_e2_source_codes/adc_e2_en_valid_apb.vp C:/pango/PDS_2022.2-SP6.4/arch/vendor/pango/verilog/simulation/modelsim10.2c/adc_e2_source_codes/adc_e2_jtag_apb_top.vp C:/pango/PDS_2022.2-SP6.4/arch/vendor/pango/verilog/simulation/modelsim10.2c/adc_e2_source_codes/adc_e2_jtag_interface.vp C:/pango/PDS_2022.2-SP6.4/arch/vendor/pango/verilog/simulation/modelsim10.2c/adc_e2_source_codes/adc_e2_logic.vp C:/pango/PDS_2022.2-SP6.4/arch/vendor/pango/verilog/simulation/modelsim10.2c/adc_e2_source_codes/adc_e2_logic_top.vp C:/pango/PDS_2022.2-SP6.4/arch/vendor/pango/verilog/simulation/modelsim10.2c/adc_e2_source_codes/adc_e2_mode_ctrl.vp C:/pango/PDS_2022.2-SP6.4/arch/vendor/pango/verilog/simulation/modelsim10.2c/adc_e2_source_codes/adc_e2_rstn_gen.vp C:/pango/PDS_2022.2-SP6.4/arch/vendor/pango/verilog/simulation/modelsim10.2c/adc_e2_source_codes/adc_e2_rstn_syn.vp C:/pango/PDS_2022.2-SP6.4/arch/vendor/pango/verilog/simulation/modelsim10.2c/adc_e2_source_codes/adc_e2_sample.vp C:/pango/PDS_2022.2-SP6.4/arch/vendor/pango/verilog/simulation/modelsim10.2c/adc_e2_source_codes/adc_e2_sample_sync.vp C:/pango/PDS_2022.2-SP6.4/arch/vendor/pango/verilog/simulation/modelsim10.2c/adc_e2_source_codes/adc_e2_sc_adc_en_ctrl.vp C:/pango/PDS_2022.2-SP6.4/arch/vendor/pango/verilog/simulation/modelsim10.2c/adc_e2_source_codes/adc_e2_signal_sync.vp C:/pango/PDS_2022.2-SP6.4/arch/vendor/pango/verilog/simulation/modelsim10.2c/adc_e2_source_codes/adc_e2_sta_reg.vp C:/pango/PDS_2022.2-SP6.4/arch/vendor/pango/verilog/simulation/modelsim10.2c/adc_e2_source_codes/adc_e2_taylor_calt.vp 
# 
# Top level modules:
# End time: 18:48:29 on Oct 03,2026, Elapsed time: 0:00:01
# Errors: 0, Warnings: 0
# Model Technology ModelSim DE-64 vlog 10.6c Compiler 2017.07 Jul 26 2017
# Start time: 18:48:29 on Oct 03,2026
# vlog -sv -work soc_ddr3_work -mfcu -incr -suppress 2902 -f sim_file_list.f -y C:/pango/PDS_2022.2-SP6.4/arch/vendor/pango/verilog/simulation "+libext+.v" "+incdir+../../example_design/bench/mem/" 
# -- Skipping module ddr3_test_top_tb
# -- Compiling module ddr3
# -- Skipping module test_ddr
# -- Skipping module prbs15_64bit_v1_0
# -- Skipping module prbs31_128bit_v1_0
# -- Skipping module axi_bist_top_v1_0
# -- Skipping module test_main_ctrl_v1_0
# -- Skipping module test_rd_ctrl_v1_0
# -- Skipping module test_wr_ctrl_v1_0
# -- Skipping module uart_rd_lock
# -- Skipping module ips2l_clk_gen_32bit
# -- Skipping module ips2l_cmd_parser_32bit
# -- Skipping module ips2l_seu_rs232_intf
# -- Skipping module ips2l_seu_uart_rx
# -- Skipping module ips2l_seu_uart_tx
# -- Skipping module ips2l_uart_ctrl_32bit
# -- Skipping module ips2l_uart_ctrl_top_32bit
# -- Skipping module ips2l_ver_ctrl_32bit
# -- Skipping module ADC
# -- Skipping module adc_ctrl
# -- Skipping module ddr3_slice_top_v1_10
# ** Warning: ./../../ddr3.v(12): (vlog-2275) 'ddr3' already exists and will be overwritten.
# -- Skipping module ddr3_ddrphy_top
# -- Scanning library directory 'C:/pango/PDS_2022.2-SP6.4/arch/vendor/pango/verilog/simulation'
# -- Skipping module GTP_INBUFDS
# -- Skipping module GTP_CLKBUFG
# -- Skipping module GTP_ADC_E2
# -- Skipping module GTP_CLKBUFR
# -- Skipping module GTP_IOCLKDIV_E3
# -- Skipping module GTP_DDC_E2
# -- Skipping module GTP_OSERDES_E2
# -- Skipping module GTP_IODELAY_E2
# -- Skipping module GTP_OUTBUFTCO
# -- Skipping module GTP_OUTBUFT
# -- Skipping module GTP_DLL_E2
# -- Skipping module GTP_IOBUF
# -- Skipping module GTP_IOBUFCO
# -- Skipping module GTP_ISERDES_E2
# -- Skipping module GTP_GPLL
# -- Skipping module GTP_PPLL
# -- Skipping module GTP_CLKBUFM
# -- Skipping module GTP_CLKPD
# -- Scanning library directory 'C:/pango/PDS_2022.2-SP6.4/arch/vendor/pango/verilog/simulation'
# -- Compiling package ddr3_test_top_tb_v_unit
# -- Compiling module test_ddr
# -- Compiling module prbs15_64bit_v1_0
# -- Compiling module prbs31_128bit_v1_0
# -- Compiling module axi_bist_top_v1_0
# -- Compiling module test_main_ctrl_v1_0
# -- Compiling module test_rd_ctrl_v1_0
# -- Compiling module test_wr_ctrl_v1_0
# -- Compiling module uart_rd_lock
# -- Compiling module ips2l_clk_gen_32bit
# -- Compiling module ips2l_cmd_parser_32bit
# -- Compiling module ips2l_seu_rs232_intf
# -- Compiling module ips2l_seu_uart_rx
# -- Compiling module ips2l_seu_uart_tx
# -- Compiling module ips2l_uart_ctrl_32bit
# -- Compiling module ips2l_uart_ctrl_top_32bit
# -- Compiling module ips2l_ver_ctrl_32bit
# -- Compiling module ADC
# -- Compiling module adc_ctrl
# -- Compiling module ddr3_slice_top_v1_10
# ** Warning: C:/pango/PDS_2022.2-SP6.4/ip/system_ip/ips2l_hmic_s/ips2l_hmic_eval/ips2l_hmic_s/../../../../../arch/vendor/pango/verilog/simulation/modelsim10.2c/common_lib/logos2_primitive.vp(1480): (vlog-2633) '<protected>' already exists.
# ** Warning: C:/pango/PDS_2022.2-SP6.4/ip/system_ip/ips2l_hmic_s/ips2l_hmic_eval/ips2l_hmic_s/../../../../../arch/vendor/pango/verilog/simulation/modelsim10.2c/common_lib/logos2_primitive.vp(1480): (vlog-2633) '<protected>' already exists.
# ** Warning: C:/pango/PDS_2022.2-SP6.4/ip/system_ip/ips2l_hmic_s/ips2l_hmic_eval/ips2l_hmic_s/../../../../../arch/vendor/pango/verilog/simulation/modelsim10.2c/common_lib/logos2_primitive.vp(1480): (vlog-2633) '<protected>' already exists.
# ** Warning: C:/pango/PDS_2022.2-SP6.4/ip/system_ip/ips2l_hmic_s/ips2l_hmic_eval/ips2l_hmic_s/../../../../../arch/vendor/pango/verilog/simulation/modelsim10.2c/common_lib/logos2_primitive.vp(1480): (vlog-2633) '<protected>' already exists.
# ** Warning: C:/pango/PDS_2022.2-SP6.4/ip/system_ip/ips2l_hmic_s/ips2l_hmic_eval/ips2l_hmic_s/../../../../../arch/vendor/pango/verilog/simulation/modelsim10.2c/common_lib/logos2_primitive.vp(1480): (vlog-2633) '<protected>' already exists.
# ** Warning: C:/pango/PDS_2022.2-SP6.4/ip/system_ip/ips2l_hmic_s/ips2l_hmic_eval/ips2l_hmic_s/../../../../../arch/vendor/pango/verilog/simulation/modelsim10.2c/common_lib/logos2_primitive.vp(1480): (vlog-2633) '<protected>' already exists.
# -- Compiling module ddr3
# -- Compiling module ddr3_ddrphy_top
# -- Compiling module GTP_GRS
# -- Compiling module GTP_INBUFDS
# -- Compiling module GTP_CLKBUFG
# -- Compiling module GTP_ADC_E2
# -- Compiling module GTP_CLKBUFR
# -- Compiling module GTP_IOCLKDIV_E3
# -- Compiling module GTP_DDC_E2
# -- Compiling module GTP_OSERDES_E2
# -- Compiling module GTP_IODELAY_E2
# -- Compiling module GTP_OUTBUFTCO
# -- Compiling module GTP_OUTBUFT
# -- Compiling module GTP_DLL_E2
# -- Compiling module GTP_IOBUF
# -- Compiling module GTP_IOBUFCO
# -- Compiling module GTP_ISERDES_E2
# -- Compiling module GTP_GPLL
# -- Compiling module GTP_PPLL
# -- Compiling module GTP_CLKBUFM
# -- Compiling module GTP_CLKPD
# 
# Referenced (but uncompiled) modules or primitives:
# 	adc_e2_logic_top
# 	adc_e2_analog_top
# 	oserdes_e2_iolhp_ol
# 	dll_e2_ddrphy_dll_fsm_hp
# 	iserdes_e2_iolhp_il_clkgen
# 	iserdes_e2_iolhp_il_srce
# 	iserdes_e2_iolhp_il_data
# 	iserdes_e2_iolhp_il_gearctrl
# 	iserdes_e2_iolhp_il_gear
# 
# Top level modules:
# 	ddr3_test_top_tb
# End time: 18:48:31 on Oct 03,2026, Elapsed time: 0:00:02
# Errors: 0, Warnings: 7
# Model Technology ModelSim DE-64 vlog 10.6c Compiler 2017.07 Jul 26 2017
# Start time: 18:48:31 on Oct 03,2026
# vlog -sv -work soc_ddr3_work "+define+den4096Mb" "+define+x16" "+define+sg25E" "+incdir+D:/riscv/RISCV/ipcore/ddr3/example_design/bench/mem" D:/riscv/RISCV/sim/ddr_physical_model/ddr3_mem.v 
# -- Compiling module ddr3_mem
# 
# Top level modules:
# 	ddr3_mem
# End time: 18:48:31 on Oct 03,2026, Elapsed time: 0:00:00
# Errors: 0, Warnings: 0
# D:/riscv/RISCV/myriscv/alu.v D:/riscv/RISCV/myriscv/br_alu.v D:/riscv/RISCV/myriscv/l_alu.v D:/riscv/RISCV/myriscv/regfile.v D:/riscv/RISCV/myriscv/csr_file.v D:/riscv/RISCV/myriscv/mycpu_sync.v D:/riscv/RISCV/myriscv/inst_bus_interconnect.v D:/riscv/RISCV/myriscv/data_bus_interconnect.v D:/riscv/RISCV/myriscv/inst_bram_adapter.v D:/riscv/RISCV/myriscv/data_bram_adapter.v D:/riscv/RISCV/myriscv/simple_mmio.v D:/riscv/RISCV/myriscv/dual_sram_to_pango_ddr_bridge.v D:/riscv/RISCV/myriscv/soc_top.v D:/riscv/RISCV/myriscv/soc_ddr3_top.v D:/riscv/RISCV/source/tb_soc_ddr3_mem.v D:/riscv/RISCV/source/tb_soc_ddr3_top.v
# Model Technology ModelSim DE-64 vlog 10.6c Compiler 2017.07 Jul 26 2017
# Start time: 18:48:31 on Oct 03,2026
# vlog -sv -work soc_ddr3_work -mfcu -incr -suppress 2902 "+incdir+D:/riscv/RISCV/myriscv" "+incdir+../../example_design/bench/mem/" -y C:/pango/PDS_2022.2-SP6.4/arch/vendor/pango/verilog/simulation "+libext+.v" D:/riscv/RISCV/myriscv/alu.v D:/riscv/RISCV/myriscv/br_alu.v D:/riscv/RISCV/myriscv/l_alu.v D:/riscv/RISCV/myriscv/regfile.v D:/riscv/RISCV/myriscv/csr_file.v D:/riscv/RISCV/myriscv/mycpu_sync.v D:/riscv/RISCV/myriscv/inst_bus_interconnect.v D:/riscv/RISCV/myriscv/data_bus_interconnect.v D:/riscv/RISCV/myriscv/inst_bram_adapter.v D:/riscv/RISCV/myriscv/data_bram_adapter.v D:/riscv/RISCV/myriscv/simple_mmio.v D:/riscv/RISCV/myriscv/dual_sram_to_pango_ddr_bridge.v D:/riscv/RISCV/myriscv/soc_top.v D:/riscv/RISCV/myriscv/soc_ddr3_top.v D:/riscv/RISCV/source/tb_soc_ddr3_mem.v D:/riscv/RISCV/source/tb_soc_ddr3_top.v 
# -- Skipping module alu
# -- Skipping module br_alu
# -- Skipping module l_alu
# -- Skipping module regfile
# -- Skipping module csr_file
# -- Skipping module mycpu_sync
# -- Skipping module inst_bus_interconnect
# -- Skipping module data_bus_interconnect
# -- Skipping module inst_bram_adapter
# -- Skipping module data_bram_adapter
# -- Skipping module simple_mmio
# -- Skipping module dual_sram_to_pango_ddr_bridge
# -- Skipping module soc_top
# -- Skipping module soc_ddr3_top
# -- Skipping module soc_ddr3_leds
# -- Skipping module inst_rom
# -- Skipping module data_ram
# -- Skipping module tb_soc_ddr3_top
# -- Scanning library directory 'C:/pango/PDS_2022.2-SP6.4/arch/vendor/pango/verilog/simulation'
# -- Compiling module GTP_GRS
# 
# Referenced (but uncompiled) modules or primitives:
# 	ddr3
# 	ddr3_mem
# 
# Top level modules:
# 	tb_soc_ddr3_top
# End time: 18:48:31 on Oct 03,2026, Elapsed time: 0:00:00
# Errors: 0, Warnings: 0
# ** Warning: (vsim-53) Cannot suppress or change severity level of message number 1.
# vsim -suppress 3486,3680,3781 "+nowarn1" -c -sva -lib soc_ddr3_work tb_soc_ddr3_top -l soc_ddr3_sim.log 
# Start time: 18:48:31 on Oct 03,2026
# //  ModelSim DE-64 10.6c Jul 26 2017
# //
# //  Copyright 1991-2017 Mentor Graphics Corporation
# //  All Rights Reserved.
# //
# //  ModelSim DE-64 and its associated documentation contain trade
# //  secrets and commercial or financial information that are the property of
# //  Mentor Graphics Corporation and are privileged, confidential,
# //  and exempt from disclosure under the Freedom of Information Act,
# //  5 U.S.C. Section 552. Furthermore, this information
# //  is prohibited from disclosure under the Trade Secrets Act,
# //  18 U.S.C. Section 1905.
# //
# Loading sv_std.std
# Loading soc_ddr3_work.tb_soc_ddr3_top
# Loading soc_ddr3_work.GTP_GRS
# Loading soc_ddr3_work.soc_ddr3_top
# Loading soc_ddr3_work.soc_ddr3_leds
# Loading soc_ddr3_work.soc_top
# Loading soc_ddr3_work.mycpu_sync
# Loading soc_ddr3_work.regfile
# Loading soc_ddr3_work.alu
# Loading soc_ddr3_work.l_alu
# Loading soc_ddr3_work.csr_file
# Loading soc_ddr3_work.br_alu
# Loading soc_ddr3_work.inst_bus_interconnect
# Loading soc_ddr3_work.inst_bram_adapter
# Loading soc_ddr3_work.inst_rom
# Loading soc_ddr3_work.data_bus_interconnect
# Loading soc_ddr3_work.data_bram_adapter
# Loading soc_ddr3_work.data_ram
# Loading soc_ddr3_work.simple_mmio
# Loading soc_ddr3_work.ddr3_test_top_tb_v_unit
# Loading soc_ddr3_work.ddr3
# Loading soc_ddr3_work.ddr3_ddrphy_top
# Loading soc_ddr3_work.GTP_CLKBUFM
# Loading soc_ddr3_work.GTP_GPLL
# Loading soc_ddr3_work.GTP_CLKBUFG
# Loading soc_ddr3_work.GTP_CLKPD
# Loading soc_ddr3_work.ddr3_slice_top_v1_10
# Loading soc_ddr3_work.GTP_OSERDES_E2
# Loading soc_ddr3_work.GTP_IODELAY_E2
# Loading soc_ddr3_work.GTP_OUTBUFTCO
# Loading soc_ddr3_work.GTP_OUTBUFT
# Loading soc_ddr3_work.ddr3_mem
# Loading soc_ddr3_work.dual_sram_to_pango_ddr_bridge
# Loading soc_ddr3_work.GTP_CLKBUFR
# Loading soc_ddr3_work.GTP_PPLL
# Loading soc_ddr3_work.GTP_IOCLKDIV_E3
# Loading soc_ddr3_work.GTP_DDC_E2
# Loading soc_ddr3_work.GTP_DLL_E2
# Loading soc_ddr3_work.GTP_IOBUFCO
# Loading soc_ddr3_work.GTP_ISERDES_E2
# Loading soc_ddr3_work.GTP_IOBUF
# ** Warning: (vsim-3017) D:/riscv/RISCV/source/tb_soc_ddr3_top.v(36): [TFMPC] - Too few port connections. Expected 31, found 28.
#    Time: 0 fs  Iteration: 0  Instance: /tb_soc_ddr3_top/dut File: D:/riscv/RISCV/myriscv/soc_ddr3_top.v
# ** Warning: (vsim-3722) D:/riscv/RISCV/source/tb_soc_ddr3_top.v(36): [TFMPC] - Missing connection for port 'led_clk_alive'.
# ** Warning: (vsim-3722) D:/riscv/RISCV/source/tb_soc_ddr3_top.v(36): [TFMPC] - Missing connection for port 'led_ddr_ready'.
# ** Warning: (vsim-3722) D:/riscv/RISCV/source/tb_soc_ddr3_top.v(36): [TFMPC] - Missing connection for port 'led_selftest'.
# ** Warning: (vsim-3017) ./../../ddr3.v(323): [TFMPC] - Too few port connections. Expected 51, found 49.
#    Time: 0 fs  Iteration: 0  Instance: /tb_soc_ddr3_top/dut/u_ddr3/u_ips_ddrc_top File: ./../../sim_lib/mcdq_ctrl/ips2l_mcdq_wrapper_v1_2b.vp
# ** Warning: (vsim-3722) ./../../ddr3.v(323): [TFMPC] - Missing connection for port 'ddr_zqcs_req'.
# ** Warning: (vsim-3722) ./../../ddr3.v(323): [TFMPC] - Missing connection for port 'ddr_zqcs_ack'.
# ** Warning: (vsim-3015) <protected>(<protected>): [PCDPC] - Port size (<protected>) does not match connection size (<protected>) for <protected>.<protected>
#    Time: 0 fs  Iteration: 0  Protected: /tb_soc_ddr3_top/dut/u_ddr3/u_ips_ddrc_top/<protected>/<protected>/<protected> File: ./../../sim_lib/mcdq_ctrl/syn_mod/ips2l_mcdq_timing_rd_pass_v1_2.vp
# ** Warning: (vsim-3015) <protected>(<protected>): [PCDPC] - Port size (<protected>) does not match connection size (<protected>) for <protected>.<protected>
#    Time: 0 fs  Iteration: 0  Protected: /tb_soc_ddr3_top/dut/u_ddr3/u_ips_ddrc_top/<protected>/<protected>/<protected> File: ./../../sim_lib/mcdq_ctrl/syn_mod/ips2l_mcdq_timing_wr_pass_v1_2.vp
# ** Warning: (vsim-3015) <protected>(<protected>): [PCDPC] - Port size (<protected>) does not match connection size (<protected>) for <protected>.<protected>
#    Time: 0 fs  Iteration: 0  Protected: /tb_soc_ddr3_top/dut/u_ddr3/u_ips_ddrc_top/<protected>/<protected>/<protected>/<protected> File: ./../../sim_lib/mcdq_ctrl/syn_mod/ips2l_mcdq_timing_pre_pass_v1_2.vp
# ** Warning: (vsim-3015) <protected>(<protected>): [PCDPC] - Port size (<protected>) does not match connection size (<protected>) for <protected>.<protected>
#    Time: 0 fs  Iteration: 0  Protected: /tb_soc_ddr3_top/dut/u_ddr3/u_ips_ddrc_top/<protected>/<protected>/<protected>/<protected> File: ./../../sim_lib/mcdq_ctrl/syn_mod/ips2l_mcdq_timing_pre_pass_v1_2.vp
# ** Warning: (vsim-3015) <protected>(<protected>): [PCDPC] - Port size (<protected>) does not match connection size (<protected>) for <protected>.<protected>
#    Time: 0 fs  Iteration: 0  Protected: /tb_soc_ddr3_top/dut/u_ddr3/u_ips_ddrc_top/<protected>/<protected>/<protected>/<protected> File: ./../../sim_lib/mcdq_ctrl/syn_mod/ips2l_mcdq_timing_pre_pass_v1_2.vp
# ** Warning: (vsim-3015) <protected>(<protected>): [PCDPC] - Port size (<protected>) does not match connection size (<protected>) for <protected>.<protected>
#    Time: 0 fs  Iteration: 0  Protected: /tb_soc_ddr3_top/dut/u_ddr3/u_ips_ddrc_top/<protected>/<protected>/<protected>/<protected> File: ./../../sim_lib/mcdq_ctrl/syn_mod/ips2l_mcdq_timing_pre_pass_v1_2.vp
# ** Warning: (vsim-3015) <protected>(<protected>): [PCDPC] - Port size (<protected>) does not match connection size (<protected>) for <protected>.<protected>
#    Time: 0 fs  Iteration: 0  Protected: /tb_soc_ddr3_top/dut/u_ddr3/u_ips_ddrc_top/<protected>/<protected>/<protected>/<protected> File: ./../../sim_lib/mcdq_ctrl/syn_mod/ips2l_mcdq_timing_pre_pass_v1_2.vp
# ** Warning: (vsim-3015) <protected>(<protected>): [PCDPC] - Port size (<protected>) does not match connection size (<protected>) for <protected>.<protected>
#    Time: 0 fs  Iteration: 0  Protected: /tb_soc_ddr3_top/dut/u_ddr3/u_ips_ddrc_top/<protected>/<protected>/<protected>/<protected> File: ./../../sim_lib/mcdq_ctrl/syn_mod/ips2l_mcdq_timing_pre_pass_v1_2.vp
# ** Warning: (vsim-3015) <protected>(<protected>): [PCDPC] - Port size (<protected>) does not match connection size (<protected>) for <protected>.<protected>
#    Time: 0 fs  Iteration: 0  Protected: /tb_soc_ddr3_top/dut/u_ddr3/u_ips_ddrc_top/<protected>/<protected>/<protected>/<protected> File: ./../../sim_lib/mcdq_ctrl/syn_mod/ips2l_mcdq_timing_pre_pass_v1_2.vp
# ** Warning: (vsim-3015) <protected>(<protected>): [PCDPC] - Port size (<protected>) does not match connection size (<protected>) for <protected>.<protected>
#    Time: 0 fs  Iteration: 0  Protected: /tb_soc_ddr3_top/dut/u_ddr3/u_ips_ddrc_top/<protected>/<protected>/<protected>/<protected> File: ./../../sim_lib/mcdq_ctrl/syn_mod/ips2l_mcdq_timing_pre_pass_v1_2.vp
# ** Warning: (vsim-3015) <protected>(<protected>): [PCDPC] - Port size (<protected>) does not match connection size (<protected>) for <protected>.<protected>
#    Time: 0 fs  Iteration: 0  Protected: /tb_soc_ddr3_top/dut/u_ddr3/u_ips_ddrc_top/<protected>/<protected>/<protected> File: ./../../sim_lib/mcdq_ctrl/syn_mod/ips2l_mcdq_timing_pre_pass_v1_2.vp
# ** Warning: (vsim-3015) <protected>(<protected>): [PCDPC] - Port size (<protected>) does not match connection size (<protected>) for <protected>.<protected>
#    Time: 0 fs  Iteration: 0  Protected: /tb_soc_ddr3_top/dut/u_ddr3/u_ips_ddrc_top/<protected>/<protected>/<protected> File: ./../../sim_lib/mcdq_ctrl/syn_mod/ips2l_mcdq_timing_ref_pass_v1_2.vp
# ** Warning: (vsim-3015) <protected>(<protected>): [PCDPC] - Port size (<protected>) does not match connection size (<protected>) for <protected>.<protected>
#    Time: 0 fs  Iteration: 0  Protected: /tb_soc_ddr3_top/dut/u_ddr3/u_ips_ddrc_top/<protected>/<protected>/<protected> File: ./../../sim_lib/mcdq_ctrl/syn_mod/ips2l_mcdq_timing_ref_pass_v1_2.vp
# ** Warning: (vsim-3015) <protected>(<protected>): [PCDPC] - Port size (<protected>) does not match connection size (<protected>) for <protected>.<protected>
#    Time: 0 fs  Iteration: 0  Protected: /tb_soc_ddr3_top/dut/u_ddr3/u_ips_ddrc_top/<protected>/<protected>/<protected> File: ./../../sim_lib/mcdq_ctrl/syn_mod/ips2l_mcdq_timing_ref_pass_v1_2.vp
# ** Warning: (vsim-3015) <protected>(<protected>): [PCDPC] - Port size (<protected>) does not match connection size (<protected>) for <protected>.<protected>
#    Time: 0 fs  Iteration: 0  Protected: /tb_soc_ddr3_top/dut/u_ddr3/u_ips_ddrc_top/<protected>/<protected>/<protected> File: ./../../sim_lib/mcdq_ctrl/syn_mod/ips2l_mcdq_timing_act_pass_v1_2.vp
# ** Warning: (vsim-3015) <protected>(<protected>): [PCDPC] - Port size (<protected>) does not match connection size (<protected>) for <protected>.<protected>
#    Time: 0 fs  Iteration: 0  Protected: /tb_soc_ddr3_top/dut/u_ddr3/u_ips_ddrc_top/<protected>/<protected>/<protected> File: ./../../sim_lib/mcdq_ctrl/syn_mod/ips2l_mcdq_timing_act_pass_v1_2.vp
# ** Warning: (vsim-3015) <protected>(<protected>): [PCDPC] - Port size (<protected>) does not match connection size (<protected>) for <protected>.<protected>
#    Time: 0 fs  Iteration: 0  Protected: /tb_soc_ddr3_top/dut/u_ddr3/u_ips_ddrc_top/<protected>/<protected>/<protected> File: ./../../sim_lib/mcdq_ctrl/syn_mod/ips2l_mcdq_timing_act_pass_v1_2.vp
# ** Warning: (vsim-3015) C:/pango/PDS_2022.2-SP6.4/arch/vendor/pango/verilog/simulation/GTP_DDC_E2.v(393): [PCDPC] - Port size (2) does not match connection size (1) for port 'ldo_ctrl'. The port definition is at: nofile(1480).
#    Time: 0 fs  Iteration: 0  Instance: /tb_soc_ddr3_top/dut/u_ddr3/u_ddrphy_top/ddrphy_slice_top/i_dqs_group[0]/ddrphy_data_slice/<protected>/dly_chain0 File: C:/pango/PDS_2022.2-SP6.4/ip/system_ip/ips2l_hmic_s/ips2l_hmic_eval/ips2l_hmic_s/../../../../../arch/vendor/pango/verilog/simulation/modelsim10.2c/ddc_e2_source_codes/ddc_e2_dly_chain.vp
# ** Warning: (vsim-3015) C:/pango/PDS_2022.2-SP6.4/arch/vendor/pango/verilog/simulation/GTP_DDC_E2.v(394): [PCDPC] - Port size (2) does not match connection size (1) for port 'ldo_ctrl'. The port definition is at: nofile(1480).
#    Time: 0 fs  Iteration: 0  Instance: /tb_soc_ddr3_top/dut/u_ddr3/u_ddrphy_top/ddrphy_slice_top/i_dqs_group[0]/ddrphy_data_slice/<protected>/dly_chain1 File: C:/pango/PDS_2022.2-SP6.4/ip/system_ip/ips2l_hmic_s/ips2l_hmic_eval/ips2l_hmic_s/../../../../../arch/vendor/pango/verilog/simulation/modelsim10.2c/ddc_e2_source_codes/ddc_e2_dly_chain.vp
# ** Warning: (vsim-3015) C:/pango/PDS_2022.2-SP6.4/arch/vendor/pango/verilog/simulation/GTP_DDC_E2.v(395): [PCDPC] - Port size (2) does not match connection size (1) for port 'ldo_ctrl'. The port definition is at: nofile(1480).
#    Time: 0 fs  Iteration: 0  Instance: /tb_soc_ddr3_top/dut/u_ddr3/u_ddrphy_top/ddrphy_slice_top/i_dqs_group[0]/ddrphy_data_slice/<protected>/dly_chain2 File: C:/pango/PDS_2022.2-SP6.4/ip/system_ip/ips2l_hmic_s/ips2l_hmic_eval/ips2l_hmic_s/../../../../../arch/vendor/pango/verilog/simulation/modelsim10.2c/ddc_e2_source_codes/ddc_e2_dly_chain.vp
# ** Warning: (vsim-3015) C:/pango/PDS_2022.2-SP6.4/arch/vendor/pango/verilog/simulation/GTP_DDC_E2.v(397): [PCDPC] - Port size (2) does not match connection size (1) for port 'ldo_ctrl'. The port definition is at: nofile(1480).
#    Time: 0 fs  Iteration: 0  Instance: /tb_soc_ddr3_top/dut/u_ddr3/u_ddrphy_top/ddrphy_slice_top/i_dqs_group[0]/ddrphy_data_slice/<protected>/dly_chain3 File: C:/pango/PDS_2022.2-SP6.4/ip/system_ip/ips2l_hmic_s/ips2l_hmic_eval/ips2l_hmic_s/../../../../../arch/vendor/pango/verilog/simulation/modelsim10.2c/ddc_e2_source_codes/ddc_e2_dly_chain.vp
# ** Warning: (vsim-3015) C:/pango/PDS_2022.2-SP6.4/arch/vendor/pango/verilog/simulation/GTP_DDC_E2.v(739): [PCDPC] - Port size (2) does not match connection size (1) for port 'ldo_ctrl'. The port definition is at: nofile(1480).
#    Time: 0 fs  Iteration: 0  Instance: /tb_soc_ddr3_top/dut/u_ddr3/u_ddrphy_top/ddrphy_slice_top/i_dqs_group[0]/ddrphy_data_slice/<protected>/dly_chain4 File: C:/pango/PDS_2022.2-SP6.4/ip/system_ip/ips2l_hmic_s/ips2l_hmic_eval/ips2l_hmic_s/../../../../../arch/vendor/pango/verilog/simulation/modelsim10.2c/ddc_e2_source_codes/ddc_e2_dly_chain.vp
# ** Warning: (vsim-3015) C:/pango/PDS_2022.2-SP6.4/arch/vendor/pango/verilog/simulation/GTP_DDC_E2.v(740): [PCDPC] - Port size (2) does not match connection size (1) for port 'ldo_ctrl'. The port definition is at: nofile(1480).
#    Time: 0 fs  Iteration: 0  Instance: /tb_soc_ddr3_top/dut/u_ddr3/u_ddrphy_top/ddrphy_slice_top/i_dqs_group[0]/ddrphy_data_slice/<protected>/dly_chain5 File: C:/pango/PDS_2022.2-SP6.4/ip/system_ip/ips2l_hmic_s/ips2l_hmic_eval/ips2l_hmic_s/../../../../../arch/vendor/pango/verilog/simulation/modelsim10.2c/ddc_e2_source_codes/ddc_e2_dly_chain.vp
# ** Warning: (vsim-3017) <protected>(<protected>): [TFMPC] - Too few port connections. Expected <protected>, found <protected>.
#    Time: 0 fs  Iteration: 0  Protected: /tb_soc_ddr3_top/dut/u_ddr3/u_ddrphy_top/ddrphy_slice_top/i_dqs_group[0]/ddrphy_data_slice/<protected> File: C:/pango/PDS_2022.2-SP6.4/arch/vendor/pango/verilog/simulation/GTP_OSERDES_E2.v
# ** Warning: (vsim-3722) <protected>(<protected>): [TFMPC] - Missing connection for port '<protected>'.
# ** Warning: (vsim-3722) <protected>(<protected>): [TFMPC] - Missing connection for port '<protected>'.
# ** Warning: (vsim-3015) C:/pango/PDS_2022.2-SP6.4/arch/vendor/pango/verilog/simulation/GTP_OSERDES_E2.v(692): [PCDPC] - Port size (2) does not match connection size (8) for port 'ts_ctrl'. The port definition is at: nofile(1480).
#    Time: 0 fs  Iteration: 0  Instance: /tb_soc_ddr3_top/dut/u_ddr3/u_ddrphy_top/ddrphy_slice_top/i_dqs_group[0]/ddrphy_data_slice/<protected>/genblk1/xoserdes_e2_iolhr_ol File: C:/pango/PDS_2022.2-SP6.4/ip/system_ip/ips2l_hmic_s/ips2l_hmic_eval/ips2l_hmic_s/../../../../../arch/vendor/pango/verilog/simulation/modelsim10.2c/oserdes_e2_source_codes/oserdes_e2_iolhr_ol.vp
# ** Warning: (vsim-3017) <protected>(<protected>): [TFMPC] - Too few port connections. Expected <protected>, found <protected>.
#    Time: 0 fs  Iteration: 0  Protected: /tb_soc_ddr3_top/dut/u_ddr3/u_ddrphy_top/ddrphy_slice_top/i_dqs_group[0]/ddrphy_data_slice/<protected> File: C:/pango/PDS_2022.2-SP6.4/arch/vendor/pango/verilog/simulation/GTP_OSERDES_E2.v
# ** Warning: (vsim-3722) <protected>(<protected>): [TFMPC] - Missing connection for port '<protected>'.
# ** Warning: (vsim-3722) <protected>(<protected>): [TFMPC] - Missing connection for port '<protected>'.
# ** Warning: (vsim-3015) C:/pango/PDS_2022.2-SP6.4/arch/vendor/pango/verilog/simulation/GTP_OSERDES_E2.v(692): [PCDPC] - Port size (2) does not match connection size (8) for port 'ts_ctrl'. The port definition is at: nofile(1480).
#    Time: 0 fs  Iteration: 0  Instance: /tb_soc_ddr3_top/dut/u_ddr3/u_ddrphy_top/ddrphy_slice_top/i_dqs_group[0]/ddrphy_data_slice/<protected>/genblk1/xoserdes_e2_iolhr_ol File: C:/pango/PDS_2022.2-SP6.4/ip/system_ip/ips2l_hmic_s/ips2l_hmic_eval/ips2l_hmic_s/../../../../../arch/vendor/pango/verilog/simulation/modelsim10.2c/oserdes_e2_source_codes/oserdes_e2_iolhr_ol.vp
# ** Warning: (vsim-3017) <protected>(<protected>): [TFMPC] - Too few port connections. Expected <protected>, found <protected>.
#    Time: 0 fs  Iteration: 0  Protected: /tb_soc_ddr3_top/dut/u_ddr3/u_ddrphy_top/ddrphy_slice_top/i_dqs_group[0]/ddrphy_data_slice/<protected> File: C:/pango/PDS_2022.2-SP6.4/arch/vendor/pango/verilog/simulation/GTP_OSERDES_E2.v
# ** Warning: (vsim-3722) <protected>(<protected>): [TFMPC] - Missing connection for port '<protected>'.
# ** Warning: (vsim-3722) <protected>(<protected>): [TFMPC] - Missing connection for port '<protected>'.
# ** Warning: (vsim-3015) C:/pango/PDS_2022.2-SP6.4/arch/vendor/pango/verilog/simulation/GTP_OSERDES_E2.v(692): [PCDPC] - Port size (2) does not match connection size (8) for port 'ts_ctrl'. The port definition is at: nofile(1480).
#    Time: 0 fs  Iteration: 0  Instance: /tb_soc_ddr3_top/dut/u_ddr3/u_ddrphy_top/ddrphy_slice_top/i_dqs_group[0]/ddrphy_data_slice/<protected>/genblk1/xoserdes_e2_iolhr_ol File: C:/pango/PDS_2022.2-SP6.4/ip/system_ip/ips2l_hmic_s/ips2l_hmic_eval/ips2l_hmic_s/../../../../../arch/vendor/pango/verilog/simulation/modelsim10.2c/oserdes_e2_source_codes/oserdes_e2_iolhr_ol.vp
# ** Warning: (vsim-3017) <protected>(<protected>): [TFMPC] - Too few port connections. Expected <protected>, found <protected>.
#    Time: 0 fs  Iteration: 0  Protected: /tb_soc_ddr3_top/dut/u_ddr3/u_ddrphy_top/ddrphy_slice_top/i_dqs_group[0]/ddrphy_data_slice/<protected>/<protected> File: C:/pango/PDS_2022.2-SP6.4/arch/vendor/pango/verilog/simulation/GTP_OSERDES_E2.v
# ** Warning: (vsim-3722) <protected>(<protected>): [TFMPC] - Missing connection for port '<protected>'.
# ** Warning: (vsim-3722) <protected>(<protected>): [TFMPC] - Missing connection for port '<protected>'.
# ** Warning: (vsim-3015) C:/pango/PDS_2022.2-SP6.4/arch/vendor/pango/verilog/simulation/GTP_OSERDES_E2.v(692): [PCDPC] - Port size (2) does not match connection size (8) for port 'ts_ctrl'. The port definition is at: nofile(1480).
#    Time: 0 fs  Iteration: 0  Instance: /tb_soc_ddr3_top/dut/u_ddr3/u_ddrphy_top/ddrphy_slice_top/i_dqs_group[0]/ddrphy_data_slice/<protected>/<protected>/genblk1/xoserdes_e2_iolhr_ol File: C:/pango/PDS_2022.2-SP6.4/ip/system_ip/ips2l_hmic_s/ips2l_hmic_eval/ips2l_hmic_s/../../../../../arch/vendor/pango/verilog/simulation/modelsim10.2c/oserdes_e2_source_codes/oserdes_e2_iolhr_ol.vp
# ** Warning: (vsim-3017) <protected>(<protected>): [TFMPC] - Too few port connections. Expected <protected>, found <protected>.
#    Time: 0 fs  Iteration: 0  Protected: /tb_soc_ddr3_top/dut/u_ddr3/u_ddrphy_top/ddrphy_slice_top/i_dqs_group[0]/ddrphy_data_slice/<protected>/<protected> File: C:/pango/PDS_2022.2-SP6.4/arch/vendor/pango/verilog/simulation/GTP_IODELAY_E2.v
# ** Warning: (vsim-3722) <protected>(<protected>): [TFMPC] - Missing connection for port '<protected>'.
# ** Warning: (vsim-3017) <protected>(<protected>): [TFMPC] - Too few port connections. Expected <protected>, found <protected>.
#    Time: 0 fs  Iteration: 0  Protected: /tb_soc_ddr3_top/dut/u_ddr3/u_ddrphy_top/ddrphy_slice_top/i_dqs_group[0]/ddrphy_data_slice/<protected>/<protected> File: C:/pango/PDS_2022.2-SP6.4/arch/vendor/pango/verilog/simulation/GTP_OSERDES_E2.v
# ** Warning: (vsim-3722) <protected>(<protected>): [TFMPC] - Missing connection for port '<protected>'.
# ** Warning: (vsim-3722) <protected>(<protected>): [TFMPC] - Missing connection for port '<protected>'.
# ** Warning: (vsim-3015) C:/pango/PDS_2022.2-SP6.4/arch/vendor/pango/verilog/simulation/GTP_OSERDES_E2.v(692): [PCDPC] - Port size (2) does not match connection size (8) for port 'ts_ctrl'. The port definition is at: nofile(1480).
#    Time: 0 fs  Iteration: 0  Instance: /tb_soc_ddr3_top/dut/u_ddr3/u_ddrphy_top/ddrphy_slice_top/i_dqs_group[0]/ddrphy_data_slice/<protected>/<protected>/genblk1/xoserdes_e2_iolhr_ol File: C:/pango/PDS_2022.2-SP6.4/ip/system_ip/ips2l_hmic_s/ips2l_hmic_eval/ips2l_hmic_s/../../../../../arch/vendor/pango/verilog/simulation/modelsim10.2c/oserdes_e2_source_codes/oserdes_e2_iolhr_ol.vp
# ** Warning: (vsim-3017) <protected>(<protected>): [TFMPC] - Too few port connections. Expected <protected>, found <protected>.
#    Time: 0 fs  Iteration: 0  Protected: /tb_soc_ddr3_top/dut/u_ddr3/u_ddrphy_top/ddrphy_slice_top/i_dqs_group[0]/ddrphy_data_slice/<protected>/<protected> File: C:/pango/PDS_2022.2-SP6.4/arch/vendor/pango/verilog/simulation/GTP_IODELAY_E2.v
# ** Warning: (vsim-3722) <protected>(<protected>): [TFMPC] - Missing connection for port '<protected>'.
# ** Warning: (vsim-3017) <protected>(<protected>): [TFMPC] - Too few port connections. Expected <protected>, found <protected>.
#    Time: 0 fs  Iteration: 0  Protected: /tb_soc_ddr3_top/dut/u_ddr3/u_ddrphy_top/ddrphy_slice_top/i_dqs_group[0]/ddrphy_data_slice/<protected>/<protected> File: C:/pango/PDS_2022.2-SP6.4/arch/vendor/pango/verilog/simulation/GTP_OSERDES_E2.v
# ** Warning: (vsim-3722) <protected>(<protected>): [TFMPC] - Missing connection for port '<protected>'.
# ** Warning: (vsim-3722) <protected>(<protected>): [TFMPC] - Missing connection for port '<protected>'.
# ** Warning: (vsim-3015) C:/pango/PDS_2022.2-SP6.4/arch/vendor/pango/verilog/simulation/GTP_OSERDES_E2.v(692): [PCDPC] - Port size (2) does not match connection size (8) for port 'ts_ctrl'. The port definition is at: nofile(1480).
#    Time: 0 fs  Iteration: 0  Instance: /tb_soc_ddr3_top/dut/u_ddr3/u_ddrphy_top/ddrphy_slice_top/i_dqs_group[0]/ddrphy_data_slice/<protected>/<protected>/genblk1/xoserdes_e2_iolhr_ol File: C:/pango/PDS_2022.2-SP6.4/ip/system_ip/ips2l_hmic_s/ips2l_hmic_eval/ips2l_hmic_s/../../../../../arch/vendor/pango/verilog/simulation/modelsim10.2c/oserdes_e2_source_codes/oserdes_e2_iolhr_ol.vp
# ** Warning: (vsim-3017) <protected>(<protected>): [TFMPC] - Too few port connections. Expected <protected>, found <protected>.
#    Time: 0 fs  Iteration: 0  Protected: /tb_soc_ddr3_top/dut/u_ddr3/u_ddrphy_top/ddrphy_slice_top/i_dqs_group[0]/ddrphy_data_slice/<protected>/<protected> File: C:/pango/PDS_2022.2-SP6.4/arch/vendor/pango/verilog/simulation/GTP_IODELAY_E2.v
# ** Warning: (vsim-3722) <protected>(<protected>): [TFMPC] - Missing connection for port '<protected>'.
# ** Warning: (vsim-3017) <protected>(<protected>): [TFMPC] - Too few port connections. Expected <protected>, found <protected>.
#    Time: 0 fs  Iteration: 0  Protected: /tb_soc_ddr3_top/dut/u_ddr3/u_ddrphy_top/ddrphy_slice_top/i_dqs_group[0]/ddrphy_data_slice/<protected>/<protected> File: C:/pango/PDS_2022.2-SP6.4/arch/vendor/pango/verilog/simulation/GTP_OSERDES_E2.v
# ** Warning: (vsim-3722) <protected>(<protected>): [TFMPC] - Missing connection for port '<protected>'.
# ** Warning: (vsim-3722) <protected>(<protected>): [TFMPC] - Missing connection for port '<protected>'.
# ** Warning: (vsim-3015) C:/pango/PDS_2022.2-SP6.4/arch/vendor/pango/verilog/simulation/GTP_OSERDES_E2.v(692): [PCDPC] - Port size (2) does not match connection size (8) for port 'ts_ctrl'. The port definition is at: nofile(1480).
#    Time: 0 fs  Iteration: 0  Instance: /tb_soc_ddr3_top/dut/u_ddr3/u_ddrphy_top/ddrphy_slice_top/i_dqs_group[0]/ddrphy_data_slice/<protected>/<protected>/genblk1/xoserdes_e2_iolhr_ol File: C:/pango/PDS_2022.2-SP6.4/ip/system_ip/ips2l_hmic_s/ips2l_hmic_eval/ips2l_hmic_s/../../../../../arch/vendor/pango/verilog/simulation/modelsim10.2c/oserdes_e2_source_codes/oserdes_e2_iolhr_ol.vp
# ** Warning: (vsim-3017) <protected>(<protected>): [TFMPC] - Too few port connections. Expected <protected>, found <protected>.
#    Time: 0 fs  Iteration: 0  Protected: /tb_soc_ddr3_top/dut/u_ddr3/u_ddrphy_top/ddrphy_slice_top/i_dqs_group[0]/ddrphy_data_slice/<protected>/<protected> File: C:/pango/PDS_2022.2-SP6.4/arch/vendor/pango/verilog/simulation/GTP_IODELAY_E2.v
# ** Warning: (vsim-3722) <protected>(<protected>): [TFMPC] - Missing connection for port '<protected>'.
# ** Warning: (vsim-3017) <protected>(<protected>): [TFMPC] - Too few port connections. Expected <protected>, found <protected>.
#    Time: 0 fs  Iteration: 0  Protected: /tb_soc_ddr3_top/dut/u_ddr3/u_ddrphy_top/ddrphy_slice_top/i_dqs_group[0]/ddrphy_data_slice/<protected>/<protected> File: C:/pango/PDS_2022.2-SP6.4/arch/vendor/pango/verilog/simulation/GTP_OSERDES_E2.v
# ** Warning: (vsim-3722) <protected>(<protected>): [TFMPC] - Missing connection for port '<protected>'.
# ** Warning: (vsim-3722) <protected>(<protected>): [TFMPC] - Missing connection for port '<protected>'.
# ** Warning: (vsim-3015) C:/pango/PDS_2022.2-SP6.4/arch/vendor/pango/verilog/simulation/GTP_OSERDES_E2.v(692): [PCDPC] - Port size (2) does not match connection size (8) for port 'ts_ctrl'. The port definition is at: nofile(1480).
#    Time: 0 fs  Iteration: 0  Instance: /tb_soc_ddr3_top/dut/u_ddr3/u_ddrphy_top/ddrphy_slice_top/i_dqs_group[0]/ddrphy_data_slice/<protected>/<protected>/genblk1/xoserdes_e2_iolhr_ol File: C:/pango/PDS_2022.2-SP6.4/ip/system_ip/ips2l_hmic_s/ips2l_hmic_eval/ips2l_hmic_s/../../../../../arch/vendor/pango/verilog/simulation/modelsim10.2c/oserdes_e2_source_codes/oserdes_e2_iolhr_ol.vp
# ** Warning: (vsim-3017) <protected>(<protected>): [TFMPC] - Too few port connections. Expected <protected>, found <protected>.
#    Time: 0 fs  Iteration: 0  Protected: /tb_soc_ddr3_top/dut/u_ddr3/u_ddrphy_top/ddrphy_slice_top/i_dqs_group[0]/ddrphy_data_slice/<protected>/<protected> File: C:/pango/PDS_2022.2-SP6.4/arch/vendor/pango/verilog/simulation/GTP_IODELAY_E2.v
# ** Warning: (vsim-3722) <protected>(<protected>): [TFMPC] - Missing connection for port '<protected>'.
# ** Warning: (vsim-3017) <protected>(<protected>): [TFMPC] - Too few port connections. Expected <protected>, found <protected>.
#    Time: 0 fs  Iteration: 0  Protected: /tb_soc_ddr3_top/dut/u_ddr3/u_ddrphy_top/ddrphy_slice_top/i_dqs_group[0]/ddrphy_data_slice/<protected>/<protected> File: C:/pango/PDS_2022.2-SP6.4/arch/vendor/pango/verilog/simulation/GTP_OSERDES_E2.v
# ** Warning: (vsim-3722) <protected>(<protected>): [TFMPC] - Missing connection for port '<protected>'.
# ** Warning: (vsim-3722) <protected>(<protected>): [TFMPC] - Missing connection for port '<protected>'.
# ** Warning: (vsim-3015) C:/pango/PDS_2022.2-SP6.4/arch/vendor/pango/verilog/simulation/GTP_OSERDES_E2.v(692): [PCDPC] - Port size (2) does not match connection size (8) for port 'ts_ctrl'. The port definition is at: nofile(1480).
#    Time: 0 fs  Iteration: 0  Instance: /tb_soc_ddr3_top/dut/u_ddr3/u_ddrphy_top/ddrphy_slice_top/i_dqs_group[0]/ddrphy_data_slice/<protected>/<protected>/genblk1/xoserdes_e2_iolhr_ol File: C:/pango/PDS_2022.2-SP6.4/ip/system_ip/ips2l_hmic_s/ips2l_hmic_eval/ips2l_hmic_s/../../../../../arch/vendor/pango/verilog/simulation/modelsim10.2c/oserdes_e2_source_codes/oserdes_e2_iolhr_ol.vp
# ** Warning: (vsim-3017) <protected>(<protected>): [TFMPC] - Too few port connections. Expected <protected>, found <protected>.
#    Time: 0 fs  Iteration: 0  Protected: /tb_soc_ddr3_top/dut/u_ddr3/u_ddrphy_top/ddrphy_slice_top/i_dqs_group[0]/ddrphy_data_slice/<protected>/<protected> File: C:/pango/PDS_2022.2-SP6.4/arch/vendor/pango/verilog/simulation/GTP_IODELAY_E2.v
# ** Warning: (vsim-3722) <protected>(<protected>): [TFMPC] - Missing connection for port '<protected>'.
# ** Warning: (vsim-3017) <protected>(<protected>): [TFMPC] - Too few port connections. Expected <protected>, found <protected>.
#    Time: 0 fs  Iteration: 0  Protected: /tb_soc_ddr3_top/dut/u_ddr3/u_ddrphy_top/ddrphy_slice_top/i_dqs_group[0]/ddrphy_data_slice/<protected>/<protected> File: C:/pango/PDS_2022.2-SP6.4/arch/vendor/pango/verilog/simulation/GTP_OSERDES_E2.v
# ** Warning: (vsim-3722) <protected>(<protected>): [TFMPC] - Missing connection for port '<protected>'.
# ** Warning: (vsim-3722) <protected>(<protected>): [TFMPC] - Missing connection for port '<protected>'.
# ** Warning: (vsim-3015) C:/pango/PDS_2022.2-SP6.4/arch/vendor/pango/verilog/simulation/GTP_OSERDES_E2.v(692): [PCDPC] - Port size (2) does not match connection size (8) for port 'ts_ctrl'. The port definition is at: nofile(1480).
#    Time: 0 fs  Iteration: 0  Instance: /tb_soc_ddr3_top/dut/u_ddr3/u_ddrphy_top/ddrphy_slice_top/i_dqs_group[0]/ddrphy_data_slice/<protected>/<protected>/genblk1/xoserdes_e2_iolhr_ol File: C:/pango/PDS_2022.2-SP6.4/ip/system_ip/ips2l_hmic_s/ips2l_hmic_eval/ips2l_hmic_s/../../../../../arch/vendor/pango/verilog/simulation/modelsim10.2c/oserdes_e2_source_codes/oserdes_e2_iolhr_ol.vp
# ** Warning: (vsim-3017) <protected>(<protected>): [TFMPC] - Too few port connections. Expected <protected>, found <protected>.
#    Time: 0 fs  Iteration: 0  Protected: /tb_soc_ddr3_top/dut/u_ddr3/u_ddrphy_top/ddrphy_slice_top/i_dqs_group[0]/ddrphy_data_slice/<protected>/<protected> File: C:/pango/PDS_2022.2-SP6.4/arch/vendor/pango/verilog/simulation/GTP_IODELAY_E2.v
# ** Warning: (vsim-3722) <protected>(<protected>): [TFMPC] - Missing connection for port '<protected>'.
# ** Warning: (vsim-3017) <protected>(<protected>): [TFMPC] - Too few port connections. Expected <protected>, found <protected>.
#    Time: 0 fs  Iteration: 0  Protected: /tb_soc_ddr3_top/dut/u_ddr3/u_ddrphy_top/ddrphy_slice_top/i_dqs_group[0]/ddrphy_data_slice/<protected>/<protected> File: C:/pango/PDS_2022.2-SP6.4/arch/vendor/pango/verilog/simulation/GTP_OSERDES_E2.v
# ** Warning: (vsim-3722) <protected>(<protected>): [TFMPC] - Missing connection for port '<protected>'.
# ** Warning: (vsim-3722) <protected>(<protected>): [TFMPC] - Missing connection for port '<protected>'.
# ** Warning: (vsim-3015) C:/pango/PDS_2022.2-SP6.4/arch/vendor/pango/verilog/simulation/GTP_OSERDES_E2.v(692): [PCDPC] - Port size (2) does not match connection size (8) for port 'ts_ctrl'. The port definition is at: nofile(1480).
#    Time: 0 fs  Iteration: 0  Instance: /tb_soc_ddr3_top/dut/u_ddr3/u_ddrphy_top/ddrphy_slice_top/i_dqs_group[0]/ddrphy_data_slice/<protected>/<protected>/genblk1/xoserdes_e2_iolhr_ol File: C:/pango/PDS_2022.2-SP6.4/ip/system_ip/ips2l_hmic_s/ips2l_hmic_eval/ips2l_hmic_s/../../../../../arch/vendor/pango/verilog/simulation/modelsim10.2c/oserdes_e2_source_codes/oserdes_e2_iolhr_ol.vp
# ** Warning: (vsim-3017) <protected>(<protected>): [TFMPC] - Too few port connections. Expected <protected>, found <protected>.
#    Time: 0 fs  Iteration: 0  Protected: /tb_soc_ddr3_top/dut/u_ddr3/u_ddrphy_top/ddrphy_slice_top/i_dqs_group[0]/ddrphy_data_slice/<protected>/<protected> File: C:/pango/PDS_2022.2-SP6.4/arch/vendor/pango/verilog/simulation/GTP_IODELAY_E2.v
# ** Warning: (vsim-3722) <protected>(<protected>): [TFMPC] - Missing connection for port '<protected>'.
# ** Warning: (vsim-3017) <protected>(<protected>): [TFMPC] - Too few port connections. Expected <protected>, found <protected>.
#    Time: 0 fs  Iteration: 0  Protected: /tb_soc_ddr3_top/dut/u_ddr3/u_ddrphy_top/ddrphy_slice_top/i_dqs_group[0]/ddrphy_data_slice/<protected> File: C:/pango/PDS_2022.2-SP6.4/arch/vendor/pango/verilog/simulation/GTP_OSERDES_E2.v
# ** Warning: (vsim-3722) <protected>(<protected>): [TFMPC] - Missing connection for port '<protected>'.
# ** Warning: (vsim-3722) <protected>(<protected>): [TFMPC] - Missing connection for port '<protected>'.
# ** Warning: (vsim-3015) C:/pango/PDS_2022.2-SP6.4/arch/vendor/pango/verilog/simulation/GTP_OSERDES_E2.v(692): [PCDPC] - Port size (2) does not match connection size (8) for port 'ts_ctrl'. The port definition is at: nofile(1480).
#    Time: 0 fs  Iteration: 0  Instance: /tb_soc_ddr3_top/dut/u_ddr3/u_ddrphy_top/ddrphy_slice_top/i_dqs_group[0]/ddrphy_data_slice/<protected>/genblk1/xoserdes_e2_iolhr_ol File: C:/pango/PDS_2022.2-SP6.4/ip/system_ip/ips2l_hmic_s/ips2l_hmic_eval/ips2l_hmic_s/../../../../../arch/vendor/pango/verilog/simulation/modelsim10.2c/oserdes_e2_source_codes/oserdes_e2_iolhr_ol.vp
# ** Warning: (vsim-3015) C:/pango/PDS_2022.2-SP6.4/arch/vendor/pango/verilog/simulation/GTP_DDC_E2.v(393): [PCDPC] - Port size (2) does not match connection size (1) for port 'ldo_ctrl'. The port definition is at: nofile(1480).
#    Time: 0 fs  Iteration: 0  Instance: /tb_soc_ddr3_top/dut/u_ddr3/u_ddrphy_top/ddrphy_slice_top/i_dqs_group[1]/ddrphy_data_slice/<protected>/dly_chain0 File: C:/pango/PDS_2022.2-SP6.4/ip/system_ip/ips2l_hmic_s/ips2l_hmic_eval/ips2l_hmic_s/../../../../../arch/vendor/pango/verilog/simulation/modelsim10.2c/ddc_e2_source_codes/ddc_e2_dly_chain.vp
# ** Warning: (vsim-3015) C:/pango/PDS_2022.2-SP6.4/arch/vendor/pango/verilog/simulation/GTP_DDC_E2.v(394): [PCDPC] - Port size (2) does not match connection size (1) for port 'ldo_ctrl'. The port definition is at: nofile(1480).
#    Time: 0 fs  Iteration: 0  Instance: /tb_soc_ddr3_top/dut/u_ddr3/u_ddrphy_top/ddrphy_slice_top/i_dqs_group[1]/ddrphy_data_slice/<protected>/dly_chain1 File: C:/pango/PDS_2022.2-SP6.4/ip/system_ip/ips2l_hmic_s/ips2l_hmic_eval/ips2l_hmic_s/../../../../../arch/vendor/pango/verilog/simulation/modelsim10.2c/ddc_e2_source_codes/ddc_e2_dly_chain.vp
# ** Warning: (vsim-3015) C:/pango/PDS_2022.2-SP6.4/arch/vendor/pango/verilog/simulation/GTP_DDC_E2.v(395): [PCDPC] - Port size (2) does not match connection size (1) for port 'ldo_ctrl'. The port definition is at: nofile(1480).
#    Time: 0 fs  Iteration: 0  Instance: /tb_soc_ddr3_top/dut/u_ddr3/u_ddrphy_top/ddrphy_slice_top/i_dqs_group[1]/ddrphy_data_slice/<protected>/dly_chain2 File: C:/pango/PDS_2022.2-SP6.4/ip/system_ip/ips2l_hmic_s/ips2l_hmic_eval/ips2l_hmic_s/../../../../../arch/vendor/pango/verilog/simulation/modelsim10.2c/ddc_e2_source_codes/ddc_e2_dly_chain.vp
# ** Warning: (vsim-3015) C:/pango/PDS_2022.2-SP6.4/arch/vendor/pango/verilog/simulation/GTP_DDC_E2.v(397): [PCDPC] - Port size (2) does not match connection size (1) for port 'ldo_ctrl'. The port definition is at: nofile(1480).
#    Time: 0 fs  Iteration: 0  Instance: /tb_soc_ddr3_top/dut/u_ddr3/u_ddrphy_top/ddrphy_slice_top/i_dqs_group[1]/ddrphy_data_slice/<protected>/dly_chain3 File: C:/pango/PDS_2022.2-SP6.4/ip/system_ip/ips2l_hmic_s/ips2l_hmic_eval/ips2l_hmic_s/../../../../../arch/vendor/pango/verilog/simulation/modelsim10.2c/ddc_e2_source_codes/ddc_e2_dly_chain.vp
# ** Warning: (vsim-3015) C:/pango/PDS_2022.2-SP6.4/arch/vendor/pango/verilog/simulation/GTP_DDC_E2.v(739): [PCDPC] - Port size (2) does not match connection size (1) for port 'ldo_ctrl'. The port definition is at: nofile(1480).
#    Time: 0 fs  Iteration: 0  Instance: /tb_soc_ddr3_top/dut/u_ddr3/u_ddrphy_top/ddrphy_slice_top/i_dqs_group[1]/ddrphy_data_slice/<protected>/dly_chain4 File: C:/pango/PDS_2022.2-SP6.4/ip/system_ip/ips2l_hmic_s/ips2l_hmic_eval/ips2l_hmic_s/../../../../../arch/vendor/pango/verilog/simulation/modelsim10.2c/ddc_e2_source_codes/ddc_e2_dly_chain.vp
# ** Warning: (vsim-3015) C:/pango/PDS_2022.2-SP6.4/arch/vendor/pango/verilog/simulation/GTP_DDC_E2.v(740): [PCDPC] - Port size (2) does not match connection size (1) for port 'ldo_ctrl'. The port definition is at: nofile(1480).
#    Time: 0 fs  Iteration: 0  Instance: /tb_soc_ddr3_top/dut/u_ddr3/u_ddrphy_top/ddrphy_slice_top/i_dqs_group[1]/ddrphy_data_slice/<protected>/dly_chain5 File: C:/pango/PDS_2022.2-SP6.4/ip/system_ip/ips2l_hmic_s/ips2l_hmic_eval/ips2l_hmic_s/../../../../../arch/vendor/pango/verilog/simulation/modelsim10.2c/ddc_e2_source_codes/ddc_e2_dly_chain.vp
# ** Warning: (vsim-3017) <protected>(<protected>): [TFMPC] - Too few port connections. Expected <protected>, found <protected>.
#    Time: 0 fs  Iteration: 0  Protected: /tb_soc_ddr3_top/dut/u_ddr3/u_ddrphy_top/ddrphy_slice_top/i_dqs_group[1]/ddrphy_data_slice/<protected> File: C:/pango/PDS_2022.2-SP6.4/arch/vendor/pango/verilog/simulation/GTP_OSERDES_E2.v
# ** Warning: (vsim-3722) <protected>(<protected>): [TFMPC] - Missing connection for port '<protected>'.
# ** Warning: (vsim-3722) <protected>(<protected>): [TFMPC] - Missing connection for port '<protected>'.
# ** Warning: (vsim-3015) C:/pango/PDS_2022.2-SP6.4/arch/vendor/pango/verilog/simulation/GTP_OSERDES_E2.v(692): [PCDPC] - Port size (2) does not match connection size (8) for port 'ts_ctrl'. The port definition is at: nofile(1480).
#    Time: 0 fs  Iteration: 0  Instance: /tb_soc_ddr3_top/dut/u_ddr3/u_ddrphy_top/ddrphy_slice_top/i_dqs_group[1]/ddrphy_data_slice/<protected>/genblk1/xoserdes_e2_iolhr_ol File: C:/pango/PDS_2022.2-SP6.4/ip/system_ip/ips2l_hmic_s/ips2l_hmic_eval/ips2l_hmic_s/../../../../../arch/vendor/pango/verilog/simulation/modelsim10.2c/oserdes_e2_source_codes/oserdes_e2_iolhr_ol.vp
# ** Warning: (vsim-3017) <protected>(<protected>): [TFMPC] - Too few port connections. Expected <protected>, found <protected>.
#    Time: 0 fs  Iteration: 0  Protected: /tb_soc_ddr3_top/dut/u_ddr3/u_ddrphy_top/ddrphy_slice_top/i_dqs_group[1]/ddrphy_data_slice/<protected> File: C:/pango/PDS_2022.2-SP6.4/arch/vendor/pango/verilog/simulation/GTP_OSERDES_E2.v
# ** Warning: (vsim-3722) <protected>(<protected>): [TFMPC] - Missing connection for port '<protected>'.
# ** Warning: (vsim-3722) <protected>(<protected>): [TFMPC] - Missing connection for port '<protected>'.
# ** Warning: (vsim-3015) C:/pango/PDS_2022.2-SP6.4/arch/vendor/pango/verilog/simulation/GTP_OSERDES_E2.v(692): [PCDPC] - Port size (2) does not match connection size (8) for port 'ts_ctrl'. The port definition is at: nofile(1480).
#    Time: 0 fs  Iteration: 0  Instance: /tb_soc_ddr3_top/dut/u_ddr3/u_ddrphy_top/ddrphy_slice_top/i_dqs_group[1]/ddrphy_data_slice/<protected>/genblk1/xoserdes_e2_iolhr_ol File: C:/pango/PDS_2022.2-SP6.4/ip/system_ip/ips2l_hmic_s/ips2l_hmic_eval/ips2l_hmic_s/../../../../../arch/vendor/pango/verilog/simulation/modelsim10.2c/oserdes_e2_source_codes/oserdes_e2_iolhr_ol.vp
# ** Warning: (vsim-3017) <protected>(<protected>): [TFMPC] - Too few port connections. Expected <protected>, found <protected>.
#    Time: 0 fs  Iteration: 0  Protected: /tb_soc_ddr3_top/dut/u_ddr3/u_ddrphy_top/ddrphy_slice_top/i_dqs_group[1]/ddrphy_data_slice/<protected> File: C:/pango/PDS_2022.2-SP6.4/arch/vendor/pango/verilog/simulation/GTP_OSERDES_E2.v
# ** Warning: (vsim-3722) <protected>(<protected>): [TFMPC] - Missing connection for port '<protected>'.
# ** Warning: (vsim-3722) <protected>(<protected>): [TFMPC] - Missing connection for port '<protected>'.
# ** Warning: (vsim-3015) C:/pango/PDS_2022.2-SP6.4/arch/vendor/pango/verilog/simulation/GTP_OSERDES_E2.v(692): [PCDPC] - Port size (2) does not match connection size (8) for port 'ts_ctrl'. The port definition is at: nofile(1480).
#    Time: 0 fs  Iteration: 0  Instance: /tb_soc_ddr3_top/dut/u_ddr3/u_ddrphy_top/ddrphy_slice_top/i_dqs_group[1]/ddrphy_data_slice/<protected>/genblk1/xoserdes_e2_iolhr_ol File: C:/pango/PDS_2022.2-SP6.4/ip/system_ip/ips2l_hmic_s/ips2l_hmic_eval/ips2l_hmic_s/../../../../../arch/vendor/pango/verilog/simulation/modelsim10.2c/oserdes_e2_source_codes/oserdes_e2_iolhr_ol.vp
# ** Warning: (vsim-3017) <protected>(<protected>): [TFMPC] - Too few port connections. Expected <protected>, found <protected>.
#    Time: 0 fs  Iteration: 0  Protected: /tb_soc_ddr3_top/dut/u_ddr3/u_ddrphy_top/ddrphy_slice_top/i_dqs_group[1]/ddrphy_data_slice/<protected>/<protected> File: C:/pango/PDS_2022.2-SP6.4/arch/vendor/pango/verilog/simulation/GTP_OSERDES_E2.v
# ** Warning: (vsim-3722) <protected>(<protected>): [TFMPC] - Missing connection for port '<protected>'.
# ** Warning: (vsim-3722) <protected>(<protected>): [TFMPC] - Missing connection for port '<protected>'.
# ** Warning: (vsim-3015) C:/pango/PDS_2022.2-SP6.4/arch/vendor/pango/verilog/simulation/GTP_OSERDES_E2.v(692): [PCDPC] - Port size (2) does not match connection size (8) for port 'ts_ctrl'. The port definition is at: nofile(1480).
#    Time: 0 fs  Iteration: 0  Instance: /tb_soc_ddr3_top/dut/u_ddr3/u_ddrphy_top/ddrphy_slice_top/i_dqs_group[1]/ddrphy_data_slice/<protected>/<protected>/genblk1/xoserdes_e2_iolhr_ol File: C:/pango/PDS_2022.2-SP6.4/ip/system_ip/ips2l_hmic_s/ips2l_hmic_eval/ips2l_hmic_s/../../../../../arch/vendor/pango/verilog/simulation/modelsim10.2c/oserdes_e2_source_codes/oserdes_e2_iolhr_ol.vp
# ** Warning: (vsim-3017) <protected>(<protected>): [TFMPC] - Too few port connections. Expected <protected>, found <protected>.
#    Time: 0 fs  Iteration: 0  Protected: /tb_soc_ddr3_top/dut/u_ddr3/u_ddrphy_top/ddrphy_slice_top/i_dqs_group[1]/ddrphy_data_slice/<protected>/<protected> File: C:/pango/PDS_2022.2-SP6.4/arch/vendor/pango/verilog/simulation/GTP_IODELAY_E2.v
# ** Warning: (vsim-3722) <protected>(<protected>): [TFMPC] - Missing connection for port '<protected>'.
# ** Warning: (vsim-3017) <protected>(<protected>): [TFMPC] - Too few port connections. Expected <protected>, found <protected>.
#    Time: 0 fs  Iteration: 0  Protected: /tb_soc_ddr3_top/dut/u_ddr3/u_ddrphy_top/ddrphy_slice_top/i_dqs_group[1]/ddrphy_data_slice/<protected>/<protected> File: C:/pango/PDS_2022.2-SP6.4/arch/vendor/pango/verilog/simulation/GTP_OSERDES_E2.v
# ** Warning: (vsim-3722) <protected>(<protected>): [TFMPC] - Missing connection for port '<protected>'.
# ** Warning: (vsim-3722) <protected>(<protected>): [TFMPC] - Missing connection for port '<protected>'.
# ** Warning: (vsim-3015) C:/pango/PDS_2022.2-SP6.4/arch/vendor/pango/verilog/simulation/GTP_OSERDES_E2.v(692): [PCDPC] - Port size (2) does not match connection size (8) for port 'ts_ctrl'. The port definition is at: nofile(1480).
#    Time: 0 fs  Iteration: 0  Instance: /tb_soc_ddr3_top/dut/u_ddr3/u_ddrphy_top/ddrphy_slice_top/i_dqs_group[1]/ddrphy_data_slice/<protected>/<protected>/genblk1/xoserdes_e2_iolhr_ol File: C:/pango/PDS_2022.2-SP6.4/ip/system_ip/ips2l_hmic_s/ips2l_hmic_eval/ips2l_hmic_s/../../../../../arch/vendor/pango/verilog/simulation/modelsim10.2c/oserdes_e2_source_codes/oserdes_e2_iolhr_ol.vp
# ** Warning: (vsim-3017) <protected>(<protected>): [TFMPC] - Too few port connections. Expected <protected>, found <protected>.
#    Time: 0 fs  Iteration: 0  Protected: /tb_soc_ddr3_top/dut/u_ddr3/u_ddrphy_top/ddrphy_slice_top/i_dqs_group[1]/ddrphy_data_slice/<protected>/<protected> File: C:/pango/PDS_2022.2-SP6.4/arch/vendor/pango/verilog/simulation/GTP_IODELAY_E2.v
# ** Warning: (vsim-3722) <protected>(<protected>): [TFMPC] - Missing connection for port '<protected>'.
# ** Warning: (vsim-3017) <protected>(<protected>): [TFMPC] - Too few port connections. Expected <protected>, found <protected>.
#    Time: 0 fs  Iteration: 0  Protected: /tb_soc_ddr3_top/dut/u_ddr3/u_ddrphy_top/ddrphy_slice_top/i_dqs_group[1]/ddrphy_data_slice/<protected>/<protected> File: C:/pango/PDS_2022.2-SP6.4/arch/vendor/pango/verilog/simulation/GTP_OSERDES_E2.v
# ** Warning: (vsim-3722) <protected>(<protected>): [TFMPC] - Missing connection for port '<protected>'.
# ** Warning: (vsim-3722) <protected>(<protected>): [TFMPC] - Missing connection for port '<protected>'.
# ** Warning: (vsim-3015) C:/pango/PDS_2022.2-SP6.4/arch/vendor/pango/verilog/simulation/GTP_OSERDES_E2.v(692): [PCDPC] - Port size (2) does not match connection size (8) for port 'ts_ctrl'. The port definition is at: nofile(1480).
#    Time: 0 fs  Iteration: 0  Instance: /tb_soc_ddr3_top/dut/u_ddr3/u_ddrphy_top/ddrphy_slice_top/i_dqs_group[1]/ddrphy_data_slice/<protected>/<protected>/genblk1/xoserdes_e2_iolhr_ol File: C:/pango/PDS_2022.2-SP6.4/ip/system_ip/ips2l_hmic_s/ips2l_hmic_eval/ips2l_hmic_s/../../../../../arch/vendor/pango/verilog/simulation/modelsim10.2c/oserdes_e2_source_codes/oserdes_e2_iolhr_ol.vp
# ** Warning: (vsim-3017) <protected>(<protected>): [TFMPC] - Too few port connections. Expected <protected>, found <protected>.
#    Time: 0 fs  Iteration: 0  Protected: /tb_soc_ddr3_top/dut/u_ddr3/u_ddrphy_top/ddrphy_slice_top/i_dqs_group[1]/ddrphy_data_slice/<protected>/<protected> File: C:/pango/PDS_2022.2-SP6.4/arch/vendor/pango/verilog/simulation/GTP_IODELAY_E2.v
# ** Warning: (vsim-3722) <protected>(<protected>): [TFMPC] - Missing connection for port '<protected>'.
# ** Warning: (vsim-3017) <protected>(<protected>): [TFMPC] - Too few port connections. Expected <protected>, found <protected>.
#    Time: 0 fs  Iteration: 0  Protected: /tb_soc_ddr3_top/dut/u_ddr3/u_ddrphy_top/ddrphy_slice_top/i_dqs_group[1]/ddrphy_data_slice/<protected>/<protected> File: C:/pango/PDS_2022.2-SP6.4/arch/vendor/pango/verilog/simulation/GTP_OSERDES_E2.v
# ** Warning: (vsim-3722) <protected>(<protected>): [TFMPC] - Missing connection for port '<protected>'.
# ** Warning: (vsim-3722) <protected>(<protected>): [TFMPC] - Missing connection for port '<protected>'.
# ** Warning: (vsim-3015) C:/pango/PDS_2022.2-SP6.4/arch/vendor/pango/verilog/simulation/GTP_OSERDES_E2.v(692): [PCDPC] - Port size (2) does not match connection size (8) for port 'ts_ctrl'. The port definition is at: nofile(1480).
#    Time: 0 fs  Iteration: 0  Instance: /tb_soc_ddr3_top/dut/u_ddr3/u_ddrphy_top/ddrphy_slice_top/i_dqs_group[1]/ddrphy_data_slice/<protected>/<protected>/genblk1/xoserdes_e2_iolhr_ol File: C:/pango/PDS_2022.2-SP6.4/ip/system_ip/ips2l_hmic_s/ips2l_hmic_eval/ips2l_hmic_s/../../../../../arch/vendor/pango/verilog/simulation/modelsim10.2c/oserdes_e2_source_codes/oserdes_e2_iolhr_ol.vp
# ** Warning: (vsim-3017) <protected>(<protected>): [TFMPC] - Too few port connections. Expected <protected>, found <protected>.
#    Time: 0 fs  Iteration: 0  Protected: /tb_soc_ddr3_top/dut/u_ddr3/u_ddrphy_top/ddrphy_slice_top/i_dqs_group[1]/ddrphy_data_slice/<protected>/<protected> File: C:/pango/PDS_2022.2-SP6.4/arch/vendor/pango/verilog/simulation/GTP_IODELAY_E2.v
# ** Warning: (vsim-3722) <protected>(<protected>): [TFMPC] - Missing connection for port '<protected>'.
# ** Warning: (vsim-3017) <protected>(<protected>): [TFMPC] - Too few port connections. Expected <protected>, found <protected>.
#    Time: 0 fs  Iteration: 0  Protected: /tb_soc_ddr3_top/dut/u_ddr3/u_ddrphy_top/ddrphy_slice_top/i_dqs_group[1]/ddrphy_data_slice/<protected>/<protected> File: C:/pango/PDS_2022.2-SP6.4/arch/vendor/pango/verilog/simulation/GTP_OSERDES_E2.v
# ** Warning: (vsim-3722) <protected>(<protected>): [TFMPC] - Missing connection for port '<protected>'.
# ** Warning: (vsim-3722) <protected>(<protected>): [TFMPC] - Missing connection for port '<protected>'.
# ** Warning: (vsim-3015) C:/pango/PDS_2022.2-SP6.4/arch/vendor/pango/verilog/simulation/GTP_OSERDES_E2.v(692): [PCDPC] - Port size (2) does not match connection size (8) for port 'ts_ctrl'. The port definition is at: nofile(1480).
#    Time: 0 fs  Iteration: 0  Instance: /tb_soc_ddr3_top/dut/u_ddr3/u_ddrphy_top/ddrphy_slice_top/i_dqs_group[1]/ddrphy_data_slice/<protected>/<protected>/genblk1/xoserdes_e2_iolhr_ol File: C:/pango/PDS_2022.2-SP6.4/ip/system_ip/ips2l_hmic_s/ips2l_hmic_eval/ips2l_hmic_s/../../../../../arch/vendor/pango/verilog/simulation/modelsim10.2c/oserdes_e2_source_codes/oserdes_e2_iolhr_ol.vp
# ** Warning: (vsim-3017) <protected>(<protected>): [TFMPC] - Too few port connections. Expected <protected>, found <protected>.
#    Time: 0 fs  Iteration: 0  Protected: /tb_soc_ddr3_top/dut/u_ddr3/u_ddrphy_top/ddrphy_slice_top/i_dqs_group[1]/ddrphy_data_slice/<protected>/<protected> File: C:/pango/PDS_2022.2-SP6.4/arch/vendor/pango/verilog/simulation/GTP_IODELAY_E2.v
# ** Warning: (vsim-3722) <protected>(<protected>): [TFMPC] - Missing connection for port '<protected>'.
# ** Warning: (vsim-3017) <protected>(<protected>): [TFMPC] - Too few port connections. Expected <protected>, found <protected>.
#    Time: 0 fs  Iteration: 0  Protected: /tb_soc_ddr3_top/dut/u_ddr3/u_ddrphy_top/ddrphy_slice_top/i_dqs_group[1]/ddrphy_data_slice/<protected>/<protected> File: C:/pango/PDS_2022.2-SP6.4/arch/vendor/pango/verilog/simulation/GTP_OSERDES_E2.v
# ** Warning: (vsim-3722) <protected>(<protected>): [TFMPC] - Missing connection for port '<protected>'.
# ** Warning: (vsim-3722) <protected>(<protected>): [TFMPC] - Missing connection for port '<protected>'.
# ** Warning: (vsim-3015) C:/pango/PDS_2022.2-SP6.4/arch/vendor/pango/verilog/simulation/GTP_OSERDES_E2.v(692): [PCDPC] - Port size (2) does not match connection size (8) for port 'ts_ctrl'. The port definition is at: nofile(1480).
#    Time: 0 fs  Iteration: 0  Instance: /tb_soc_ddr3_top/dut/u_ddr3/u_ddrphy_top/ddrphy_slice_top/i_dqs_group[1]/ddrphy_data_slice/<protected>/<protected>/genblk1/xoserdes_e2_iolhr_ol File: C:/pango/PDS_2022.2-SP6.4/ip/system_ip/ips2l_hmic_s/ips2l_hmic_eval/ips2l_hmic_s/../../../../../arch/vendor/pango/verilog/simulation/modelsim10.2c/oserdes_e2_source_codes/oserdes_e2_iolhr_ol.vp
# ** Warning: (vsim-3017) <protected>(<protected>): [TFMPC] - Too few port connections. Expected <protected>, found <protected>.
#    Time: 0 fs  Iteration: 0  Protected: /tb_soc_ddr3_top/dut/u_ddr3/u_ddrphy_top/ddrphy_slice_top/i_dqs_group[1]/ddrphy_data_slice/<protected>/<protected> File: C:/pango/PDS_2022.2-SP6.4/arch/vendor/pango/verilog/simulation/GTP_IODELAY_E2.v
# ** Warning: (vsim-3722) <protected>(<protected>): [TFMPC] - Missing connection for port '<protected>'.
# ** Warning: (vsim-3017) <protected>(<protected>): [TFMPC] - Too few port connections. Expected <protected>, found <protected>.
#    Time: 0 fs  Iteration: 0  Protected: /tb_soc_ddr3_top/dut/u_ddr3/u_ddrphy_top/ddrphy_slice_top/i_dqs_group[1]/ddrphy_data_slice/<protected>/<protected> File: C:/pango/PDS_2022.2-SP6.4/arch/vendor/pango/verilog/simulation/GTP_OSERDES_E2.v
# ** Warning: (vsim-3722) <protected>(<protected>): [TFMPC] - Missing connection for port '<protected>'.
# ** Warning: (vsim-3722) <protected>(<protected>): [TFMPC] - Missing connection for port '<protected>'.
# ** Warning: (vsim-3015) C:/pango/PDS_2022.2-SP6.4/arch/vendor/pango/verilog/simulation/GTP_OSERDES_E2.v(692): [PCDPC] - Port size (2) does not match connection size (8) for port 'ts_ctrl'. The port definition is at: nofile(1480).
#    Time: 0 fs  Iteration: 0  Instance: /tb_soc_ddr3_top/dut/u_ddr3/u_ddrphy_top/ddrphy_slice_top/i_dqs_group[1]/ddrphy_data_slice/<protected>/<protected>/genblk1/xoserdes_e2_iolhr_ol File: C:/pango/PDS_2022.2-SP6.4/ip/system_ip/ips2l_hmic_s/ips2l_hmic_eval/ips2l_hmic_s/../../../../../arch/vendor/pango/verilog/simulation/modelsim10.2c/oserdes_e2_source_codes/oserdes_e2_iolhr_ol.vp
# ** Warning: (vsim-3017) <protected>(<protected>): [TFMPC] - Too few port connections. Expected <protected>, found <protected>.
#    Time: 0 fs  Iteration: 0  Protected: /tb_soc_ddr3_top/dut/u_ddr3/u_ddrphy_top/ddrphy_slice_top/i_dqs_group[1]/ddrphy_data_slice/<protected>/<protected> File: C:/pango/PDS_2022.2-SP6.4/arch/vendor/pango/verilog/simulation/GTP_IODELAY_E2.v
# ** Warning: (vsim-3722) <protected>(<protected>): [TFMPC] - Missing connection for port '<protected>'.
# ** Warning: (vsim-3017) <protected>(<protected>): [TFMPC] - Too few port connections. Expected <protected>, found <protected>.
#    Time: 0 fs  Iteration: 0  Protected: /tb_soc_ddr3_top/dut/u_ddr3/u_ddrphy_top/ddrphy_slice_top/i_dqs_group[1]/ddrphy_data_slice/<protected>/<protected> File: C:/pango/PDS_2022.2-SP6.4/arch/vendor/pango/verilog/simulation/GTP_OSERDES_E2.v
# ** Warning: (vsim-3722) <protected>(<protected>): [TFMPC] - Missing connection for port '<protected>'.
# ** Warning: (vsim-3722) <protected>(<protected>): [TFMPC] - Missing connection for port '<protected>'.
# ** Warning: (vsim-3015) C:/pango/PDS_2022.2-SP6.4/arch/vendor/pango/verilog/simulation/GTP_OSERDES_E2.v(692): [PCDPC] - Port size (2) does not match connection size (8) for port 'ts_ctrl'. The port definition is at: nofile(1480).
#    Time: 0 fs  Iteration: 0  Instance: /tb_soc_ddr3_top/dut/u_ddr3/u_ddrphy_top/ddrphy_slice_top/i_dqs_group[1]/ddrphy_data_slice/<protected>/<protected>/genblk1/xoserdes_e2_iolhr_ol File: C:/pango/PDS_2022.2-SP6.4/ip/system_ip/ips2l_hmic_s/ips2l_hmic_eval/ips2l_hmic_s/../../../../../arch/vendor/pango/verilog/simulation/modelsim10.2c/oserdes_e2_source_codes/oserdes_e2_iolhr_ol.vp
# ** Warning: (vsim-3017) <protected>(<protected>): [TFMPC] - Too few port connections. Expected <protected>, found <protected>.
#    Time: 0 fs  Iteration: 0  Protected: /tb_soc_ddr3_top/dut/u_ddr3/u_ddrphy_top/ddrphy_slice_top/i_dqs_group[1]/ddrphy_data_slice/<protected>/<protected> File: C:/pango/PDS_2022.2-SP6.4/arch/vendor/pango/verilog/simulation/GTP_IODELAY_E2.v
# ** Warning: (vsim-3722) <protected>(<protected>): [TFMPC] - Missing connection for port '<protected>'.
# ** Warning: (vsim-3017) <protected>(<protected>): [TFMPC] - Too few port connections. Expected <protected>, found <protected>.
#    Time: 0 fs  Iteration: 0  Protected: /tb_soc_ddr3_top/dut/u_ddr3/u_ddrphy_top/ddrphy_slice_top/i_dqs_group[1]/ddrphy_data_slice/<protected> File: C:/pango/PDS_2022.2-SP6.4/arch/vendor/pango/verilog/simulation/GTP_OSERDES_E2.v
# ** Warning: (vsim-3722) <protected>(<protected>): [TFMPC] - Missing connection for port '<protected>'.
# ** Warning: (vsim-3722) <protected>(<protected>): [TFMPC] - Missing connection for port '<protected>'.
# ** Warning: (vsim-3015) C:/pango/PDS_2022.2-SP6.4/arch/vendor/pango/verilog/simulation/GTP_OSERDES_E2.v(692): [PCDPC] - Port size (2) does not match connection size (8) for port 'ts_ctrl'. The port definition is at: nofile(1480).
#    Time: 0 fs  Iteration: 0  Instance: /tb_soc_ddr3_top/dut/u_ddr3/u_ddrphy_top/ddrphy_slice_top/i_dqs_group[1]/ddrphy_data_slice/<protected>/genblk1/xoserdes_e2_iolhr_ol File: C:/pango/PDS_2022.2-SP6.4/ip/system_ip/ips2l_hmic_s/ips2l_hmic_eval/ips2l_hmic_s/../../../../../arch/vendor/pango/verilog/simulation/modelsim10.2c/oserdes_e2_source_codes/oserdes_e2_iolhr_ol.vp
# ** Warning: (vsim-3015) C:/pango/PDS_2022.2-SP6.4/arch/vendor/pango/verilog/simulation/GTP_DDC_E2.v(393): [PCDPC] - Port size (2) does not match connection size (1) for port 'ldo_ctrl'. The port definition is at: nofile(1480).
#    Time: 0 fs  Iteration: 0  Instance: /tb_soc_ddr3_top/dut/u_ddr3/u_ddrphy_top/ddrphy_slice_top/i_ca_group[0]/u_ddc_ca/dly_chain0 File: C:/pango/PDS_2022.2-SP6.4/ip/system_ip/ips2l_hmic_s/ips2l_hmic_eval/ips2l_hmic_s/../../../../../arch/vendor/pango/verilog/simulation/modelsim10.2c/ddc_e2_source_codes/ddc_e2_dly_chain.vp
# ** Warning: (vsim-3015) C:/pango/PDS_2022.2-SP6.4/arch/vendor/pango/verilog/simulation/GTP_DDC_E2.v(394): [PCDPC] - Port size (2) does not match connection size (1) for port 'ldo_ctrl'. The port definition is at: nofile(1480).
#    Time: 0 fs  Iteration: 0  Instance: /tb_soc_ddr3_top/dut/u_ddr3/u_ddrphy_top/ddrphy_slice_top/i_ca_group[0]/u_ddc_ca/dly_chain1 File: C:/pango/PDS_2022.2-SP6.4/ip/system_ip/ips2l_hmic_s/ips2l_hmic_eval/ips2l_hmic_s/../../../../../arch/vendor/pango/verilog/simulation/modelsim10.2c/ddc_e2_source_codes/ddc_e2_dly_chain.vp
# ** Warning: (vsim-3015) C:/pango/PDS_2022.2-SP6.4/arch/vendor/pango/verilog/simulation/GTP_DDC_E2.v(395): [PCDPC] - Port size (2) does not match connection size (1) for port 'ldo_ctrl'. The port definition is at: nofile(1480).
#    Time: 0 fs  Iteration: 0  Instance: /tb_soc_ddr3_top/dut/u_ddr3/u_ddrphy_top/ddrphy_slice_top/i_ca_group[0]/u_ddc_ca/dly_chain2 File: C:/pango/PDS_2022.2-SP6.4/ip/system_ip/ips2l_hmic_s/ips2l_hmic_eval/ips2l_hmic_s/../../../../../arch/vendor/pango/verilog/simulation/modelsim10.2c/ddc_e2_source_codes/ddc_e2_dly_chain.vp
# ** Warning: (vsim-3015) C:/pango/PDS_2022.2-SP6.4/arch/vendor/pango/verilog/simulation/GTP_DDC_E2.v(397): [PCDPC] - Port size (2) does not match connection size (1) for port 'ldo_ctrl'. The port definition is at: nofile(1480).
#    Time: 0 fs  Iteration: 0  Instance: /tb_soc_ddr3_top/dut/u_ddr3/u_ddrphy_top/ddrphy_slice_top/i_ca_group[0]/u_ddc_ca/dly_chain3 File: C:/pango/PDS_2022.2-SP6.4/ip/system_ip/ips2l_hmic_s/ips2l_hmic_eval/ips2l_hmic_s/../../../../../arch/vendor/pango/verilog/simulation/modelsim10.2c/ddc_e2_source_codes/ddc_e2_dly_chain.vp
# ** Warning: (vsim-3015) C:/pango/PDS_2022.2-SP6.4/arch/vendor/pango/verilog/simulation/GTP_DDC_E2.v(739): [PCDPC] - Port size (2) does not match connection size (1) for port 'ldo_ctrl'. The port definition is at: nofile(1480).
#    Time: 0 fs  Iteration: 0  Instance: /tb_soc_ddr3_top/dut/u_ddr3/u_ddrphy_top/ddrphy_slice_top/i_ca_group[0]/u_ddc_ca/dly_chain4 File: C:/pango/PDS_2022.2-SP6.4/ip/system_ip/ips2l_hmic_s/ips2l_hmic_eval/ips2l_hmic_s/../../../../../arch/vendor/pango/verilog/simulation/modelsim10.2c/ddc_e2_source_codes/ddc_e2_dly_chain.vp
# ** Warning: (vsim-3015) C:/pango/PDS_2022.2-SP6.4/arch/vendor/pango/verilog/simulation/GTP_DDC_E2.v(740): [PCDPC] - Port size (2) does not match connection size (1) for port 'ldo_ctrl'. The port definition is at: nofile(1480).
#    Time: 0 fs  Iteration: 0  Instance: /tb_soc_ddr3_top/dut/u_ddr3/u_ddrphy_top/ddrphy_slice_top/i_ca_group[0]/u_ddc_ca/dly_chain5 File: C:/pango/PDS_2022.2-SP6.4/ip/system_ip/ips2l_hmic_s/ips2l_hmic_eval/ips2l_hmic_s/../../../../../arch/vendor/pango/verilog/simulation/modelsim10.2c/ddc_e2_source_codes/ddc_e2_dly_chain.vp
# ** Warning: (vsim-3017) ./../../sim_lib/ddrphy/ddr3_slice_top_v1_10.v(853): [TFMPC] - Too few port connections. Expected 20, found 18.
#    Time: 0 fs  Iteration: 0  Instance: /tb_soc_ddr3_top/dut/u_ddr3/u_ddrphy_top/ddrphy_slice_top/i_ca_group[0]/u_tserdes_ca0 File: C:/pango/PDS_2022.2-SP6.4/arch/vendor/pango/verilog/simulation/GTP_OSERDES_E2.v
# ** Warning: (vsim-3722) ./../../sim_lib/ddrphy/ddr3_slice_top_v1_10.v(853): [TFMPC] - Missing connection for port 'TFB'.
# ** Warning: (vsim-3722) ./../../sim_lib/ddrphy/ddr3_slice_top_v1_10.v(853): [TFMPC] - Missing connection for port 'TERM_FB'.
# ** Warning: (vsim-3015) C:/pango/PDS_2022.2-SP6.4/arch/vendor/pango/verilog/simulation/GTP_OSERDES_E2.v(692): [PCDPC] - Port size (2) does not match connection size (8) for port 'ts_ctrl'. The port definition is at: nofile(1480).
#    Time: 0 fs  Iteration: 0  Instance: /tb_soc_ddr3_top/dut/u_ddr3/u_ddrphy_top/ddrphy_slice_top/i_ca_group[0]/u_tserdes_ca0/genblk1/xoserdes_e2_iolhr_ol File: C:/pango/PDS_2022.2-SP6.4/ip/system_ip/ips2l_hmic_s/ips2l_hmic_eval/ips2l_hmic_s/../../../../../arch/vendor/pango/verilog/simulation/modelsim10.2c/oserdes_e2_source_codes/oserdes_e2_iolhr_ol.vp
# ** Warning: (vsim-3017) ./../../sim_lib/ddrphy/ddr3_slice_top_v1_10.v(895): [TFMPC] - Too few port connections. Expected 20, found 18.
#    Time: 0 fs  Iteration: 0  Instance: /tb_soc_ddr3_top/dut/u_ddr3/u_ddrphy_top/ddrphy_slice_top/i_ca_group[0]/u_tserdes_ca1 File: C:/pango/PDS_2022.2-SP6.4/arch/vendor/pango/verilog/simulation/GTP_OSERDES_E2.v
# ** Warning: (vsim-3722) ./../../sim_lib/ddrphy/ddr3_slice_top_v1_10.v(895): [TFMPC] - Missing connection for port 'TFB'.
# ** Warning: (vsim-3722) ./../../sim_lib/ddrphy/ddr3_slice_top_v1_10.v(895): [TFMPC] - Missing connection for port 'TERM_FB'.
# ** Warning: (vsim-3015) C:/pango/PDS_2022.2-SP6.4/arch/vendor/pango/verilog/simulation/GTP_OSERDES_E2.v(692): [PCDPC] - Port size (2) does not match connection size (8) for port 'ts_ctrl'. The port definition is at: nofile(1480).
#    Time: 0 fs  Iteration: 0  Instance: /tb_soc_ddr3_top/dut/u_ddr3/u_ddrphy_top/ddrphy_slice_top/i_ca_group[0]/u_tserdes_ca1/genblk1/xoserdes_e2_iolhr_ol File: C:/pango/PDS_2022.2-SP6.4/ip/system_ip/ips2l_hmic_s/ips2l_hmic_eval/ips2l_hmic_s/../../../../../arch/vendor/pango/verilog/simulation/modelsim10.2c/oserdes_e2_source_codes/oserdes_e2_iolhr_ol.vp
# ** Warning: (vsim-3015) C:/pango/PDS_2022.2-SP6.4/arch/vendor/pango/verilog/simulation/GTP_DDC_E2.v(393): [PCDPC] - Port size (2) does not match connection size (1) for port 'ldo_ctrl'. The port definition is at: nofile(1480).
#    Time: 0 fs  Iteration: 0  Instance: /tb_soc_ddr3_top/dut/u_ddr3/u_ddrphy_top/ddrphy_slice_top/i_ca_group[1]/u_ddc_ca/dly_chain0 File: C:/pango/PDS_2022.2-SP6.4/ip/system_ip/ips2l_hmic_s/ips2l_hmic_eval/ips2l_hmic_s/../../../../../arch/vendor/pango/verilog/simulation/modelsim10.2c/ddc_e2_source_codes/ddc_e2_dly_chain.vp
# ** Warning: (vsim-3015) C:/pango/PDS_2022.2-SP6.4/arch/vendor/pango/verilog/simulation/GTP_DDC_E2.v(394): [PCDPC] - Port size (2) does not match connection size (1) for port 'ldo_ctrl'. The port definition is at: nofile(1480).
#    Time: 0 fs  Iteration: 0  Instance: /tb_soc_ddr3_top/dut/u_ddr3/u_ddrphy_top/ddrphy_slice_top/i_ca_group[1]/u_ddc_ca/dly_chain1 File: C:/pango/PDS_2022.2-SP6.4/ip/system_ip/ips2l_hmic_s/ips2l_hmic_eval/ips2l_hmic_s/../../../../../arch/vendor/pango/verilog/simulation/modelsim10.2c/ddc_e2_source_codes/ddc_e2_dly_chain.vp
# ** Warning: (vsim-3015) C:/pango/PDS_2022.2-SP6.4/arch/vendor/pango/verilog/simulation/GTP_DDC_E2.v(395): [PCDPC] - Port size (2) does not match connection size (1) for port 'ldo_ctrl'. The port definition is at: nofile(1480).
#    Time: 0 fs  Iteration: 0  Instance: /tb_soc_ddr3_top/dut/u_ddr3/u_ddrphy_top/ddrphy_slice_top/i_ca_group[1]/u_ddc_ca/dly_chain2 File: C:/pango/PDS_2022.2-SP6.4/ip/system_ip/ips2l_hmic_s/ips2l_hmic_eval/ips2l_hmic_s/../../../../../arch/vendor/pango/verilog/simulation/modelsim10.2c/ddc_e2_source_codes/ddc_e2_dly_chain.vp
# ** Warning: (vsim-3015) C:/pango/PDS_2022.2-SP6.4/arch/vendor/pango/verilog/simulation/GTP_DDC_E2.v(397): [PCDPC] - Port size (2) does not match connection size (1) for port 'ldo_ctrl'. The port definition is at: nofile(1480).
#    Time: 0 fs  Iteration: 0  Instance: /tb_soc_ddr3_top/dut/u_ddr3/u_ddrphy_top/ddrphy_slice_top/i_ca_group[1]/u_ddc_ca/dly_chain3 File: C:/pango/PDS_2022.2-SP6.4/ip/system_ip/ips2l_hmic_s/ips2l_hmic_eval/ips2l_hmic_s/../../../../../arch/vendor/pango/verilog/simulation/modelsim10.2c/ddc_e2_source_codes/ddc_e2_dly_chain.vp
# ** Warning: (vsim-3015) C:/pango/PDS_2022.2-SP6.4/arch/vendor/pango/verilog/simulation/GTP_DDC_E2.v(739): [PCDPC] - Port size (2) does not match connection size (1) for port 'ldo_ctrl'. The port definition is at: nofile(1480).
#    Time: 0 fs  Iteration: 0  Instance: /tb_soc_ddr3_top/dut/u_ddr3/u_ddrphy_top/ddrphy_slice_top/i_ca_group[1]/u_ddc_ca/dly_chain4 File: C:/pango/PDS_2022.2-SP6.4/ip/system_ip/ips2l_hmic_s/ips2l_hmic_eval/ips2l_hmic_s/../../../../../arch/vendor/pango/verilog/simulation/modelsim10.2c/ddc_e2_source_codes/ddc_e2_dly_chain.vp
# ** Warning: (vsim-3015) C:/pango/PDS_2022.2-SP6.4/arch/vendor/pango/verilog/simulation/GTP_DDC_E2.v(740): [PCDPC] - Port size (2) does not match connection size (1) for port 'ldo_ctrl'. The port definition is at: nofile(1480).
#    Time: 0 fs  Iteration: 0  Instance: /tb_soc_ddr3_top/dut/u_ddr3/u_ddrphy_top/ddrphy_slice_top/i_ca_group[1]/u_ddc_ca/dly_chain5 File: C:/pango/PDS_2022.2-SP6.4/ip/system_ip/ips2l_hmic_s/ips2l_hmic_eval/ips2l_hmic_s/../../../../../arch/vendor/pango/verilog/simulation/modelsim10.2c/ddc_e2_source_codes/ddc_e2_dly_chain.vp
# ** Warning: (vsim-3017) ./../../sim_lib/ddrphy/ddr3_slice_top_v1_10.v(853): [TFMPC] - Too few port connections. Expected 20, found 18.
#    Time: 0 fs  Iteration: 0  Instance: /tb_soc_ddr3_top/dut/u_ddr3/u_ddrphy_top/ddrphy_slice_top/i_ca_group[1]/u_tserdes_ca0 File: C:/pango/PDS_2022.2-SP6.4/arch/vendor/pango/verilog/simulation/GTP_OSERDES_E2.v
# ** Warning: (vsim-3722) ./../../sim_lib/ddrphy/ddr3_slice_top_v1_10.v(853): [TFMPC] - Missing connection for port 'TFB'.
# ** Warning: (vsim-3722) ./../../sim_lib/ddrphy/ddr3_slice_top_v1_10.v(853): [TFMPC] - Missing connection for port 'TERM_FB'.
# ** Warning: (vsim-3015) C:/pango/PDS_2022.2-SP6.4/arch/vendor/pango/verilog/simulation/GTP_OSERDES_E2.v(692): [PCDPC] - Port size (2) does not match connection size (8) for port 'ts_ctrl'. The port definition is at: nofile(1480).
#    Time: 0 fs  Iteration: 0  Instance: /tb_soc_ddr3_top/dut/u_ddr3/u_ddrphy_top/ddrphy_slice_top/i_ca_group[1]/u_tserdes_ca0/genblk1/xoserdes_e2_iolhr_ol File: C:/pango/PDS_2022.2-SP6.4/ip/system_ip/ips2l_hmic_s/ips2l_hmic_eval/ips2l_hmic_s/../../../../../arch/vendor/pango/verilog/simulation/modelsim10.2c/oserdes_e2_source_codes/oserdes_e2_iolhr_ol.vp
# ** Warning: (vsim-3017) ./../../sim_lib/ddrphy/ddr3_slice_top_v1_10.v(895): [TFMPC] - Too few port connections. Expected 20, found 18.
#    Time: 0 fs  Iteration: 0  Instance: /tb_soc_ddr3_top/dut/u_ddr3/u_ddrphy_top/ddrphy_slice_top/i_ca_group[1]/u_tserdes_ca1 File: C:/pango/PDS_2022.2-SP6.4/arch/vendor/pango/verilog/simulation/GTP_OSERDES_E2.v
# ** Warning: (vsim-3722) ./../../sim_lib/ddrphy/ddr3_slice_top_v1_10.v(895): [TFMPC] - Missing connection for port 'TFB'.
# ** Warning: (vsim-3722) ./../../sim_lib/ddrphy/ddr3_slice_top_v1_10.v(895): [TFMPC] - Missing connection for port 'TERM_FB'.
# ** Warning: (vsim-3015) C:/pango/PDS_2022.2-SP6.4/arch/vendor/pango/verilog/simulation/GTP_OSERDES_E2.v(692): [PCDPC] - Port size (2) does not match connection size (8) for port 'ts_ctrl'. The port definition is at: nofile(1480).
#    Time: 0 fs  Iteration: 0  Instance: /tb_soc_ddr3_top/dut/u_ddr3/u_ddrphy_top/ddrphy_slice_top/i_ca_group[1]/u_tserdes_ca1/genblk1/xoserdes_e2_iolhr_ol File: C:/pango/PDS_2022.2-SP6.4/ip/system_ip/ips2l_hmic_s/ips2l_hmic_eval/ips2l_hmic_s/../../../../../arch/vendor/pango/verilog/simulation/modelsim10.2c/oserdes_e2_source_codes/oserdes_e2_iolhr_ol.vp
# ** Warning: (vsim-3015) C:/pango/PDS_2022.2-SP6.4/arch/vendor/pango/verilog/simulation/GTP_DDC_E2.v(393): [PCDPC] - Port size (2) does not match connection size (1) for port 'ldo_ctrl'. The port definition is at: nofile(1480).
#    Time: 0 fs  Iteration: 0  Instance: /tb_soc_ddr3_top/dut/u_ddr3/u_ddrphy_top/ddrphy_slice_top/i_ca_group[2]/u_ddc_ca/dly_chain0 File: C:/pango/PDS_2022.2-SP6.4/ip/system_ip/ips2l_hmic_s/ips2l_hmic_eval/ips2l_hmic_s/../../../../../arch/vendor/pango/verilog/simulation/modelsim10.2c/ddc_e2_source_codes/ddc_e2_dly_chain.vp
# ** Warning: (vsim-3015) C:/pango/PDS_2022.2-SP6.4/arch/vendor/pango/verilog/simulation/GTP_DDC_E2.v(394): [PCDPC] - Port size (2) does not match connection size (1) for port 'ldo_ctrl'. The port definition is at: nofile(1480).
#    Time: 0 fs  Iteration: 0  Instance: /tb_soc_ddr3_top/dut/u_ddr3/u_ddrphy_top/ddrphy_slice_top/i_ca_group[2]/u_ddc_ca/dly_chain1 File: C:/pango/PDS_2022.2-SP6.4/ip/system_ip/ips2l_hmic_s/ips2l_hmic_eval/ips2l_hmic_s/../../../../../arch/vendor/pango/verilog/simulation/modelsim10.2c/ddc_e2_source_codes/ddc_e2_dly_chain.vp
# ** Warning: (vsim-3015) C:/pango/PDS_2022.2-SP6.4/arch/vendor/pango/verilog/simulation/GTP_DDC_E2.v(395): [PCDPC] - Port size (2) does not match connection size (1) for port 'ldo_ctrl'. The port definition is at: nofile(1480).
#    Time: 0 fs  Iteration: 0  Instance: /tb_soc_ddr3_top/dut/u_ddr3/u_ddrphy_top/ddrphy_slice_top/i_ca_group[2]/u_ddc_ca/dly_chain2 File: C:/pango/PDS_2022.2-SP6.4/ip/system_ip/ips2l_hmic_s/ips2l_hmic_eval/ips2l_hmic_s/../../../../../arch/vendor/pango/verilog/simulation/modelsim10.2c/ddc_e2_source_codes/ddc_e2_dly_chain.vp
# ** Warning: (vsim-3015) C:/pango/PDS_2022.2-SP6.4/arch/vendor/pango/verilog/simulation/GTP_DDC_E2.v(397): [PCDPC] - Port size (2) does not match connection size (1) for port 'ldo_ctrl'. The port definition is at: nofile(1480).
#    Time: 0 fs  Iteration: 0  Instance: /tb_soc_ddr3_top/dut/u_ddr3/u_ddrphy_top/ddrphy_slice_top/i_ca_group[2]/u_ddc_ca/dly_chain3 File: C:/pango/PDS_2022.2-SP6.4/ip/system_ip/ips2l_hmic_s/ips2l_hmic_eval/ips2l_hmic_s/../../../../../arch/vendor/pango/verilog/simulation/modelsim10.2c/ddc_e2_source_codes/ddc_e2_dly_chain.vp
# ** Warning: (vsim-3015) C:/pango/PDS_2022.2-SP6.4/arch/vendor/pango/verilog/simulation/GTP_DDC_E2.v(739): [PCDPC] - Port size (2) does not match connection size (1) for port 'ldo_ctrl'. The port definition is at: nofile(1480).
#    Time: 0 fs  Iteration: 0  Instance: /tb_soc_ddr3_top/dut/u_ddr3/u_ddrphy_top/ddrphy_slice_top/i_ca_group[2]/u_ddc_ca/dly_chain4 File: C:/pango/PDS_2022.2-SP6.4/ip/system_ip/ips2l_hmic_s/ips2l_hmic_eval/ips2l_hmic_s/../../../../../arch/vendor/pango/verilog/simulation/modelsim10.2c/ddc_e2_source_codes/ddc_e2_dly_chain.vp
# ** Warning: (vsim-3015) C:/pango/PDS_2022.2-SP6.4/arch/vendor/pango/verilog/simulation/GTP_DDC_E2.v(740): [PCDPC] - Port size (2) does not match connection size (1) for port 'ldo_ctrl'. The port definition is at: nofile(1480).
#    Time: 0 fs  Iteration: 0  Instance: /tb_soc_ddr3_top/dut/u_ddr3/u_ddrphy_top/ddrphy_slice_top/i_ca_group[2]/u_ddc_ca/dly_chain5 File: C:/pango/PDS_2022.2-SP6.4/ip/system_ip/ips2l_hmic_s/ips2l_hmic_eval/ips2l_hmic_s/../../../../../arch/vendor/pango/verilog/simulation/modelsim10.2c/ddc_e2_source_codes/ddc_e2_dly_chain.vp
# ** Warning: (vsim-3017) ./../../sim_lib/ddrphy/ddr3_slice_top_v1_10.v(853): [TFMPC] - Too few port connections. Expected 20, found 18.
#    Time: 0 fs  Iteration: 0  Instance: /tb_soc_ddr3_top/dut/u_ddr3/u_ddrphy_top/ddrphy_slice_top/i_ca_group[2]/u_tserdes_ca0 File: C:/pango/PDS_2022.2-SP6.4/arch/vendor/pango/verilog/simulation/GTP_OSERDES_E2.v
# ** Warning: (vsim-3722) ./../../sim_lib/ddrphy/ddr3_slice_top_v1_10.v(853): [TFMPC] - Missing connection for port 'TFB'.
# ** Warning: (vsim-3722) ./../../sim_lib/ddrphy/ddr3_slice_top_v1_10.v(853): [TFMPC] - Missing connection for port 'TERM_FB'.
# ** Warning: (vsim-3015) C:/pango/PDS_2022.2-SP6.4/arch/vendor/pango/verilog/simulation/GTP_OSERDES_E2.v(692): [PCDPC] - Port size (2) does not match connection size (8) for port 'ts_ctrl'. The port definition is at: nofile(1480).
#    Time: 0 fs  Iteration: 0  Instance: /tb_soc_ddr3_top/dut/u_ddr3/u_ddrphy_top/ddrphy_slice_top/i_ca_group[2]/u_tserdes_ca0/genblk1/xoserdes_e2_iolhr_ol File: C:/pango/PDS_2022.2-SP6.4/ip/system_ip/ips2l_hmic_s/ips2l_hmic_eval/ips2l_hmic_s/../../../../../arch/vendor/pango/verilog/simulation/modelsim10.2c/oserdes_e2_source_codes/oserdes_e2_iolhr_ol.vp
# ** Warning: (vsim-3017) ./../../sim_lib/ddrphy/ddr3_slice_top_v1_10.v(895): [TFMPC] - Too few port connections. Expected 20, found 18.
#    Time: 0 fs  Iteration: 0  Instance: /tb_soc_ddr3_top/dut/u_ddr3/u_ddrphy_top/ddrphy_slice_top/i_ca_group[2]/u_tserdes_ca1 File: C:/pango/PDS_2022.2-SP6.4/arch/vendor/pango/verilog/simulation/GTP_OSERDES_E2.v
# ** Warning: (vsim-3722) ./../../sim_lib/ddrphy/ddr3_slice_top_v1_10.v(895): [TFMPC] - Missing connection for port 'TFB'.
# ** Warning: (vsim-3722) ./../../sim_lib/ddrphy/ddr3_slice_top_v1_10.v(895): [TFMPC] - Missing connection for port 'TERM_FB'.
# ** Warning: (vsim-3015) C:/pango/PDS_2022.2-SP6.4/arch/vendor/pango/verilog/simulation/GTP_OSERDES_E2.v(692): [PCDPC] - Port size (2) does not match connection size (8) for port 'ts_ctrl'. The port definition is at: nofile(1480).
#    Time: 0 fs  Iteration: 0  Instance: /tb_soc_ddr3_top/dut/u_ddr3/u_ddrphy_top/ddrphy_slice_top/i_ca_group[2]/u_tserdes_ca1/genblk1/xoserdes_e2_iolhr_ol File: C:/pango/PDS_2022.2-SP6.4/ip/system_ip/ips2l_hmic_s/ips2l_hmic_eval/ips2l_hmic_s/../../../../../arch/vendor/pango/verilog/simulation/modelsim10.2c/oserdes_e2_source_codes/oserdes_e2_iolhr_ol.vp
# ** Warning: (vsim-3017) ./../../sim_lib/ddrphy/ddr3_slice_top_v1_10.v(940): [TFMPC] - Too few port connections. Expected 20, found 18.
#    Time: 0 fs  Iteration: 0  Instance: /tb_soc_ddr3_top/dut/u_ddr3/u_ddrphy_top/ddrphy_slice_top/u_oserdes_ck File: C:/pango/PDS_2022.2-SP6.4/arch/vendor/pango/verilog/simulation/GTP_OSERDES_E2.v
# ** Warning: (vsim-3722) ./../../sim_lib/ddrphy/ddr3_slice_top_v1_10.v(940): [TFMPC] - Missing connection for port 'TFB'.
# ** Warning: (vsim-3722) ./../../sim_lib/ddrphy/ddr3_slice_top_v1_10.v(940): [TFMPC] - Missing connection for port 'TERM_FB'.
# ** Warning: (vsim-3015) C:/pango/PDS_2022.2-SP6.4/arch/vendor/pango/verilog/simulation/GTP_OSERDES_E2.v(692): [PCDPC] - Port size (2) does not match connection size (8) for port 'ts_ctrl'. The port definition is at: nofile(1480).
#    Time: 0 fs  Iteration: 0  Instance: /tb_soc_ddr3_top/dut/u_ddr3/u_ddrphy_top/ddrphy_slice_top/u_oserdes_ck/genblk1/xoserdes_e2_iolhr_ol File: C:/pango/PDS_2022.2-SP6.4/ip/system_ip/ips2l_hmic_s/ips2l_hmic_eval/ips2l_hmic_s/../../../../../arch/vendor/pango/verilog/simulation/modelsim10.2c/oserdes_e2_source_codes/oserdes_e2_iolhr_ol.vp
# ** Warning: (vsim-3017) ./../../sim_lib/ddrphy/ddr3_slice_top_v1_10.v(975): [TFMPC] - Too few port connections. Expected 5, found 4.
#    Time: 0 fs  Iteration: 0  Instance: /tb_soc_ddr3_top/dut/u_ddr3/u_ddrphy_top/ddrphy_slice_top/u_iodelay_dq File: C:/pango/PDS_2022.2-SP6.4/arch/vendor/pango/verilog/simulation/GTP_IODELAY_E2.v
# ** Warning: (vsim-3722) ./../../sim_lib/ddrphy/ddr3_slice_top_v1_10.v(975): [TFMPC] - Missing connection for port 'EN_N'.
# ** Warning: (vsim-3017) ./../../sim_lib/ddrphy/ddr3_slice_top_v1_10.v(1012): [TFMPC] - Too few port connections. Expected 20, found 18.
#    Time: 0 fs  Iteration: 0  Instance: /tb_soc_ddr3_top/dut/u_ddr3/u_ddrphy_top/ddrphy_slice_top/u_oserdes_odt File: C:/pango/PDS_2022.2-SP6.4/arch/vendor/pango/verilog/simulation/GTP_OSERDES_E2.v
# ** Warning: (vsim-3722) ./../../sim_lib/ddrphy/ddr3_slice_top_v1_10.v(1012): [TFMPC] - Missing connection for port 'TFB'.
# ** Warning: (vsim-3722) ./../../sim_lib/ddrphy/ddr3_slice_top_v1_10.v(1012): [TFMPC] - Missing connection for port 'TERM_FB'.
# ** Warning: (vsim-3015) C:/pango/PDS_2022.2-SP6.4/arch/vendor/pango/verilog/simulation/GTP_OSERDES_E2.v(692): [PCDPC] - Port size (2) does not match connection size (8) for port 'ts_ctrl'. The port definition is at: nofile(1480).
#    Time: 0 fs  Iteration: 0  Instance: /tb_soc_ddr3_top/dut/u_ddr3/u_ddrphy_top/ddrphy_slice_top/u_oserdes_odt/genblk1/xoserdes_e2_iolhr_ol File: C:/pango/PDS_2022.2-SP6.4/ip/system_ip/ips2l_hmic_s/ips2l_hmic_eval/ips2l_hmic_s/../../../../../arch/vendor/pango/verilog/simulation/modelsim10.2c/oserdes_e2_source_codes/oserdes_e2_iolhr_ol.vp
# ** Warning: (vsim-3017) ./../../sim_lib/ddrphy/ddr3_slice_top_v1_10.v(1036): [TFMPC] - Too few port connections. Expected 5, found 4.
#    Time: 0 fs  Iteration: 0  Instance: /tb_soc_ddr3_top/dut/u_ddr3/u_ddrphy_top/ddrphy_slice_top/u_odelay_odt File: C:/pango/PDS_2022.2-SP6.4/arch/vendor/pango/verilog/simulation/GTP_IODELAY_E2.v
# ** Warning: (vsim-3722) ./../../sim_lib/ddrphy/ddr3_slice_top_v1_10.v(1036): [TFMPC] - Missing connection for port 'EN_N'.
# ** Warning: (vsim-3017) ./../../sim_lib/ddrphy/ddr3_slice_top_v1_10.v(1071): [TFMPC] - Too few port connections. Expected 20, found 18.
#    Time: 0 fs  Iteration: 0  Instance: /tb_soc_ddr3_top/dut/u_ddr3/u_ddrphy_top/ddrphy_slice_top/u_oserdes_csn File: C:/pango/PDS_2022.2-SP6.4/arch/vendor/pango/verilog/simulation/GTP_OSERDES_E2.v
# ** Warning: (vsim-3722) ./../../sim_lib/ddrphy/ddr3_slice_top_v1_10.v(1071): [TFMPC] - Missing connection for port 'TFB'.
# ** Warning: (vsim-3722) ./../../sim_lib/ddrphy/ddr3_slice_top_v1_10.v(1071): [TFMPC] - Missing connection for port 'TERM_FB'.
# ** Warning: (vsim-3015) C:/pango/PDS_2022.2-SP6.4/arch/vendor/pango/verilog/simulation/GTP_OSERDES_E2.v(692): [PCDPC] - Port size (2) does not match connection size (8) for port 'ts_ctrl'. The port definition is at: nofile(1480).
#    Time: 0 fs  Iteration: 0  Instance: /tb_soc_ddr3_top/dut/u_ddr3/u_ddrphy_top/ddrphy_slice_top/u_oserdes_csn/genblk1/xoserdes_e2_iolhr_ol File: C:/pango/PDS_2022.2-SP6.4/ip/system_ip/ips2l_hmic_s/ips2l_hmic_eval/ips2l_hmic_s/../../../../../arch/vendor/pango/verilog/simulation/modelsim10.2c/oserdes_e2_source_codes/oserdes_e2_iolhr_ol.vp
# ** Warning: (vsim-3017) ./../../sim_lib/ddrphy/ddr3_slice_top_v1_10.v(1095): [TFMPC] - Too few port connections. Expected 5, found 4.
#    Time: 0 fs  Iteration: 0  Instance: /tb_soc_ddr3_top/dut/u_ddr3/u_ddrphy_top/ddrphy_slice_top/u_odelay_csn File: C:/pango/PDS_2022.2-SP6.4/arch/vendor/pango/verilog/simulation/GTP_IODELAY_E2.v
# ** Warning: (vsim-3722) ./../../sim_lib/ddrphy/ddr3_slice_top_v1_10.v(1095): [TFMPC] - Missing connection for port 'EN_N'.
# ** Warning: (vsim-3017) ./../../sim_lib/ddrphy/ddr3_slice_top_v1_10.v(1130): [TFMPC] - Too few port connections. Expected 20, found 18.
#    Time: 0 fs  Iteration: 0  Instance: /tb_soc_ddr3_top/dut/u_ddr3/u_ddrphy_top/ddrphy_slice_top/u_oserdes_rasn File: C:/pango/PDS_2022.2-SP6.4/arch/vendor/pango/verilog/simulation/GTP_OSERDES_E2.v
# ** Warning: (vsim-3722) ./../../sim_lib/ddrphy/ddr3_slice_top_v1_10.v(1130): [TFMPC] - Missing connection for port 'TFB'.
# ** Warning: (vsim-3722) ./../../sim_lib/ddrphy/ddr3_slice_top_v1_10.v(1130): [TFMPC] - Missing connection for port 'TERM_FB'.
# ** Warning: (vsim-3015) C:/pango/PDS_2022.2-SP6.4/arch/vendor/pango/verilog/simulation/GTP_OSERDES_E2.v(692): [PCDPC] - Port size (2) does not match connection size (8) for port 'ts_ctrl'. The port definition is at: nofile(1480).
#    Time: 0 fs  Iteration: 0  Instance: /tb_soc_ddr3_top/dut/u_ddr3/u_ddrphy_top/ddrphy_slice_top/u_oserdes_rasn/genblk1/xoserdes_e2_iolhr_ol File: C:/pango/PDS_2022.2-SP6.4/ip/system_ip/ips2l_hmic_s/ips2l_hmic_eval/ips2l_hmic_s/../../../../../arch/vendor/pango/verilog/simulation/modelsim10.2c/oserdes_e2_source_codes/oserdes_e2_iolhr_ol.vp
# ** Warning: (vsim-3017) ./../../sim_lib/ddrphy/ddr3_slice_top_v1_10.v(1154): [TFMPC] - Too few port connections. Expected 5, found 4.
#    Time: 0 fs  Iteration: 0  Instance: /tb_soc_ddr3_top/dut/u_ddr3/u_ddrphy_top/ddrphy_slice_top/u_odelay_rasn File: C:/pango/PDS_2022.2-SP6.4/arch/vendor/pango/verilog/simulation/GTP_IODELAY_E2.v
# ** Warning: (vsim-3722) ./../../sim_lib/ddrphy/ddr3_slice_top_v1_10.v(1154): [TFMPC] - Missing connection for port 'EN_N'.
# ** Warning: (vsim-3017) ./../../sim_lib/ddrphy/ddr3_slice_top_v1_10.v(1190): [TFMPC] - Too few port connections. Expected 20, found 18.
#    Time: 0 fs  Iteration: 0  Instance: /tb_soc_ddr3_top/dut/u_ddr3/u_ddrphy_top/ddrphy_slice_top/u_oserdes_casn File: C:/pango/PDS_2022.2-SP6.4/arch/vendor/pango/verilog/simulation/GTP_OSERDES_E2.v
# ** Warning: (vsim-3722) ./../../sim_lib/ddrphy/ddr3_slice_top_v1_10.v(1190): [TFMPC] - Missing connection for port 'TFB'.
# ** Warning: (vsim-3722) ./../../sim_lib/ddrphy/ddr3_slice_top_v1_10.v(1190): [TFMPC] - Missing connection for port 'TERM_FB'.
# ** Warning: (vsim-3015) C:/pango/PDS_2022.2-SP6.4/arch/vendor/pango/verilog/simulation/GTP_OSERDES_E2.v(692): [PCDPC] - Port size (2) does not match connection size (8) for port 'ts_ctrl'. The port definition is at: nofile(1480).
#    Time: 0 fs  Iteration: 0  Instance: /tb_soc_ddr3_top/dut/u_ddr3/u_ddrphy_top/ddrphy_slice_top/u_oserdes_casn/genblk1/xoserdes_e2_iolhr_ol File: C:/pango/PDS_2022.2-SP6.4/ip/system_ip/ips2l_hmic_s/ips2l_hmic_eval/ips2l_hmic_s/../../../../../arch/vendor/pango/verilog/simulation/modelsim10.2c/oserdes_e2_source_codes/oserdes_e2_iolhr_ol.vp
# ** Warning: (vsim-3017) ./../../sim_lib/ddrphy/ddr3_slice_top_v1_10.v(1214): [TFMPC] - Too few port connections. Expected 5, found 4.
#    Time: 0 fs  Iteration: 0  Instance: /tb_soc_ddr3_top/dut/u_ddr3/u_ddrphy_top/ddrphy_slice_top/u_odelay_casn File: C:/pango/PDS_2022.2-SP6.4/arch/vendor/pango/verilog/simulation/GTP_IODELAY_E2.v
# ** Warning: (vsim-3722) ./../../sim_lib/ddrphy/ddr3_slice_top_v1_10.v(1214): [TFMPC] - Missing connection for port 'EN_N'.
# ** Warning: (vsim-3017) ./../../sim_lib/ddrphy/ddr3_slice_top_v1_10.v(1249): [TFMPC] - Too few port connections. Expected 20, found 18.
#    Time: 0 fs  Iteration: 0  Instance: /tb_soc_ddr3_top/dut/u_ddr3/u_ddrphy_top/ddrphy_slice_top/u_oserdes_wen File: C:/pango/PDS_2022.2-SP6.4/arch/vendor/pango/verilog/simulation/GTP_OSERDES_E2.v
# ** Warning: (vsim-3722) ./../../sim_lib/ddrphy/ddr3_slice_top_v1_10.v(1249): [TFMPC] - Missing connection for port 'TFB'.
# ** Warning: (vsim-3722) ./../../sim_lib/ddrphy/ddr3_slice_top_v1_10.v(1249): [TFMPC] - Missing connection for port 'TERM_FB'.
# ** Warning: (vsim-3015) C:/pango/PDS_2022.2-SP6.4/arch/vendor/pango/verilog/simulation/GTP_OSERDES_E2.v(692): [PCDPC] - Port size (2) does not match connection size (8) for port 'ts_ctrl'. The port definition is at: nofile(1480).
#    Time: 0 fs  Iteration: 0  Instance: /tb_soc_ddr3_top/dut/u_ddr3/u_ddrphy_top/ddrphy_slice_top/u_oserdes_wen/genblk1/xoserdes_e2_iolhr_ol File: C:/pango/PDS_2022.2-SP6.4/ip/system_ip/ips2l_hmic_s/ips2l_hmic_eval/ips2l_hmic_s/../../../../../arch/vendor/pango/verilog/simulation/modelsim10.2c/oserdes_e2_source_codes/oserdes_e2_iolhr_ol.vp
# ** Warning: (vsim-3017) ./../../sim_lib/ddrphy/ddr3_slice_top_v1_10.v(1273): [TFMPC] - Too few port connections. Expected 5, found 4.
#    Time: 0 fs  Iteration: 0  Instance: /tb_soc_ddr3_top/dut/u_ddr3/u_ddrphy_top/ddrphy_slice_top/u_odelay_wen File: C:/pango/PDS_2022.2-SP6.4/arch/vendor/pango/verilog/simulation/GTP_IODELAY_E2.v
# ** Warning: (vsim-3722) ./../../sim_lib/ddrphy/ddr3_slice_top_v1_10.v(1273): [TFMPC] - Missing connection for port 'EN_N'.
# ** Warning: (vsim-3017) ./../../sim_lib/ddrphy/ddr3_slice_top_v1_10.v(1309): [TFMPC] - Too few port connections. Expected 20, found 18.
#    Time: 0 fs  Iteration: 0  Instance: /tb_soc_ddr3_top/dut/u_ddr3/u_ddrphy_top/ddrphy_slice_top/u_oserdes_cke File: C:/pango/PDS_2022.2-SP6.4/arch/vendor/pango/verilog/simulation/GTP_OSERDES_E2.v
# ** Warning: (vsim-3722) ./../../sim_lib/ddrphy/ddr3_slice_top_v1_10.v(1309): [TFMPC] - Missing connection for port 'TFB'.
# ** Warning: (vsim-3722) ./../../sim_lib/ddrphy/ddr3_slice_top_v1_10.v(1309): [TFMPC] - Missing connection for port 'TERM_FB'.
# ** Warning: (vsim-3015) C:/pango/PDS_2022.2-SP6.4/arch/vendor/pango/verilog/simulation/GTP_OSERDES_E2.v(692): [PCDPC] - Port size (2) does not match connection size (8) for port 'ts_ctrl'. The port definition is at: nofile(1480).
#    Time: 0 fs  Iteration: 0  Instance: /tb_soc_ddr3_top/dut/u_ddr3/u_ddrphy_top/ddrphy_slice_top/u_oserdes_cke/genblk1/xoserdes_e2_iolhr_ol File: C:/pango/PDS_2022.2-SP6.4/ip/system_ip/ips2l_hmic_s/ips2l_hmic_eval/ips2l_hmic_s/../../../../../arch/vendor/pango/verilog/simulation/modelsim10.2c/oserdes_e2_source_codes/oserdes_e2_iolhr_ol.vp
# ** Warning: (vsim-3017) ./../../sim_lib/ddrphy/ddr3_slice_top_v1_10.v(1333): [TFMPC] - Too few port connections. Expected 5, found 4.
#    Time: 0 fs  Iteration: 0  Instance: /tb_soc_ddr3_top/dut/u_ddr3/u_ddrphy_top/ddrphy_slice_top/u_odelay_cke File: C:/pango/PDS_2022.2-SP6.4/arch/vendor/pango/verilog/simulation/GTP_IODELAY_E2.v
# ** Warning: (vsim-3722) ./../../sim_lib/ddrphy/ddr3_slice_top_v1_10.v(1333): [TFMPC] - Missing connection for port 'EN_N'.
# ** Warning: (vsim-3017) ./../../sim_lib/ddrphy/ddr3_slice_top_v1_10.v(1375): [TFMPC] - Too few port connections. Expected 20, found 18.
#    Time: 0 fs  Iteration: 0  Instance: /tb_soc_ddr3_top/dut/u_ddr3/u_ddrphy_top/ddrphy_slice_top/i_mem_addr_0[0]/u_oserdes_addr File: C:/pango/PDS_2022.2-SP6.4/arch/vendor/pango/verilog/simulation/GTP_OSERDES_E2.v
# ** Warning: (vsim-3722) ./../../sim_lib/ddrphy/ddr3_slice_top_v1_10.v(1375): [TFMPC] - Missing connection for port 'TFB'.
# ** Warning: (vsim-3722) ./../../sim_lib/ddrphy/ddr3_slice_top_v1_10.v(1375): [TFMPC] - Missing connection for port 'TERM_FB'.
# ** Warning: (vsim-3015) C:/pango/PDS_2022.2-SP6.4/arch/vendor/pango/verilog/simulation/GTP_OSERDES_E2.v(692): [PCDPC] - Port size (2) does not match connection size (8) for port 'ts_ctrl'. The port definition is at: nofile(1480).
#    Time: 0 fs  Iteration: 0  Instance: /tb_soc_ddr3_top/dut/u_ddr3/u_ddrphy_top/ddrphy_slice_top/i_mem_addr_0[0]/u_oserdes_addr/genblk1/xoserdes_e2_iolhr_ol File: C:/pango/PDS_2022.2-SP6.4/ip/system_ip/ips2l_hmic_s/ips2l_hmic_eval/ips2l_hmic_s/../../../../../arch/vendor/pango/verilog/simulation/modelsim10.2c/oserdes_e2_source_codes/oserdes_e2_iolhr_ol.vp
# ** Warning: (vsim-3017) ./../../sim_lib/ddrphy/ddr3_slice_top_v1_10.v(1399): [TFMPC] - Too few port connections. Expected 5, found 4.
#    Time: 0 fs  Iteration: 0  Instance: /tb_soc_ddr3_top/dut/u_ddr3/u_ddrphy_top/ddrphy_slice_top/i_mem_addr_0[0]/u_odelay_addr File: C:/pango/PDS_2022.2-SP6.4/arch/vendor/pango/verilog/simulation/GTP_IODELAY_E2.v
# ** Warning: (vsim-3722) ./../../sim_lib/ddrphy/ddr3_slice_top_v1_10.v(1399): [TFMPC] - Missing connection for port 'EN_N'.
# ** Warning: (vsim-3017) ./../../sim_lib/ddrphy/ddr3_slice_top_v1_10.v(1375): [TFMPC] - Too few port connections. Expected 20, found 18.
#    Time: 0 fs  Iteration: 0  Instance: /tb_soc_ddr3_top/dut/u_ddr3/u_ddrphy_top/ddrphy_slice_top/i_mem_addr_0[1]/u_oserdes_addr File: C:/pango/PDS_2022.2-SP6.4/arch/vendor/pango/verilog/simulation/GTP_OSERDES_E2.v
# ** Warning: (vsim-3722) ./../../sim_lib/ddrphy/ddr3_slice_top_v1_10.v(1375): [TFMPC] - Missing connection for port 'TFB'.
# ** Warning: (vsim-3722) ./../../sim_lib/ddrphy/ddr3_slice_top_v1_10.v(1375): [TFMPC] - Missing connection for port 'TERM_FB'.
# ** Warning: (vsim-3015) C:/pango/PDS_2022.2-SP6.4/arch/vendor/pango/verilog/simulation/GTP_OSERDES_E2.v(692): [PCDPC] - Port size (2) does not match connection size (8) for port 'ts_ctrl'. The port definition is at: nofile(1480).
#    Time: 0 fs  Iteration: 0  Instance: /tb_soc_ddr3_top/dut/u_ddr3/u_ddrphy_top/ddrphy_slice_top/i_mem_addr_0[1]/u_oserdes_addr/genblk1/xoserdes_e2_iolhr_ol File: C:/pango/PDS_2022.2-SP6.4/ip/system_ip/ips2l_hmic_s/ips2l_hmic_eval/ips2l_hmic_s/../../../../../arch/vendor/pango/verilog/simulation/modelsim10.2c/oserdes_e2_source_codes/oserdes_e2_iolhr_ol.vp
# ** Warning: (vsim-3017) ./../../sim_lib/ddrphy/ddr3_slice_top_v1_10.v(1399): [TFMPC] - Too few port connections. Expected 5, found 4.
#    Time: 0 fs  Iteration: 0  Instance: /tb_soc_ddr3_top/dut/u_ddr3/u_ddrphy_top/ddrphy_slice_top/i_mem_addr_0[1]/u_odelay_addr File: C:/pango/PDS_2022.2-SP6.4/arch/vendor/pango/verilog/simulation/GTP_IODELAY_E2.v
# ** Warning: (vsim-3722) ./../../sim_lib/ddrphy/ddr3_slice_top_v1_10.v(1399): [TFMPC] - Missing connection for port 'EN_N'.
# ** Warning: (vsim-3017) ./../../sim_lib/ddrphy/ddr3_slice_top_v1_10.v(1375): [TFMPC] - Too few port connections. Expected 20, found 18.
#    Time: 0 fs  Iteration: 0  Instance: /tb_soc_ddr3_top/dut/u_ddr3/u_ddrphy_top/ddrphy_slice_top/i_mem_addr_0[2]/u_oserdes_addr File: C:/pango/PDS_2022.2-SP6.4/arch/vendor/pango/verilog/simulation/GTP_OSERDES_E2.v
# ** Warning: (vsim-3722) ./../../sim_lib/ddrphy/ddr3_slice_top_v1_10.v(1375): [TFMPC] - Missing connection for port 'TFB'.
# ** Warning: (vsim-3722) ./../../sim_lib/ddrphy/ddr3_slice_top_v1_10.v(1375): [TFMPC] - Missing connection for port 'TERM_FB'.
# ** Warning: (vsim-3015) C:/pango/PDS_2022.2-SP6.4/arch/vendor/pango/verilog/simulation/GTP_OSERDES_E2.v(692): [PCDPC] - Port size (2) does not match connection size (8) for port 'ts_ctrl'. The port definition is at: nofile(1480).
#    Time: 0 fs  Iteration: 0  Instance: /tb_soc_ddr3_top/dut/u_ddr3/u_ddrphy_top/ddrphy_slice_top/i_mem_addr_0[2]/u_oserdes_addr/genblk1/xoserdes_e2_iolhr_ol File: C:/pango/PDS_2022.2-SP6.4/ip/system_ip/ips2l_hmic_s/ips2l_hmic_eval/ips2l_hmic_s/../../../../../arch/vendor/pango/verilog/simulation/modelsim10.2c/oserdes_e2_source_codes/oserdes_e2_iolhr_ol.vp
# ** Warning: (vsim-3017) ./../../sim_lib/ddrphy/ddr3_slice_top_v1_10.v(1399): [TFMPC] - Too few port connections. Expected 5, found 4.
#    Time: 0 fs  Iteration: 0  Instance: /tb_soc_ddr3_top/dut/u_ddr3/u_ddrphy_top/ddrphy_slice_top/i_mem_addr_0[2]/u_odelay_addr File: C:/pango/PDS_2022.2-SP6.4/arch/vendor/pango/verilog/simulation/GTP_IODELAY_E2.v
# ** Warning: (vsim-3722) ./../../sim_lib/ddrphy/ddr3_slice_top_v1_10.v(1399): [TFMPC] - Missing connection for port 'EN_N'.
# ** Warning: (vsim-3017) ./../../sim_lib/ddrphy/ddr3_slice_top_v1_10.v(1375): [TFMPC] - Too few port connections. Expected 20, found 18.
#    Time: 0 fs  Iteration: 0  Instance: /tb_soc_ddr3_top/dut/u_ddr3/u_ddrphy_top/ddrphy_slice_top/i_mem_addr_0[3]/u_oserdes_addr File: C:/pango/PDS_2022.2-SP6.4/arch/vendor/pango/verilog/simulation/GTP_OSERDES_E2.v
# ** Warning: (vsim-3722) ./../../sim_lib/ddrphy/ddr3_slice_top_v1_10.v(1375): [TFMPC] - Missing connection for port 'TFB'.
# ** Warning: (vsim-3722) ./../../sim_lib/ddrphy/ddr3_slice_top_v1_10.v(1375): [TFMPC] - Missing connection for port 'TERM_FB'.
# ** Warning: (vsim-3015) C:/pango/PDS_2022.2-SP6.4/arch/vendor/pango/verilog/simulation/GTP_OSERDES_E2.v(692): [PCDPC] - Port size (2) does not match connection size (8) for port 'ts_ctrl'. The port definition is at: nofile(1480).
#    Time: 0 fs  Iteration: 0  Instance: /tb_soc_ddr3_top/dut/u_ddr3/u_ddrphy_top/ddrphy_slice_top/i_mem_addr_0[3]/u_oserdes_addr/genblk1/xoserdes_e2_iolhr_ol File: C:/pango/PDS_2022.2-SP6.4/ip/system_ip/ips2l_hmic_s/ips2l_hmic_eval/ips2l_hmic_s/../../../../../arch/vendor/pango/verilog/simulation/modelsim10.2c/oserdes_e2_source_codes/oserdes_e2_iolhr_ol.vp
# ** Warning: (vsim-3017) ./../../sim_lib/ddrphy/ddr3_slice_top_v1_10.v(1399): [TFMPC] - Too few port connections. Expected 5, found 4.
#    Time: 0 fs  Iteration: 0  Instance: /tb_soc_ddr3_top/dut/u_ddr3/u_ddrphy_top/ddrphy_slice_top/i_mem_addr_0[3]/u_odelay_addr File: C:/pango/PDS_2022.2-SP6.4/arch/vendor/pango/verilog/simulation/GTP_IODELAY_E2.v
# ** Warning: (vsim-3722) ./../../sim_lib/ddrphy/ddr3_slice_top_v1_10.v(1399): [TFMPC] - Missing connection for port 'EN_N'.
# ** Warning: (vsim-3017) ./../../sim_lib/ddrphy/ddr3_slice_top_v1_10.v(1375): [TFMPC] - Too few port connections. Expected 20, found 18.
#    Time: 0 fs  Iteration: 0  Instance: /tb_soc_ddr3_top/dut/u_ddr3/u_ddrphy_top/ddrphy_slice_top/i_mem_addr_0[4]/u_oserdes_addr File: C:/pango/PDS_2022.2-SP6.4/arch/vendor/pango/verilog/simulation/GTP_OSERDES_E2.v
# ** Warning: (vsim-3722) ./../../sim_lib/ddrphy/ddr3_slice_top_v1_10.v(1375): [TFMPC] - Missing connection for port 'TFB'.
# ** Warning: (vsim-3722) ./../../sim_lib/ddrphy/ddr3_slice_top_v1_10.v(1375): [TFMPC] - Missing connection for port 'TERM_FB'.
# ** Warning: (vsim-3015) C:/pango/PDS_2022.2-SP6.4/arch/vendor/pango/verilog/simulation/GTP_OSERDES_E2.v(692): [PCDPC] - Port size (2) does not match connection size (8) for port 'ts_ctrl'. The port definition is at: nofile(1480).
#    Time: 0 fs  Iteration: 0  Instance: /tb_soc_ddr3_top/dut/u_ddr3/u_ddrphy_top/ddrphy_slice_top/i_mem_addr_0[4]/u_oserdes_addr/genblk1/xoserdes_e2_iolhr_ol File: C:/pango/PDS_2022.2-SP6.4/ip/system_ip/ips2l_hmic_s/ips2l_hmic_eval/ips2l_hmic_s/../../../../../arch/vendor/pango/verilog/simulation/modelsim10.2c/oserdes_e2_source_codes/oserdes_e2_iolhr_ol.vp
# ** Warning: (vsim-3017) ./../../sim_lib/ddrphy/ddr3_slice_top_v1_10.v(1399): [TFMPC] - Too few port connections. Expected 5, found 4.
#    Time: 0 fs  Iteration: 0  Instance: /tb_soc_ddr3_top/dut/u_ddr3/u_ddrphy_top/ddrphy_slice_top/i_mem_addr_0[4]/u_odelay_addr File: C:/pango/PDS_2022.2-SP6.4/arch/vendor/pango/verilog/simulation/GTP_IODELAY_E2.v
# ** Warning: (vsim-3722) ./../../sim_lib/ddrphy/ddr3_slice_top_v1_10.v(1399): [TFMPC] - Missing connection for port 'EN_N'.
# ** Warning: (vsim-3017) ./../../sim_lib/ddrphy/ddr3_slice_top_v1_10.v(1375): [TFMPC] - Too few port connections. Expected 20, found 18.
#    Time: 0 fs  Iteration: 0  Instance: /tb_soc_ddr3_top/dut/u_ddr3/u_ddrphy_top/ddrphy_slice_top/i_mem_addr_0[5]/u_oserdes_addr File: C:/pango/PDS_2022.2-SP6.4/arch/vendor/pango/verilog/simulation/GTP_OSERDES_E2.v
# ** Warning: (vsim-3722) ./../../sim_lib/ddrphy/ddr3_slice_top_v1_10.v(1375): [TFMPC] - Missing connection for port 'TFB'.
# ** Warning: (vsim-3722) ./../../sim_lib/ddrphy/ddr3_slice_top_v1_10.v(1375): [TFMPC] - Missing connection for port 'TERM_FB'.
# ** Warning: (vsim-3015) C:/pango/PDS_2022.2-SP6.4/arch/vendor/pango/verilog/simulation/GTP_OSERDES_E2.v(692): [PCDPC] - Port size (2) does not match connection size (8) for port 'ts_ctrl'. The port definition is at: nofile(1480).
#    Time: 0 fs  Iteration: 0  Instance: /tb_soc_ddr3_top/dut/u_ddr3/u_ddrphy_top/ddrphy_slice_top/i_mem_addr_0[5]/u_oserdes_addr/genblk1/xoserdes_e2_iolhr_ol File: C:/pango/PDS_2022.2-SP6.4/ip/system_ip/ips2l_hmic_s/ips2l_hmic_eval/ips2l_hmic_s/../../../../../arch/vendor/pango/verilog/simulation/modelsim10.2c/oserdes_e2_source_codes/oserdes_e2_iolhr_ol.vp
# ** Warning: (vsim-3017) ./../../sim_lib/ddrphy/ddr3_slice_top_v1_10.v(1399): [TFMPC] - Too few port connections. Expected 5, found 4.
#    Time: 0 fs  Iteration: 0  Instance: /tb_soc_ddr3_top/dut/u_ddr3/u_ddrphy_top/ddrphy_slice_top/i_mem_addr_0[5]/u_odelay_addr File: C:/pango/PDS_2022.2-SP6.4/arch/vendor/pango/verilog/simulation/GTP_IODELAY_E2.v
# ** Warning: (vsim-3722) ./../../sim_lib/ddrphy/ddr3_slice_top_v1_10.v(1399): [TFMPC] - Missing connection for port 'EN_N'.
# ** Warning: (vsim-3017) ./../../sim_lib/ddrphy/ddr3_slice_top_v1_10.v(1375): [TFMPC] - Too few port connections. Expected 20, found 18.
#    Time: 0 fs  Iteration: 0  Instance: /tb_soc_ddr3_top/dut/u_ddr3/u_ddrphy_top/ddrphy_slice_top/i_mem_addr_0[6]/u_oserdes_addr File: C:/pango/PDS_2022.2-SP6.4/arch/vendor/pango/verilog/simulation/GTP_OSERDES_E2.v
# ** Warning: (vsim-3722) ./../../sim_lib/ddrphy/ddr3_slice_top_v1_10.v(1375): [TFMPC] - Missing connection for port 'TFB'.
# ** Warning: (vsim-3722) ./../../sim_lib/ddrphy/ddr3_slice_top_v1_10.v(1375): [TFMPC] - Missing connection for port 'TERM_FB'.
# ** Warning: (vsim-3015) C:/pango/PDS_2022.2-SP6.4/arch/vendor/pango/verilog/simulation/GTP_OSERDES_E2.v(692): [PCDPC] - Port size (2) does not match connection size (8) for port 'ts_ctrl'. The port definition is at: nofile(1480).
#    Time: 0 fs  Iteration: 0  Instance: /tb_soc_ddr3_top/dut/u_ddr3/u_ddrphy_top/ddrphy_slice_top/i_mem_addr_0[6]/u_oserdes_addr/genblk1/xoserdes_e2_iolhr_ol File: C:/pango/PDS_2022.2-SP6.4/ip/system_ip/ips2l_hmic_s/ips2l_hmic_eval/ips2l_hmic_s/../../../../../arch/vendor/pango/verilog/simulation/modelsim10.2c/oserdes_e2_source_codes/oserdes_e2_iolhr_ol.vp
# ** Warning: (vsim-3017) ./../../sim_lib/ddrphy/ddr3_slice_top_v1_10.v(1399): [TFMPC] - Too few port connections. Expected 5, found 4.
#    Time: 0 fs  Iteration: 0  Instance: /tb_soc_ddr3_top/dut/u_ddr3/u_ddrphy_top/ddrphy_slice_top/i_mem_addr_0[6]/u_odelay_addr File: C:/pango/PDS_2022.2-SP6.4/arch/vendor/pango/verilog/simulation/GTP_IODELAY_E2.v
# ** Warning: (vsim-3722) ./../../sim_lib/ddrphy/ddr3_slice_top_v1_10.v(1399): [TFMPC] - Missing connection for port 'EN_N'.
# ** Warning: (vsim-3017) ./../../sim_lib/ddrphy/ddr3_slice_top_v1_10.v(1375): [TFMPC] - Too few port connections. Expected 20, found 18.
#    Time: 0 fs  Iteration: 0  Instance: /tb_soc_ddr3_top/dut/u_ddr3/u_ddrphy_top/ddrphy_slice_top/i_mem_addr_0[7]/u_oserdes_addr File: C:/pango/PDS_2022.2-SP6.4/arch/vendor/pango/verilog/simulation/GTP_OSERDES_E2.v
# ** Warning: (vsim-3722) ./../../sim_lib/ddrphy/ddr3_slice_top_v1_10.v(1375): [TFMPC] - Missing connection for port 'TFB'.
# ** Warning: (vsim-3722) ./../../sim_lib/ddrphy/ddr3_slice_top_v1_10.v(1375): [TFMPC] - Missing connection for port 'TERM_FB'.
# ** Warning: (vsim-3015) C:/pango/PDS_2022.2-SP6.4/arch/vendor/pango/verilog/simulation/GTP_OSERDES_E2.v(692): [PCDPC] - Port size (2) does not match connection size (8) for port 'ts_ctrl'. The port definition is at: nofile(1480).
#    Time: 0 fs  Iteration: 0  Instance: /tb_soc_ddr3_top/dut/u_ddr3/u_ddrphy_top/ddrphy_slice_top/i_mem_addr_0[7]/u_oserdes_addr/genblk1/xoserdes_e2_iolhr_ol File: C:/pango/PDS_2022.2-SP6.4/ip/system_ip/ips2l_hmic_s/ips2l_hmic_eval/ips2l_hmic_s/../../../../../arch/vendor/pango/verilog/simulation/modelsim10.2c/oserdes_e2_source_codes/oserdes_e2_iolhr_ol.vp
# ** Warning: (vsim-3017) ./../../sim_lib/ddrphy/ddr3_slice_top_v1_10.v(1399): [TFMPC] - Too few port connections. Expected 5, found 4.
#    Time: 0 fs  Iteration: 0  Instance: /tb_soc_ddr3_top/dut/u_ddr3/u_ddrphy_top/ddrphy_slice_top/i_mem_addr_0[7]/u_odelay_addr File: C:/pango/PDS_2022.2-SP6.4/arch/vendor/pango/verilog/simulation/GTP_IODELAY_E2.v
# ** Warning: (vsim-3722) ./../../sim_lib/ddrphy/ddr3_slice_top_v1_10.v(1399): [TFMPC] - Missing connection for port 'EN_N'.
# ** Warning: (vsim-3017) ./../../sim_lib/ddrphy/ddr3_slice_top_v1_10.v(1375): [TFMPC] - Too few port connections. Expected 20, found 18.
#    Time: 0 fs  Iteration: 0  Instance: /tb_soc_ddr3_top/dut/u_ddr3/u_ddrphy_top/ddrphy_slice_top/i_mem_addr_0[8]/u_oserdes_addr File: C:/pango/PDS_2022.2-SP6.4/arch/vendor/pango/verilog/simulation/GTP_OSERDES_E2.v
# ** Warning: (vsim-3722) ./../../sim_lib/ddrphy/ddr3_slice_top_v1_10.v(1375): [TFMPC] - Missing connection for port 'TFB'.
# ** Warning: (vsim-3722) ./../../sim_lib/ddrphy/ddr3_slice_top_v1_10.v(1375): [TFMPC] - Missing connection for port 'TERM_FB'.
# ** Warning: (vsim-3015) C:/pango/PDS_2022.2-SP6.4/arch/vendor/pango/verilog/simulation/GTP_OSERDES_E2.v(692): [PCDPC] - Port size (2) does not match connection size (8) for port 'ts_ctrl'. The port definition is at: nofile(1480).
#    Time: 0 fs  Iteration: 0  Instance: /tb_soc_ddr3_top/dut/u_ddr3/u_ddrphy_top/ddrphy_slice_top/i_mem_addr_0[8]/u_oserdes_addr/genblk1/xoserdes_e2_iolhr_ol File: C:/pango/PDS_2022.2-SP6.4/ip/system_ip/ips2l_hmic_s/ips2l_hmic_eval/ips2l_hmic_s/../../../../../arch/vendor/pango/verilog/simulation/modelsim10.2c/oserdes_e2_source_codes/oserdes_e2_iolhr_ol.vp
# ** Warning: (vsim-3017) ./../../sim_lib/ddrphy/ddr3_slice_top_v1_10.v(1399): [TFMPC] - Too few port connections. Expected 5, found 4.
#    Time: 0 fs  Iteration: 0  Instance: /tb_soc_ddr3_top/dut/u_ddr3/u_ddrphy_top/ddrphy_slice_top/i_mem_addr_0[8]/u_odelay_addr File: C:/pango/PDS_2022.2-SP6.4/arch/vendor/pango/verilog/simulation/GTP_IODELAY_E2.v
# ** Warning: (vsim-3722) ./../../sim_lib/ddrphy/ddr3_slice_top_v1_10.v(1399): [TFMPC] - Missing connection for port 'EN_N'.
# ** Warning: (vsim-3017) ./../../sim_lib/ddrphy/ddr3_slice_top_v1_10.v(1375): [TFMPC] - Too few port connections. Expected 20, found 18.
#    Time: 0 fs  Iteration: 0  Instance: /tb_soc_ddr3_top/dut/u_ddr3/u_ddrphy_top/ddrphy_slice_top/i_mem_addr_0[9]/u_oserdes_addr File: C:/pango/PDS_2022.2-SP6.4/arch/vendor/pango/verilog/simulation/GTP_OSERDES_E2.v
# ** Warning: (vsim-3722) ./../../sim_lib/ddrphy/ddr3_slice_top_v1_10.v(1375): [TFMPC] - Missing connection for port 'TFB'.
# ** Warning: (vsim-3722) ./../../sim_lib/ddrphy/ddr3_slice_top_v1_10.v(1375): [TFMPC] - Missing connection for port 'TERM_FB'.
# ** Warning: (vsim-3015) C:/pango/PDS_2022.2-SP6.4/arch/vendor/pango/verilog/simulation/GTP_OSERDES_E2.v(692): [PCDPC] - Port size (2) does not match connection size (8) for port 'ts_ctrl'. The port definition is at: nofile(1480).
#    Time: 0 fs  Iteration: 0  Instance: /tb_soc_ddr3_top/dut/u_ddr3/u_ddrphy_top/ddrphy_slice_top/i_mem_addr_0[9]/u_oserdes_addr/genblk1/xoserdes_e2_iolhr_ol File: C:/pango/PDS_2022.2-SP6.4/ip/system_ip/ips2l_hmic_s/ips2l_hmic_eval/ips2l_hmic_s/../../../../../arch/vendor/pango/verilog/simulation/modelsim10.2c/oserdes_e2_source_codes/oserdes_e2_iolhr_ol.vp
# ** Warning: (vsim-3017) ./../../sim_lib/ddrphy/ddr3_slice_top_v1_10.v(1399): [TFMPC] - Too few port connections. Expected 5, found 4.
#    Time: 0 fs  Iteration: 0  Instance: /tb_soc_ddr3_top/dut/u_ddr3/u_ddrphy_top/ddrphy_slice_top/i_mem_addr_0[9]/u_odelay_addr File: C:/pango/PDS_2022.2-SP6.4/arch/vendor/pango/verilog/simulation/GTP_IODELAY_E2.v
# ** Warning: (vsim-3722) ./../../sim_lib/ddrphy/ddr3_slice_top_v1_10.v(1399): [TFMPC] - Missing connection for port 'EN_N'.
# ** Warning: (vsim-3017) ./../../sim_lib/ddrphy/ddr3_slice_top_v1_10.v(1375): [TFMPC] - Too few port connections. Expected 20, found 18.
#    Time: 0 fs  Iteration: 0  Instance: /tb_soc_ddr3_top/dut/u_ddr3/u_ddrphy_top/ddrphy_slice_top/i_mem_addr_0[10]/u_oserdes_addr File: C:/pango/PDS_2022.2-SP6.4/arch/vendor/pango/verilog/simulation/GTP_OSERDES_E2.v
# ** Warning: (vsim-3722) ./../../sim_lib/ddrphy/ddr3_slice_top_v1_10.v(1375): [TFMPC] - Missing connection for port 'TFB'.
# ** Warning: (vsim-3722) ./../../sim_lib/ddrphy/ddr3_slice_top_v1_10.v(1375): [TFMPC] - Missing connection for port 'TERM_FB'.
# ** Warning: (vsim-3015) C:/pango/PDS_2022.2-SP6.4/arch/vendor/pango/verilog/simulation/GTP_OSERDES_E2.v(692): [PCDPC] - Port size (2) does not match connection size (8) for port 'ts_ctrl'. The port definition is at: nofile(1480).
#    Time: 0 fs  Iteration: 0  Instance: /tb_soc_ddr3_top/dut/u_ddr3/u_ddrphy_top/ddrphy_slice_top/i_mem_addr_0[10]/u_oserdes_addr/genblk1/xoserdes_e2_iolhr_ol File: C:/pango/PDS_2022.2-SP6.4/ip/system_ip/ips2l_hmic_s/ips2l_hmic_eval/ips2l_hmic_s/../../../../../arch/vendor/pango/verilog/simulation/modelsim10.2c/oserdes_e2_source_codes/oserdes_e2_iolhr_ol.vp
# ** Warning: (vsim-3017) ./../../sim_lib/ddrphy/ddr3_slice_top_v1_10.v(1399): [TFMPC] - Too few port connections. Expected 5, found 4.
#    Time: 0 fs  Iteration: 0  Instance: /tb_soc_ddr3_top/dut/u_ddr3/u_ddrphy_top/ddrphy_slice_top/i_mem_addr_0[10]/u_odelay_addr File: C:/pango/PDS_2022.2-SP6.4/arch/vendor/pango/verilog/simulation/GTP_IODELAY_E2.v
# ** Warning: (vsim-3722) ./../../sim_lib/ddrphy/ddr3_slice_top_v1_10.v(1399): [TFMPC] - Missing connection for port 'EN_N'.
# ** Warning: (vsim-3017) ./../../sim_lib/ddrphy/ddr3_slice_top_v1_10.v(1375): [TFMPC] - Too few port connections. Expected 20, found 18.
#    Time: 0 fs  Iteration: 0  Instance: /tb_soc_ddr3_top/dut/u_ddr3/u_ddrphy_top/ddrphy_slice_top/i_mem_addr_0[11]/u_oserdes_addr File: C:/pango/PDS_2022.2-SP6.4/arch/vendor/pango/verilog/simulation/GTP_OSERDES_E2.v
# ** Warning: (vsim-3722) ./../../sim_lib/ddrphy/ddr3_slice_top_v1_10.v(1375): [TFMPC] - Missing connection for port 'TFB'.
# ** Warning: (vsim-3722) ./../../sim_lib/ddrphy/ddr3_slice_top_v1_10.v(1375): [TFMPC] - Missing connection for port 'TERM_FB'.
# ** Warning: (vsim-3015) C:/pango/PDS_2022.2-SP6.4/arch/vendor/pango/verilog/simulation/GTP_OSERDES_E2.v(692): [PCDPC] - Port size (2) does not match connection size (8) for port 'ts_ctrl'. The port definition is at: nofile(1480).
#    Time: 0 fs  Iteration: 0  Instance: /tb_soc_ddr3_top/dut/u_ddr3/u_ddrphy_top/ddrphy_slice_top/i_mem_addr_0[11]/u_oserdes_addr/genblk1/xoserdes_e2_iolhr_ol File: C:/pango/PDS_2022.2-SP6.4/ip/system_ip/ips2l_hmic_s/ips2l_hmic_eval/ips2l_hmic_s/../../../../../arch/vendor/pango/verilog/simulation/modelsim10.2c/oserdes_e2_source_codes/oserdes_e2_iolhr_ol.vp
# ** Warning: (vsim-3017) ./../../sim_lib/ddrphy/ddr3_slice_top_v1_10.v(1399): [TFMPC] - Too few port connections. Expected 5, found 4.
#    Time: 0 fs  Iteration: 0  Instance: /tb_soc_ddr3_top/dut/u_ddr3/u_ddrphy_top/ddrphy_slice_top/i_mem_addr_0[11]/u_odelay_addr File: C:/pango/PDS_2022.2-SP6.4/arch/vendor/pango/verilog/simulation/GTP_IODELAY_E2.v
# ** Warning: (vsim-3722) ./../../sim_lib/ddrphy/ddr3_slice_top_v1_10.v(1399): [TFMPC] - Missing connection for port 'EN_N'.
# ** Warning: (vsim-3017) ./../../sim_lib/ddrphy/ddr3_slice_top_v1_10.v(1375): [TFMPC] - Too few port connections. Expected 20, found 18.
#    Time: 0 fs  Iteration: 0  Instance: /tb_soc_ddr3_top/dut/u_ddr3/u_ddrphy_top/ddrphy_slice_top/i_mem_addr_0[12]/u_oserdes_addr File: C:/pango/PDS_2022.2-SP6.4/arch/vendor/pango/verilog/simulation/GTP_OSERDES_E2.v
# ** Warning: (vsim-3722) ./../../sim_lib/ddrphy/ddr3_slice_top_v1_10.v(1375): [TFMPC] - Missing connection for port 'TFB'.
# ** Warning: (vsim-3722) ./../../sim_lib/ddrphy/ddr3_slice_top_v1_10.v(1375): [TFMPC] - Missing connection for port 'TERM_FB'.
# ** Warning: (vsim-3015) C:/pango/PDS_2022.2-SP6.4/arch/vendor/pango/verilog/simulation/GTP_OSERDES_E2.v(692): [PCDPC] - Port size (2) does not match connection size (8) for port 'ts_ctrl'. The port definition is at: nofile(1480).
#    Time: 0 fs  Iteration: 0  Instance: /tb_soc_ddr3_top/dut/u_ddr3/u_ddrphy_top/ddrphy_slice_top/i_mem_addr_0[12]/u_oserdes_addr/genblk1/xoserdes_e2_iolhr_ol File: C:/pango/PDS_2022.2-SP6.4/ip/system_ip/ips2l_hmic_s/ips2l_hmic_eval/ips2l_hmic_s/../../../../../arch/vendor/pango/verilog/simulation/modelsim10.2c/oserdes_e2_source_codes/oserdes_e2_iolhr_ol.vp
# ** Warning: (vsim-3017) ./../../sim_lib/ddrphy/ddr3_slice_top_v1_10.v(1399): [TFMPC] - Too few port connections. Expected 5, found 4.
#    Time: 0 fs  Iteration: 0  Instance: /tb_soc_ddr3_top/dut/u_ddr3/u_ddrphy_top/ddrphy_slice_top/i_mem_addr_0[12]/u_odelay_addr File: C:/pango/PDS_2022.2-SP6.4/arch/vendor/pango/verilog/simulation/GTP_IODELAY_E2.v
# ** Warning: (vsim-3722) ./../../sim_lib/ddrphy/ddr3_slice_top_v1_10.v(1399): [TFMPC] - Missing connection for port 'EN_N'.
# ** Warning: (vsim-3017) ./../../sim_lib/ddrphy/ddr3_slice_top_v1_10.v(1375): [TFMPC] - Too few port connections. Expected 20, found 18.
#    Time: 0 fs  Iteration: 0  Instance: /tb_soc_ddr3_top/dut/u_ddr3/u_ddrphy_top/ddrphy_slice_top/i_mem_addr_0[13]/u_oserdes_addr File: C:/pango/PDS_2022.2-SP6.4/arch/vendor/pango/verilog/simulation/GTP_OSERDES_E2.v
# ** Warning: (vsim-3722) ./../../sim_lib/ddrphy/ddr3_slice_top_v1_10.v(1375): [TFMPC] - Missing connection for port 'TFB'.
# ** Warning: (vsim-3722) ./../../sim_lib/ddrphy/ddr3_slice_top_v1_10.v(1375): [TFMPC] - Missing connection for port 'TERM_FB'.
# ** Warning: (vsim-3015) C:/pango/PDS_2022.2-SP6.4/arch/vendor/pango/verilog/simulation/GTP_OSERDES_E2.v(692): [PCDPC] - Port size (2) does not match connection size (8) for port 'ts_ctrl'. The port definition is at: nofile(1480).
#    Time: 0 fs  Iteration: 0  Instance: /tb_soc_ddr3_top/dut/u_ddr3/u_ddrphy_top/ddrphy_slice_top/i_mem_addr_0[13]/u_oserdes_addr/genblk1/xoserdes_e2_iolhr_ol File: C:/pango/PDS_2022.2-SP6.4/ip/system_ip/ips2l_hmic_s/ips2l_hmic_eval/ips2l_hmic_s/../../../../../arch/vendor/pango/verilog/simulation/modelsim10.2c/oserdes_e2_source_codes/oserdes_e2_iolhr_ol.vp
# ** Warning: (vsim-3017) ./../../sim_lib/ddrphy/ddr3_slice_top_v1_10.v(1399): [TFMPC] - Too few port connections. Expected 5, found 4.
#    Time: 0 fs  Iteration: 0  Instance: /tb_soc_ddr3_top/dut/u_ddr3/u_ddrphy_top/ddrphy_slice_top/i_mem_addr_0[13]/u_odelay_addr File: C:/pango/PDS_2022.2-SP6.4/arch/vendor/pango/verilog/simulation/GTP_IODELAY_E2.v
# ** Warning: (vsim-3722) ./../../sim_lib/ddrphy/ddr3_slice_top_v1_10.v(1399): [TFMPC] - Missing connection for port 'EN_N'.
# ** Warning: (vsim-3017) ./../../sim_lib/ddrphy/ddr3_slice_top_v1_10.v(1375): [TFMPC] - Too few port connections. Expected 20, found 18.
#    Time: 0 fs  Iteration: 0  Instance: /tb_soc_ddr3_top/dut/u_ddr3/u_ddrphy_top/ddrphy_slice_top/i_mem_addr_0[14]/u_oserdes_addr File: C:/pango/PDS_2022.2-SP6.4/arch/vendor/pango/verilog/simulation/GTP_OSERDES_E2.v
# ** Warning: (vsim-3722) ./../../sim_lib/ddrphy/ddr3_slice_top_v1_10.v(1375): [TFMPC] - Missing connection for port 'TFB'.
# ** Warning: (vsim-3722) ./../../sim_lib/ddrphy/ddr3_slice_top_v1_10.v(1375): [TFMPC] - Missing connection for port 'TERM_FB'.
# ** Warning: (vsim-3015) C:/pango/PDS_2022.2-SP6.4/arch/vendor/pango/verilog/simulation/GTP_OSERDES_E2.v(692): [PCDPC] - Port size (2) does not match connection size (8) for port 'ts_ctrl'. The port definition is at: nofile(1480).
#    Time: 0 fs  Iteration: 0  Instance: /tb_soc_ddr3_top/dut/u_ddr3/u_ddrphy_top/ddrphy_slice_top/i_mem_addr_0[14]/u_oserdes_addr/genblk1/xoserdes_e2_iolhr_ol File: C:/pango/PDS_2022.2-SP6.4/ip/system_ip/ips2l_hmic_s/ips2l_hmic_eval/ips2l_hmic_s/../../../../../arch/vendor/pango/verilog/simulation/modelsim10.2c/oserdes_e2_source_codes/oserdes_e2_iolhr_ol.vp
# ** Warning: (vsim-3017) ./../../sim_lib/ddrphy/ddr3_slice_top_v1_10.v(1399): [TFMPC] - Too few port connections. Expected 5, found 4.
#    Time: 0 fs  Iteration: 0  Instance: /tb_soc_ddr3_top/dut/u_ddr3/u_ddrphy_top/ddrphy_slice_top/i_mem_addr_0[14]/u_odelay_addr File: C:/pango/PDS_2022.2-SP6.4/arch/vendor/pango/verilog/simulation/GTP_IODELAY_E2.v
# ** Warning: (vsim-3722) ./../../sim_lib/ddrphy/ddr3_slice_top_v1_10.v(1399): [TFMPC] - Missing connection for port 'EN_N'.
# ** Warning: (vsim-3017) ./../../sim_lib/ddrphy/ddr3_slice_top_v1_10.v(1440): [TFMPC] - Too few port connections. Expected 20, found 18.
#    Time: 0 fs  Iteration: 0  Instance: /tb_soc_ddr3_top/dut/u_ddr3/u_ddrphy_top/ddrphy_slice_top/k_mem_ba[0]/u_oserdes_ba File: C:/pango/PDS_2022.2-SP6.4/arch/vendor/pango/verilog/simulation/GTP_OSERDES_E2.v
# ** Warning: (vsim-3722) ./../../sim_lib/ddrphy/ddr3_slice_top_v1_10.v(1440): [TFMPC] - Missing connection for port 'TFB'.
# ** Warning: (vsim-3722) ./../../sim_lib/ddrphy/ddr3_slice_top_v1_10.v(1440): [TFMPC] - Missing connection for port 'TERM_FB'.
# ** Warning: (vsim-3015) C:/pango/PDS_2022.2-SP6.4/arch/vendor/pango/verilog/simulation/GTP_OSERDES_E2.v(692): [PCDPC] - Port size (2) does not match connection size (8) for port 'ts_ctrl'. The port definition is at: nofile(1480).
#    Time: 0 fs  Iteration: 0  Instance: /tb_soc_ddr3_top/dut/u_ddr3/u_ddrphy_top/ddrphy_slice_top/k_mem_ba[0]/u_oserdes_ba/genblk1/xoserdes_e2_iolhr_ol File: C:/pango/PDS_2022.2-SP6.4/ip/system_ip/ips2l_hmic_s/ips2l_hmic_eval/ips2l_hmic_s/../../../../../arch/vendor/pango/verilog/simulation/modelsim10.2c/oserdes_e2_source_codes/oserdes_e2_iolhr_ol.vp
# ** Warning: (vsim-3017) ./../../sim_lib/ddrphy/ddr3_slice_top_v1_10.v(1464): [TFMPC] - Too few port connections. Expected 5, found 4.
#    Time: 0 fs  Iteration: 0  Instance: /tb_soc_ddr3_top/dut/u_ddr3/u_ddrphy_top/ddrphy_slice_top/k_mem_ba[0]/u_odelay_ba File: C:/pango/PDS_2022.2-SP6.4/arch/vendor/pango/verilog/simulation/GTP_IODELAY_E2.v
# ** Warning: (vsim-3722) ./../../sim_lib/ddrphy/ddr3_slice_top_v1_10.v(1464): [TFMPC] - Missing connection for port 'EN_N'.
# ** Warning: (vsim-3017) ./../../sim_lib/ddrphy/ddr3_slice_top_v1_10.v(1440): [TFMPC] - Too few port connections. Expected 20, found 18.
#    Time: 0 fs  Iteration: 0  Instance: /tb_soc_ddr3_top/dut/u_ddr3/u_ddrphy_top/ddrphy_slice_top/k_mem_ba[1]/u_oserdes_ba File: C:/pango/PDS_2022.2-SP6.4/arch/vendor/pango/verilog/simulation/GTP_OSERDES_E2.v
# ** Warning: (vsim-3722) ./../../sim_lib/ddrphy/ddr3_slice_top_v1_10.v(1440): [TFMPC] - Missing connection for port 'TFB'.
# ** Warning: (vsim-3722) ./../../sim_lib/ddrphy/ddr3_slice_top_v1_10.v(1440): [TFMPC] - Missing connection for port 'TERM_FB'.
# ** Warning: (vsim-3015) C:/pango/PDS_2022.2-SP6.4/arch/vendor/pango/verilog/simulation/GTP_OSERDES_E2.v(692): [PCDPC] - Port size (2) does not match connection size (8) for port 'ts_ctrl'. The port definition is at: nofile(1480).
#    Time: 0 fs  Iteration: 0  Instance: /tb_soc_ddr3_top/dut/u_ddr3/u_ddrphy_top/ddrphy_slice_top/k_mem_ba[1]/u_oserdes_ba/genblk1/xoserdes_e2_iolhr_ol File: C:/pango/PDS_2022.2-SP6.4/ip/system_ip/ips2l_hmic_s/ips2l_hmic_eval/ips2l_hmic_s/../../../../../arch/vendor/pango/verilog/simulation/modelsim10.2c/oserdes_e2_source_codes/oserdes_e2_iolhr_ol.vp
# ** Warning: (vsim-3017) ./../../sim_lib/ddrphy/ddr3_slice_top_v1_10.v(1464): [TFMPC] - Too few port connections. Expected 5, found 4.
#    Time: 0 fs  Iteration: 0  Instance: /tb_soc_ddr3_top/dut/u_ddr3/u_ddrphy_top/ddrphy_slice_top/k_mem_ba[1]/u_odelay_ba File: C:/pango/PDS_2022.2-SP6.4/arch/vendor/pango/verilog/simulation/GTP_IODELAY_E2.v
# ** Warning: (vsim-3722) ./../../sim_lib/ddrphy/ddr3_slice_top_v1_10.v(1464): [TFMPC] - Missing connection for port 'EN_N'.
# ** Warning: (vsim-3017) ./../../sim_lib/ddrphy/ddr3_slice_top_v1_10.v(1440): [TFMPC] - Too few port connections. Expected 20, found 18.
#    Time: 0 fs  Iteration: 0  Instance: /tb_soc_ddr3_top/dut/u_ddr3/u_ddrphy_top/ddrphy_slice_top/k_mem_ba[2]/u_oserdes_ba File: C:/pango/PDS_2022.2-SP6.4/arch/vendor/pango/verilog/simulation/GTP_OSERDES_E2.v
# ** Warning: (vsim-3722) ./../../sim_lib/ddrphy/ddr3_slice_top_v1_10.v(1440): [TFMPC] - Missing connection for port 'TFB'.
# ** Warning: (vsim-3722) ./../../sim_lib/ddrphy/ddr3_slice_top_v1_10.v(1440): [TFMPC] - Missing connection for port 'TERM_FB'.
# ** Warning: (vsim-3015) C:/pango/PDS_2022.2-SP6.4/arch/vendor/pango/verilog/simulation/GTP_OSERDES_E2.v(692): [PCDPC] - Port size (2) does not match connection size (8) for port 'ts_ctrl'. The port definition is at: nofile(1480).
#    Time: 0 fs  Iteration: 0  Instance: /tb_soc_ddr3_top/dut/u_ddr3/u_ddrphy_top/ddrphy_slice_top/k_mem_ba[2]/u_oserdes_ba/genblk1/xoserdes_e2_iolhr_ol File: C:/pango/PDS_2022.2-SP6.4/ip/system_ip/ips2l_hmic_s/ips2l_hmic_eval/ips2l_hmic_s/../../../../../arch/vendor/pango/verilog/simulation/modelsim10.2c/oserdes_e2_source_codes/oserdes_e2_iolhr_ol.vp
# ** Warning: (vsim-3017) ./../../sim_lib/ddrphy/ddr3_slice_top_v1_10.v(1464): [TFMPC] - Too few port connections. Expected 5, found 4.
#    Time: 0 fs  Iteration: 0  Instance: /tb_soc_ddr3_top/dut/u_ddr3/u_ddrphy_top/ddrphy_slice_top/k_mem_ba[2]/u_odelay_ba File: C:/pango/PDS_2022.2-SP6.4/arch/vendor/pango/verilog/simulation/GTP_IODELAY_E2.v
# ** Warning: (vsim-3722) ./../../sim_lib/ddrphy/ddr3_slice_top_v1_10.v(1464): [TFMPC] - Missing connection for port 'EN_N'.
# tb_soc_ddr3_top.mem_core.reset at time 10981650.0 ps WARNING: 200 us is required before RST_N goes inactive.
# tb_soc_ddr3_top.mem_core.cmd_task at time 16132150.0 ps WARNING: 500 us is required after RST_N goes inactive before CKE goes active.
# tb_soc_ddr3_top.mem_core.cmd_task: at time 16462817.0 ps INFO: Load Mode 2
# tb_soc_ddr3_top.mem_core.cmd_task: at time 16462817.0 ps INFO: Load Mode 2 Partial Array Self Refresh = Bank 0-7
# tb_soc_ddr3_top.mem_core.cmd_task: at time 16462817.0 ps INFO: Load Mode 2 CAS Write Latency =           5
# tb_soc_ddr3_top.mem_core.cmd_task: at time 16462817.0 ps INFO: Load Mode 2 Auto Self Refresh = Disabled
# tb_soc_ddr3_top.mem_core.cmd_task: at time 16462817.0 ps INFO: Load Mode 2 Self Refresh Temperature = Normal
# tb_soc_ddr3_top.mem_core.cmd_task: at time 16462817.0 ps INFO: Load Mode 2 Dynamic ODT = Disabled
# tb_soc_ddr3_top.mem_core.cmd_task: at time 16494817.0 ps INFO: Load Mode 3
# tb_soc_ddr3_top.mem_core.cmd_task: at time 16494817.0 ps INFO: Load Mode 3 MultiPurpose Register Select = Pre-defined pattern
# tb_soc_ddr3_top.mem_core.cmd_task: at time 16494817.0 ps INFO: Load Mode 3 MultiPurpose Register Enable = Disabled
# tb_soc_ddr3_top.mem_core.cmd_task: at time 16526817.0 ps INFO: Load Mode 1
# tb_soc_ddr3_top.mem_core.cmd_task: at time 16526817.0 ps INFO: Load Mode 1 DLL Enable = Enabled
# tb_soc_ddr3_top.mem_core.cmd_task: at time 16526817.0 ps INFO: Load Mode 1 Output Drive Strength =          40 Ohm
# tb_soc_ddr3_top.mem_core.cmd_task: at time 16526817.0 ps INFO: Load Mode 1 ODT Rtt =          60 Ohm
# tb_soc_ddr3_top.mem_core.cmd_task: at time 16526817.0 ps INFO: Load Mode 1 Additive Latency = CL - 2
# tb_soc_ddr3_top.mem_core.cmd_task: at time 16526817.0 ps INFO: Load Mode 1 Write Levelization = Disabled
# tb_soc_ddr3_top.mem_core.cmd_task: at time 16526817.0 ps INFO: Load Mode 1 TDQS Enable = Disabled
# tb_soc_ddr3_top.mem_core.cmd_task: at time 16526817.0 ps INFO: Load Mode 1 Qoff = Enabled
# tb_soc_ddr3_top.mem_core.cmd_task: at time 16558817.0 ps INFO: Load Mode 0
# tb_soc_ddr3_top.mem_core.cmd_task: at time 16558817.0 ps INFO: Load Mode 0 Burst Length =  8
# tb_soc_ddr3_top.mem_core.cmd_task: at time 16558817.0 ps INFO: Load Mode 0 Burst Order = Sequential
# tb_soc_ddr3_top.mem_core.cmd_task: at time 16558817.0 ps INFO: Load Mode 0 CAS Latency =           6
# tb_soc_ddr3_top.mem_core.cmd_task: at time 16558817.0 ps INFO: Load Mode 0 DLL Reset = Reset DLL
# tb_soc_ddr3_top.mem_core.cmd_task: at time 16558817.0 ps INFO: Load Mode 0 Write Recovery =           6
# tb_soc_ddr3_top.mem_core.cmd_task: at time 16558817.0 ps INFO: Load Mode 0 Power Down Mode = DLL on
# tb_soc_ddr3_top.mem_core.cmd_task: at time 16612150.0 ps INFO: ZQ        long = 1
# tb_soc_ddr3_top.mem_core.cmd_task: at time 16612150.0 ps INFO: Initialization Sequence is complete
# tb_soc_ddr3_top.mem_core.cmd_task: at time 18020150.0 ps INFO: Load Mode 1
# tb_soc_ddr3_top.mem_core.cmd_task: at time 18020150.0 ps INFO: Load Mode 1 DLL Enable = Enabled
# tb_soc_ddr3_top.mem_core.cmd_task: at time 18020150.0 ps INFO: Load Mode 1 Output Drive Strength =          40 Ohm
# tb_soc_ddr3_top.mem_core.cmd_task: at time 18020150.0 ps INFO: Load Mode 1 ODT Rtt =          60 Ohm
# tb_soc_ddr3_top.mem_core.cmd_task: at time 18020150.0 ps INFO: Load Mode 1 Additive Latency = CL - 2
# tb_soc_ddr3_top.mem_core.cmd_task: at time 18020150.0 ps INFO: Load Mode 1 Write Levelization = Enabled
# tb_soc_ddr3_top.mem_core.cmd_task: at time 18020150.0 ps INFO: Load Mode 1 TDQS Enable = Disabled
# tb_soc_ddr3_top.mem_core.cmd_task: at time 18020150.0 ps INFO: Load Mode 1 Qoff = Enabled
# tb_soc_ddr3_top.mem_core.main: at time 18081483.0 ps INFO: Sync On Die Termination Rtt_NOM =         60 Ohm
# tb_soc_ddr3_top.mem_core.dqs_pos_timing_check: at time 18572010.0 ps Write Leveling @ DQS ck = 0
# tb_soc_ddr3_top.mem_core.dqs_pos_timing_check: at time 18572010.0 ps Write Leveling @ DQS ck = 0
# tb_soc_ddr3_top.mem_core.main: at time 18572150.0 ps WARNING: tWLH violation on DQS bit           0 positive edge.   Indeterminate CK capture is possible.
# tb_soc_ddr3_top.mem_core.main: at time 18572150.0 ps WARNING: tWLH violation on DQS bit           1 positive edge.   Indeterminate CK capture is possible.
# tb_soc_ddr3_top.mem_core.dqs_pos_timing_check: at time 19094687.0 ps Write Leveling @ DQS ck = 0
# tb_soc_ddr3_top.mem_core.dqs_pos_timing_check: at time 19094687.0 ps Write Leveling @ DQS ck = 0
# tb_soc_ddr3_top.mem_core.main: at time 19094817.0 ps WARNING: tWLH violation on DQS bit           0 positive edge.   Indeterminate CK capture is possible.
# tb_soc_ddr3_top.mem_core.main: at time 19094817.0 ps WARNING: tWLH violation on DQS bit           1 positive edge.   Indeterminate CK capture is possible.
# tb_soc_ddr3_top.mem_core.dqs_pos_timing_check: at time 19617363.0 ps Write Leveling @ DQS ck = 0
# tb_soc_ddr3_top.mem_core.dqs_pos_timing_check: at time 19617363.0 ps Write Leveling @ DQS ck = 0
# tb_soc_ddr3_top.mem_core.main: at time 19617483.0 ps WARNING: tWLH violation on DQS bit           0 positive edge.   Indeterminate CK capture is possible.
# tb_soc_ddr3_top.mem_core.main: at time 19617483.0 ps WARNING: tWLH violation on DQS bit           1 positive edge.   Indeterminate CK capture is possible.
# tb_soc_ddr3_top.mem_core.dqs_pos_timing_check: at time 20140040.0 ps Write Leveling @ DQS ck = 0
# tb_soc_ddr3_top.mem_core.dqs_pos_timing_check: at time 20140040.0 ps Write Leveling @ DQS ck = 0
# tb_soc_ddr3_top.mem_core.main: at time 20140150.0 ps WARNING: tWLH violation on DQS bit           0 positive edge.   Indeterminate CK capture is possible.
# tb_soc_ddr3_top.mem_core.main: at time 20140150.0 ps WARNING: tWLH violation on DQS bit           1 positive edge.   Indeterminate CK capture is possible.
# tb_soc_ddr3_top.mem_core.dqs_pos_timing_check: at time 20662717.0 ps Write Leveling @ DQS ck = 0
# tb_soc_ddr3_top.mem_core.dqs_pos_timing_check: at time 20662717.0 ps Write Leveling @ DQS ck = 0
# tb_soc_ddr3_top.mem_core.main: at time 20662817.0 ps WARNING: tWLH violation on DQS bit           0 positive edge.   Indeterminate CK capture is possible.
# tb_soc_ddr3_top.mem_core.main: at time 20662817.0 ps WARNING: tWLH violation on DQS bit           1 positive edge.   Indeterminate CK capture is possible.
# tb_soc_ddr3_top.mem_core.dqs_pos_timing_check: at time 21185393.0 ps Write Leveling @ DQS ck = 0
# tb_soc_ddr3_top.mem_core.dqs_pos_timing_check: at time 21185393.0 ps Write Leveling @ DQS ck = 0
# tb_soc_ddr3_top.mem_core.main: at time 21185483.0 ps WARNING: tWLH violation on DQS bit           0 positive edge.   Indeterminate CK capture is possible.
# tb_soc_ddr3_top.mem_core.main: at time 21185483.0 ps WARNING: tWLH violation on DQS bit           1 positive edge.   Indeterminate CK capture is possible.
# tb_soc_ddr3_top.mem_core.dqs_pos_timing_check: at time 21708070.0 ps Write Leveling @ DQS ck = 0
# tb_soc_ddr3_top.mem_core.dqs_pos_timing_check: at time 21708070.0 ps Write Leveling @ DQS ck = 0
# tb_soc_ddr3_top.mem_core.main: at time 21708150.0 ps WARNING: tWLH violation on DQS bit           0 positive edge.   Indeterminate CK capture is possible.
# tb_soc_ddr3_top.mem_core.main: at time 21708150.0 ps WARNING: tWLH violation on DQS bit           1 positive edge.   Indeterminate CK capture is possible.
# tb_soc_ddr3_top.mem_core.dqs_pos_timing_check: at time 22230747.0 ps Write Leveling @ DQS ck = 0
# tb_soc_ddr3_top.mem_core.dqs_pos_timing_check: at time 22230747.0 ps Write Leveling @ DQS ck = 0
# tb_soc_ddr3_top.mem_core.main: at time 22230817.0 ps WARNING: tWLH violation on DQS bit           0 positive edge.   Indeterminate CK capture is possible.
# tb_soc_ddr3_top.mem_core.main: at time 22230817.0 ps WARNING: tWLH violation on DQS bit           1 positive edge.   Indeterminate CK capture is possible.
# tb_soc_ddr3_top.mem_core.dqs_pos_timing_check: at time 22753423.0 ps Write Leveling @ DQS ck = 0
# tb_soc_ddr3_top.mem_core.dqs_pos_timing_check: at time 22753423.0 ps Write Leveling @ DQS ck = 0
# tb_soc_ddr3_top.mem_core.main: at time 22753483.0 ps WARNING: tWLH violation on DQS bit           0 positive edge.   Indeterminate CK capture is possible.
# tb_soc_ddr3_top.mem_core.main: at time 22753483.0 ps WARNING: tWLH violation on DQS bit           1 positive edge.   Indeterminate CK capture is possible.
# tb_soc_ddr3_top.mem_core.dqs_pos_timing_check: at time 23276100.0 ps Write Leveling @ DQS ck = 0
# tb_soc_ddr3_top.mem_core.dqs_pos_timing_check: at time 23276100.0 ps Write Leveling @ DQS ck = 0
# tb_soc_ddr3_top.mem_core.main: at time 23276150.0 ps WARNING: tWLH violation on DQS bit           0 positive edge.   Indeterminate CK capture is possible.
# tb_soc_ddr3_top.mem_core.main: at time 23276150.0 ps WARNING: tWLH violation on DQS bit           1 positive edge.   Indeterminate CK capture is possible.
# tb_soc_ddr3_top.mem_core.dqs_pos_timing_check: at time 23798777.0 ps Write Leveling @ DQS ck = 0
# tb_soc_ddr3_top.mem_core.dqs_pos_timing_check: at time 23798777.0 ps Write Leveling @ DQS ck = 0
# tb_soc_ddr3_top.mem_core.main: at time 23798817.0 ps WARNING: tWLH violation on DQS bit           0 positive edge.   Indeterminate CK capture is possible.
# tb_soc_ddr3_top.mem_core.main: at time 23798817.0 ps WARNING: tWLH violation on DQS bit           1 positive edge.   Indeterminate CK capture is possible.
# tb_soc_ddr3_top.mem_core.dqs_pos_timing_check: at time 24321453.0 ps Write Leveling @ DQS ck = 0
# tb_soc_ddr3_top.mem_core.dqs_pos_timing_check: at time 24321453.0 ps Write Leveling @ DQS ck = 0
# tb_soc_ddr3_top.mem_core.main: at time 24321483.0 ps WARNING: tWLH violation on DQS bit           0 positive edge.   Indeterminate CK capture is possible.
# tb_soc_ddr3_top.mem_core.main: at time 24321483.0 ps WARNING: tWLH violation on DQS bit           1 positive edge.   Indeterminate CK capture is possible.
# tb_soc_ddr3_top.mem_core.dqs_pos_timing_check: at time 24844130.0 ps Write Leveling @ DQS ck = 0
# tb_soc_ddr3_top.mem_core.dqs_pos_timing_check: at time 24844130.0 ps Write Leveling @ DQS ck = 0
# tb_soc_ddr3_top.mem_core.main: at time 24844150.0 ps WARNING: tWLH violation on DQS bit           0 positive edge.   Indeterminate CK capture is possible.
# tb_soc_ddr3_top.mem_core.main: at time 24844150.0 ps WARNING: tWLH violation on DQS bit           1 positive edge.   Indeterminate CK capture is possible.
# tb_soc_ddr3_top.mem_core.dqs_pos_timing_check: at time 25366807.0 ps Write Leveling @ DQS ck = 0
# tb_soc_ddr3_top.mem_core.dqs_pos_timing_check: at time 25366807.0 ps Write Leveling @ DQS ck = 0
# tb_soc_ddr3_top.mem_core.main: at time 25366817.0 ps WARNING: tWLH violation on DQS bit           0 positive edge.   Indeterminate CK capture is possible.
# tb_soc_ddr3_top.mem_core.main: at time 25366817.0 ps WARNING: tWLH violation on DQS bit           1 positive edge.   Indeterminate CK capture is possible.
# tb_soc_ddr3_top.mem_core.dqs_pos_timing_check: at time 25889483.0 ps WARNING: tWLS violation on DQS bit  1 positive edge.  Indeterminate CK capture is possible.
# tb_soc_ddr3_top.mem_core.dqs_pos_timing_check: at time 25889483.0 ps Write Leveling @ DQS ck = 1
# tb_soc_ddr3_top.mem_core.dqs_pos_timing_check: at time 25889483.0 ps WARNING: tWLS violation on DQS bit  0 positive edge.  Indeterminate CK capture is possible.
# tb_soc_ddr3_top.mem_core.dqs_pos_timing_check: at time 25889483.0 ps Write Leveling @ DQS ck = 1
# tb_soc_ddr3_top.mem_core.main: at time 26273483.0 ps INFO: Sync On Die Termination Rtt_NOM =          0 Ohm
# tb_soc_ddr3_top.mem_core.cmd_task: at time 26425483.0 ps INFO: Load Mode 1
# tb_soc_ddr3_top.mem_core.cmd_task: at time 26425483.0 ps INFO: Load Mode 1 DLL Enable = Enabled
# tb_soc_ddr3_top.mem_core.cmd_task: at time 26425483.0 ps INFO: Load Mode 1 Output Drive Strength =          40 Ohm
# tb_soc_ddr3_top.mem_core.cmd_task: at time 26425483.0 ps INFO: Load Mode 1 ODT Rtt =          60 Ohm
# tb_soc_ddr3_top.mem_core.cmd_task: at time 26425483.0 ps INFO: Load Mode 1 Additive Latency = CL - 2
# tb_soc_ddr3_top.mem_core.cmd_task: at time 26425483.0 ps INFO: Load Mode 1 Write Levelization = Disabled
# tb_soc_ddr3_top.mem_core.cmd_task: at time 26425483.0 ps INFO: Load Mode 1 TDQS Enable = Disabled
# tb_soc_ddr3_top.mem_core.cmd_task: at time 26425483.0 ps INFO: Load Mode 1 Qoff = Enabled
# tb_soc_ddr3_top.mem_core.cmd_task: at time 26692150.0 ps INFO: Refresh  
# tb_soc_ddr3_top.mem_core.cmd_task: at time 27033483.0 ps INFO: Refresh  
# tb_soc_ddr3_top.mem_core.cmd_task: at time 27374817.0 ps INFO: Refresh  
# tb_soc_ddr3_top.mem_core.cmd_task: at time 27716150.0 ps INFO: Refresh  
# tb_soc_ddr3_top.mem_core.cmd_task: at time 28057483.0 ps INFO: Activate  bank 0 row 0000
# tb_soc_ddr3_top.mem_core.cmd_task: at time 28089483.0 ps INFO: Write     bank 0 col 000, auto precharge 0
# tb_soc_ddr3_top.mem_core.cmd_task: at time 28100150.0 ps INFO: Write     bank 0 col 008, auto precharge 0
# tb_soc_ddr3_top.mem_core.main: at time 28108150.0 ps INFO: Sync On Die Termination Rtt_NOM =         60 Ohm
# tb_soc_ddr3_top.mem_core.cmd_task: at time 28110817.0 ps INFO: Write     bank 0 col 010, auto precharge 0
# tb_soc_ddr3_top.mem_core.data_task: at time 28114817.0 ps INFO: WRITE @ DQS= bank = 0 row = 0000 col = 00000000 data = 0000
# tb_soc_ddr3_top.mem_core.data_task: at time 28116150.0 ps INFO: WRITE @ DQS= bank = 0 row = 0000 col = 00000001 data = 0000
# tb_soc_ddr3_top.mem_core.data_task: at time 28117483.0 ps INFO: WRITE @ DQS= bank = 0 row = 0000 col = 00000002 data = 0000
# tb_soc_ddr3_top.mem_core.data_task: at time 28118817.0 ps INFO: WRITE @ DQS= bank = 0 row = 0000 col = 00000003 data = ffff
# tb_soc_ddr3_top.mem_core.data_task: at time 28120150.0 ps INFO: WRITE @ DQS= bank = 0 row = 0000 col = 00000004 data = ffff
# tb_soc_ddr3_top.mem_core.data_task: at time 28121483.0 ps INFO: WRITE @ DQS= bank = 0 row = 0000 col = 00000005 data = 0000
# tb_soc_ddr3_top.mem_core.data_task: at time 28122817.0 ps INFO: WRITE @ DQS= bank = 0 row = 0000 col = 00000006 data = ffff
# tb_soc_ddr3_top.mem_core.data_task: at time 28124150.0 ps INFO: WRITE @ DQS= bank = 0 row = 0000 col = 00000007 data = ffff
# tb_soc_ddr3_top.mem_core.data_task: at time 28125483.0 ps INFO: WRITE @ DQS= bank = 0 row = 0000 col = 00000008 data = 0000
# tb_soc_ddr3_top.mem_core.data_task: at time 28126817.0 ps INFO: WRITE @ DQS= bank = 0 row = 0000 col = 00000009 data = 0000
# tb_soc_ddr3_top.mem_core.data_task: at time 28128150.0 ps INFO: WRITE @ DQS= bank = 0 row = 0000 col = 0000000a data = 0000
# tb_soc_ddr3_top.mem_core.data_task: at time 28129483.0 ps INFO: WRITE @ DQS= bank = 0 row = 0000 col = 0000000b data = ffff
# tb_soc_ddr3_top.mem_core.data_task: at time 28130817.0 ps INFO: WRITE @ DQS= bank = 0 row = 0000 col = 0000000c data = ffff
# tb_soc_ddr3_top.mem_core.data_task: at time 28132150.0 ps INFO: WRITE @ DQS= bank = 0 row = 0000 col = 0000000d data = 0000
# tb_soc_ddr3_top.mem_core.data_task: at time 28133483.0 ps INFO: WRITE @ DQS= bank = 0 row = 0000 col = 0000000e data = ffff
# tb_soc_ddr3_top.mem_core.data_task: at time 28134817.0 ps INFO: WRITE @ DQS= bank = 0 row = 0000 col = 0000000f data = ffff
# tb_soc_ddr3_top.mem_core.data_task: at time 28136150.0 ps INFO: WRITE @ DQS= bank = 0 row = 0000 col = 00000010 data = 0000
# tb_soc_ddr3_top.mem_core.data_task: at time 28137483.0 ps INFO: WRITE @ DQS= bank = 0 row = 0000 col = 00000011 data = 0000
# tb_soc_ddr3_top.mem_core.data_task: at time 28138817.0 ps INFO: WRITE @ DQS= bank = 0 row = 0000 col = 00000012 data = 0000
# tb_soc_ddr3_top.mem_core.data_task: at time 28140150.0 ps INFO: WRITE @ DQS= bank = 0 row = 0000 col = 00000013 data = ffff
# tb_soc_ddr3_top.mem_core.data_task: at time 28141483.0 ps INFO: WRITE @ DQS= bank = 0 row = 0000 col = 00000014 data = ffff
# tb_soc_ddr3_top.mem_core.data_task: at time 28142817.0 ps INFO: WRITE @ DQS= bank = 0 row = 0000 col = 00000015 data = 0000
# tb_soc_ddr3_top.mem_core.data_task: at time 28144150.0 ps INFO: WRITE @ DQS= bank = 0 row = 0000 col = 00000016 data = ffff
# tb_soc_ddr3_top.mem_core.data_task: at time 28145483.0 ps INFO: WRITE @ DQS= bank = 0 row = 0000 col = 00000017 data = ffff
# tb_soc_ddr3_top.mem_core.cmd_task: at time 28174817.0 ps INFO: Read      bank 0 col 008, auto precharge 0
# tb_soc_ddr3_top.mem_core.main: at time 28182817.0 ps INFO: Sync On Die Termination Rtt_NOM =          0 Ohm
# tb_soc_ddr3_top.mem_core.data_task: at time 28200150.0 ps INFO: READ @ DQS= bank = 0 row = 0000 col = 00000008 data = 0000
# tb_soc_ddr3_top.mem_core.data_task: at time 28201483.0 ps INFO: READ @ DQS= bank = 0 row = 0000 col = 00000009 data = 0000
# tb_soc_ddr3_top.mem_core.data_task: at time 28202817.0 ps INFO: READ @ DQS= bank = 0 row = 0000 col = 0000000a data = 0000
# tb_soc_ddr3_top.mem_core.data_task: at time 28204150.0 ps INFO: READ @ DQS= bank = 0 row = 0000 col = 0000000b data = ffff
# tb_soc_ddr3_top.mem_core.data_task: at time 28205483.0 ps INFO: READ @ DQS= bank = 0 row = 0000 col = 0000000c data = ffff
# tb_soc_ddr3_top.mem_core.data_task: at time 28206817.0 ps INFO: READ @ DQS= bank = 0 row = 0000 col = 0000000d data = 0000
# tb_soc_ddr3_top.mem_core.data_task: at time 28208150.0 ps INFO: READ @ DQS= bank = 0 row = 0000 col = 0000000e data = ffff
# tb_soc_ddr3_top.mem_core.data_task: at time 28209483.0 ps INFO: READ @ DQS= bank = 0 row = 0000 col = 0000000f data = ffff
# tb_soc_ddr3_top.mem_core.cmd_task: at time 28494817.0 ps INFO: Read      bank 0 col 008, auto precharge 0
# tb_soc_ddr3_top.mem_core.data_task: at time 28520150.0 ps INFO: READ @ DQS= bank = 0 row = 0000 col = 00000008 data = 0000
# tb_soc_ddr3_top.mem_core.data_task: at time 28521483.0 ps INFO: READ @ DQS= bank = 0 row = 0000 col = 00000009 data = 0000
# tb_soc_ddr3_top.mem_core.data_task: at time 28522817.0 ps INFO: READ @ DQS= bank = 0 row = 0000 col = 0000000a data = 0000
# tb_soc_ddr3_top.mem_core.data_task: at time 28524150.0 ps INFO: READ @ DQS= bank = 0 row = 0000 col = 0000000b data = ffff
# tb_soc_ddr3_top.mem_core.data_task: at time 28525483.0 ps INFO: READ @ DQS= bank = 0 row = 0000 col = 0000000c data = ffff
# tb_soc_ddr3_top.mem_core.data_task: at time 28526817.0 ps INFO: READ @ DQS= bank = 0 row = 0000 col = 0000000d data = 0000
# tb_soc_ddr3_top.mem_core.data_task: at time 28528150.0 ps INFO: READ @ DQS= bank = 0 row = 0000 col = 0000000e data = ffff
# tb_soc_ddr3_top.mem_core.data_task: at time 28529483.0 ps INFO: READ @ DQS= bank = 0 row = 0000 col = 0000000f data = ffff
# tb_soc_ddr3_top.mem_core.cmd_task: at time 28814817.0 ps INFO: Read      bank 0 col 008, auto precharge 0
# tb_soc_ddr3_top.mem_core.data_task: at time 28840150.0 ps INFO: READ @ DQS= bank = 0 row = 0000 col = 00000008 data = 0000
# tb_soc_ddr3_top.mem_core.data_task: at time 28841483.0 ps INFO: READ @ DQS= bank = 0 row = 0000 col = 00000009 data = 0000
# tb_soc_ddr3_top.mem_core.data_task: at time 28842817.0 ps INFO: READ @ DQS= bank = 0 row = 0000 col = 0000000a data = 0000
# tb_soc_ddr3_top.mem_core.data_task: at time 28844150.0 ps INFO: READ @ DQS= bank = 0 row = 0000 col = 0000000b data = ffff
# tb_soc_ddr3_top.mem_core.data_task: at time 28845483.0 ps INFO: READ @ DQS= bank = 0 row = 0000 col = 0000000c data = ffff
# tb_soc_ddr3_top.mem_core.data_task: at time 28846817.0 ps INFO: READ @ DQS= bank = 0 row = 0000 col = 0000000d data = 0000
# tb_soc_ddr3_top.mem_core.data_task: at time 28848150.0 ps INFO: READ @ DQS= bank = 0 row = 0000 col = 0000000e data = ffff
# tb_soc_ddr3_top.mem_core.data_task: at time 28849483.0 ps INFO: READ @ DQS= bank = 0 row = 0000 col = 0000000f data = ffff
# tb_soc_ddr3_top.mem_core.cmd_task: at time 29134817.0 ps INFO: Read      bank 0 col 008, auto precharge 0
# tb_soc_ddr3_top.mem_core.data_task: at time 29160150.0 ps INFO: READ @ DQS= bank = 0 row = 0000 col = 00000008 data = 0000
# tb_soc_ddr3_top.mem_core.data_task: at time 29161483.0 ps INFO: READ @ DQS= bank = 0 row = 0000 col = 00000009 data = 0000
# tb_soc_ddr3_top.mem_core.data_task: at time 29162817.0 ps INFO: READ @ DQS= bank = 0 row = 0000 col = 0000000a data = 0000
# tb_soc_ddr3_top.mem_core.data_task: at time 29164150.0 ps INFO: READ @ DQS= bank = 0 row = 0000 col = 0000000b data = ffff
# tb_soc_ddr3_top.mem_core.data_task: at time 29165483.0 ps INFO: READ @ DQS= bank = 0 row = 0000 col = 0000000c data = ffff
# tb_soc_ddr3_top.mem_core.data_task: at time 29166817.0 ps INFO: READ @ DQS= bank = 0 row = 0000 col = 0000000d data = 0000
# tb_soc_ddr3_top.mem_core.data_task: at time 29168150.0 ps INFO: READ @ DQS= bank = 0 row = 0000 col = 0000000e data = ffff
# tb_soc_ddr3_top.mem_core.data_task: at time 29169483.0 ps INFO: READ @ DQS= bank = 0 row = 0000 col = 0000000f data = ffff
# tb_soc_ddr3_top.mem_core.cmd_task: at time 29454817.0 ps INFO: Read      bank 0 col 008, auto precharge 0
# tb_soc_ddr3_top.mem_core.data_task: at time 29480150.0 ps INFO: READ @ DQS= bank = 0 row = 0000 col = 00000008 data = 0000
# tb_soc_ddr3_top.mem_core.data_task: at time 29481483.0 ps INFO: READ @ DQS= bank = 0 row = 0000 col = 00000009 data = 0000
# tb_soc_ddr3_top.mem_core.data_task: at time 29482817.0 ps INFO: READ @ DQS= bank = 0 row = 0000 col = 0000000a data = 0000
# tb_soc_ddr3_top.mem_core.data_task: at time 29484150.0 ps INFO: READ @ DQS= bank = 0 row = 0000 col = 0000000b data = ffff
# tb_soc_ddr3_top.mem_core.data_task: at time 29485483.0 ps INFO: READ @ DQS= bank = 0 row = 0000 col = 0000000c data = ffff
# tb_soc_ddr3_top.mem_core.data_task: at time 29486817.0 ps INFO: READ @ DQS= bank = 0 row = 0000 col = 0000000d data = 0000
# tb_soc_ddr3_top.mem_core.data_task: at time 29488150.0 ps INFO: READ @ DQS= bank = 0 row = 0000 col = 0000000e data = ffff
# tb_soc_ddr3_top.mem_core.data_task: at time 29489483.0 ps INFO: READ @ DQS= bank = 0 row = 0000 col = 0000000f data = ffff
# tb_soc_ddr3_top.mem_core.cmd_task: at time 29774817.0 ps INFO: Read      bank 0 col 008, auto precharge 0
# tb_soc_ddr3_top.mem_core.data_task: at time 29800150.0 ps INFO: READ @ DQS= bank = 0 row = 0000 col = 00000008 data = 0000
# tb_soc_ddr3_top.mem_core.data_task: at time 29801483.0 ps INFO: READ @ DQS= bank = 0 row = 0000 col = 00000009 data = 0000
# tb_soc_ddr3_top.mem_core.data_task: at time 29802817.0 ps INFO: READ @ DQS= bank = 0 row = 0000 col = 0000000a data = 0000
# tb_soc_ddr3_top.mem_core.data_task: at time 29804150.0 ps INFO: READ @ DQS= bank = 0 row = 0000 col = 0000000b data = ffff
# tb_soc_ddr3_top.mem_core.data_task: at time 29805483.0 ps INFO: READ @ DQS= bank = 0 row = 0000 col = 0000000c data = ffff
# tb_soc_ddr3_top.mem_core.data_task: at time 29806817.0 ps INFO: READ @ DQS= bank = 0 row = 0000 col = 0000000d data = 0000
# tb_soc_ddr3_top.mem_core.data_task: at time 29808150.0 ps INFO: READ @ DQS= bank = 0 row = 0000 col = 0000000e data = ffff
# tb_soc_ddr3_top.mem_core.data_task: at time 29809483.0 ps INFO: READ @ DQS= bank = 0 row = 0000 col = 0000000f data = ffff
# tb_soc_ddr3_top.mem_core.cmd_task: at time 30094817.0 ps INFO: Read      bank 0 col 008, auto precharge 0
# tb_soc_ddr3_top.mem_core.data_task: at time 30120150.0 ps INFO: READ @ DQS= bank = 0 row = 0000 col = 00000008 data = 0000
# tb_soc_ddr3_top.mem_core.data_task: at time 30121483.0 ps INFO: READ @ DQS= bank = 0 row = 0000 col = 00000009 data = 0000
# tb_soc_ddr3_top.mem_core.data_task: at time 30122817.0 ps INFO: READ @ DQS= bank = 0 row = 0000 col = 0000000a data = 0000
# tb_soc_ddr3_top.mem_core.data_task: at time 30124150.0 ps INFO: READ @ DQS= bank = 0 row = 0000 col = 0000000b data = ffff
# tb_soc_ddr3_top.mem_core.data_task: at time 30125483.0 ps INFO: READ @ DQS= bank = 0 row = 0000 col = 0000000c data = ffff
# tb_soc_ddr3_top.mem_core.data_task: at time 30126817.0 ps INFO: READ @ DQS= bank = 0 row = 0000 col = 0000000d data = 0000
# tb_soc_ddr3_top.mem_core.data_task: at time 30128150.0 ps INFO: READ @ DQS= bank = 0 row = 0000 col = 0000000e data = ffff
# tb_soc_ddr3_top.mem_core.data_task: at time 30129483.0 ps INFO: READ @ DQS= bank = 0 row = 0000 col = 0000000f data = ffff
# tb_soc_ddr3_top.mem_core.cmd_task: at time 30414817.0 ps INFO: Read      bank 0 col 008, auto precharge 0
# tb_soc_ddr3_top.mem_core.data_task: at time 30440150.0 ps INFO: READ @ DQS= bank = 0 row = 0000 col = 00000008 data = 0000
# tb_soc_ddr3_top.mem_core.data_task: at time 30441483.0 ps INFO: READ @ DQS= bank = 0 row = 0000 col = 00000009 data = 0000
# tb_soc_ddr3_top.mem_core.data_task: at time 30442817.0 ps INFO: READ @ DQS= bank = 0 row = 0000 col = 0000000a data = 0000
# tb_soc_ddr3_top.mem_core.data_task: at time 30444150.0 ps INFO: READ @ DQS= bank = 0 row = 0000 col = 0000000b data = ffff
# tb_soc_ddr3_top.mem_core.data_task: at time 30445483.0 ps INFO: READ @ DQS= bank = 0 row = 0000 col = 0000000c data = ffff
# tb_soc_ddr3_top.mem_core.data_task: at time 30446817.0 ps INFO: READ @ DQS= bank = 0 row = 0000 col = 0000000d data = 0000
# tb_soc_ddr3_top.mem_core.data_task: at time 30448150.0 ps INFO: READ @ DQS= bank = 0 row = 0000 col = 0000000e data = ffff
# tb_soc_ddr3_top.mem_core.data_task: at time 30449483.0 ps INFO: READ @ DQS= bank = 0 row = 0000 col = 0000000f data = ffff
# tb_soc_ddr3_top.mem_core.cmd_task: at time 30734817.0 ps INFO: Read      bank 0 col 008, auto precharge 0
# tb_soc_ddr3_top.mem_core.data_task: at time 30760150.0 ps INFO: READ @ DQS= bank = 0 row = 0000 col = 00000008 data = 0000
# tb_soc_ddr3_top.mem_core.data_task: at time 30761483.0 ps INFO: READ @ DQS= bank = 0 row = 0000 col = 00000009 data = 0000
# tb_soc_ddr3_top.mem_core.data_task: at time 30762817.0 ps INFO: READ @ DQS= bank = 0 row = 0000 col = 0000000a data = 0000
# tb_soc_ddr3_top.mem_core.data_task: at time 30764150.0 ps INFO: READ @ DQS= bank = 0 row = 0000 col = 0000000b data = ffff
# tb_soc_ddr3_top.mem_core.data_task: at time 30765483.0 ps INFO: READ @ DQS= bank = 0 row = 0000 col = 0000000c data = ffff
# tb_soc_ddr3_top.mem_core.data_task: at time 30766817.0 ps INFO: READ @ DQS= bank = 0 row = 0000 col = 0000000d data = 0000
# tb_soc_ddr3_top.mem_core.data_task: at time 30768150.0 ps INFO: READ @ DQS= bank = 0 row = 0000 col = 0000000e data = ffff
# tb_soc_ddr3_top.mem_core.data_task: at time 30769483.0 ps INFO: READ @ DQS= bank = 0 row = 0000 col = 0000000f data = ffff
# tb_soc_ddr3_top.mem_core.cmd_task: at time 31054817.0 ps INFO: Read      bank 0 col 008, auto precharge 0
# tb_soc_ddr3_top.mem_core.data_task: at time 31080150.0 ps INFO: READ @ DQS= bank = 0 row = 0000 col = 00000008 data = 0000
# tb_soc_ddr3_top.mem_core.data_task: at time 31081483.0 ps INFO: READ @ DQS= bank = 0 row = 0000 col = 00000009 data = 0000
# tb_soc_ddr3_top.mem_core.data_task: at time 31082817.0 ps INFO: READ @ DQS= bank = 0 row = 0000 col = 0000000a data = 0000
# tb_soc_ddr3_top.mem_core.data_task: at time 31084150.0 ps INFO: READ @ DQS= bank = 0 row = 0000 col = 0000000b data = ffff
# tb_soc_ddr3_top.mem_core.data_task: at time 31085483.0 ps INFO: READ @ DQS= bank = 0 row = 0000 col = 0000000c data = ffff
# tb_soc_ddr3_top.mem_core.data_task: at time 31086817.0 ps INFO: READ @ DQS= bank = 0 row = 0000 col = 0000000d data = 0000
# tb_soc_ddr3_top.mem_core.data_task: at time 31088150.0 ps INFO: READ @ DQS= bank = 0 row = 0000 col = 0000000e data = ffff
# tb_soc_ddr3_top.mem_core.data_task: at time 31089483.0 ps INFO: READ @ DQS= bank = 0 row = 0000 col = 0000000f data = ffff
# tb_soc_ddr3_top.mem_core.cmd_task: at time 31374817.0 ps INFO: Read      bank 0 col 008, auto precharge 0
# tb_soc_ddr3_top.mem_core.data_task: at time 31400150.0 ps INFO: READ @ DQS= bank = 0 row = 0000 col = 00000008 data = 0000
# tb_soc_ddr3_top.mem_core.data_task: at time 31401483.0 ps INFO: READ @ DQS= bank = 0 row = 0000 col = 00000009 data = 0000
# tb_soc_ddr3_top.mem_core.data_task: at time 31402817.0 ps INFO: READ @ DQS= bank = 0 row = 0000 col = 0000000a data = 0000
# tb_soc_ddr3_top.mem_core.data_task: at time 31404150.0 ps INFO: READ @ DQS= bank = 0 row = 0000 col = 0000000b data = ffff
# tb_soc_ddr3_top.mem_core.data_task: at time 31405483.0 ps INFO: READ @ DQS= bank = 0 row = 0000 col = 0000000c data = ffff
# tb_soc_ddr3_top.mem_core.data_task: at time 31406817.0 ps INFO: READ @ DQS= bank = 0 row = 0000 col = 0000000d data = 0000
# tb_soc_ddr3_top.mem_core.data_task: at time 31408150.0 ps INFO: READ @ DQS= bank = 0 row = 0000 col = 0000000e data = ffff
# tb_soc_ddr3_top.mem_core.data_task: at time 31409483.0 ps INFO: READ @ DQS= bank = 0 row = 0000 col = 0000000f data = ffff
# tb_soc_ddr3_top.mem_core.cmd_task: at time 31694817.0 ps INFO: Read      bank 0 col 008, auto precharge 0
# tb_soc_ddr3_top.mem_core.data_task: at time 31720150.0 ps INFO: READ @ DQS= bank = 0 row = 0000 col = 00000008 data = 0000
# tb_soc_ddr3_top.mem_core.data_task: at time 31721483.0 ps INFO: READ @ DQS= bank = 0 row = 0000 col = 00000009 data = 0000
# tb_soc_ddr3_top.mem_core.data_task: at time 31722817.0 ps INFO: READ @ DQS= bank = 0 row = 0000 col = 0000000a data = 0000
# tb_soc_ddr3_top.mem_core.data_task: at time 31724150.0 ps INFO: READ @ DQS= bank = 0 row = 0000 col = 0000000b data = ffff
# tb_soc_ddr3_top.mem_core.data_task: at time 31725483.0 ps INFO: READ @ DQS= bank = 0 row = 0000 col = 0000000c data = ffff
# tb_soc_ddr3_top.mem_core.data_task: at time 31726817.0 ps INFO: READ @ DQS= bank = 0 row = 0000 col = 0000000d data = 0000
# tb_soc_ddr3_top.mem_core.data_task: at time 31728150.0 ps INFO: READ @ DQS= bank = 0 row = 0000 col = 0000000e data = ffff
# tb_soc_ddr3_top.mem_core.data_task: at time 31729483.0 ps INFO: READ @ DQS= bank = 0 row = 0000 col = 0000000f data = ffff
# tb_soc_ddr3_top.mem_core.cmd_task: at time 32014817.0 ps INFO: Precharge All
# tb_soc_ddr3_top.mem_core.cmd_task: at time 32014817.0 ps INFO: Precharge bank   0
# tb_soc_ddr3_top.mem_core.cmd_task: at time 32068150.0 ps INFO: Load Mode 3
# tb_soc_ddr3_top.mem_core.cmd_task: at time 32068150.0 ps INFO: Load Mode 3 MultiPurpose Register Select = Pre-defined pattern
# tb_soc_ddr3_top.mem_core.cmd_task: at time 32068150.0 ps INFO: Load Mode 3 MultiPurpose Register Enable = Enabled
# tb_soc_ddr3_top.mem_core.cmd_task: at time 32249483.0 ps INFO: Read      bank 0 col 008, auto precharge 0
# tb_soc_ddr3_top.mem_core.cmd_task: at time 32260150.0 ps INFO: Read      bank 0 col 008, auto precharge 0
# tb_soc_ddr3_top.mem_core.cmd_task: at time 32270817.0 ps INFO: Read      bank 0 col 008, auto precharge 0
# tb_soc_ddr3_top.mem_core.data_task: at time 32274817.0 ps READ @ DQS MultiPurpose Register 0, col = 0,  data = 0
# tb_soc_ddr3_top.mem_core.data_task: at time 32276150.0 ps READ @ DQS MultiPurpose Register 0, col = 1,  data = 1
# tb_soc_ddr3_top.mem_core.data_task: at time 32277483.0 ps READ @ DQS MultiPurpose Register 0, col = 2,  data = 0
# tb_soc_ddr3_top.mem_core.data_task: at time 32278817.0 ps READ @ DQS MultiPurpose Register 0, col = 3,  data = 1
# tb_soc_ddr3_top.mem_core.data_task: at time 32280150.0 ps READ @ DQS MultiPurpose Register 0, col = 4,  data = 0
# tb_soc_ddr3_top.mem_core.data_task: at time 32281483.0 ps READ @ DQS MultiPurpose Register 0, col = 5,  data = 1
# tb_soc_ddr3_top.mem_core.cmd_task: at time 32281483.0 ps INFO: Read      bank 0 col 008, auto precharge 0
# tb_soc_ddr3_top.mem_core.data_task: at time 32282817.0 ps READ @ DQS MultiPurpose Register 0, col = 6,  data = 0
# tb_soc_ddr3_top.mem_core.data_task: at time 32284150.0 ps READ @ DQS MultiPurpose Register 0, col = 7,  data = 1
# tb_soc_ddr3_top.mem_core.data_task: at time 32285483.0 ps READ @ DQS MultiPurpose Register 0, col = 0,  data = 0
# tb_soc_ddr3_top.mem_core.data_task: at time 32286817.0 ps READ @ DQS MultiPurpose Register 0, col = 1,  data = 1
# tb_soc_ddr3_top.mem_core.data_task: at time 32288150.0 ps READ @ DQS MultiPurpose Register 0, col = 2,  data = 0
# tb_soc_ddr3_top.mem_core.data_task: at time 32289483.0 ps READ @ DQS MultiPurpose Register 0, col = 3,  data = 1
# tb_soc_ddr3_top.mem_core.data_task: at time 32290817.0 ps READ @ DQS MultiPurpose Register 0, col = 4,  data = 0
# tb_soc_ddr3_top.mem_core.data_task: at time 32292150.0 ps READ @ DQS MultiPurpose Register 0, col = 5,  data = 1
# tb_soc_ddr3_top.mem_core.cmd_task: at time 32292150.0 ps INFO: Read      bank 0 col 008, auto precharge 0
# tb_soc_ddr3_top.mem_core.data_task: at time 32293483.0 ps READ @ DQS MultiPurpose Register 0, col = 6,  data = 0
# tb_soc_ddr3_top.mem_core.data_task: at time 32294817.0 ps READ @ DQS MultiPurpose Register 0, col = 7,  data = 1
# tb_soc_ddr3_top.mem_core.data_task: at time 32296150.0 ps READ @ DQS MultiPurpose Register 0, col = 0,  data = 0
# tb_soc_ddr3_top.mem_core.data_task: at time 32297483.0 ps READ @ DQS MultiPurpose Register 0, col = 1,  data = 1
# tb_soc_ddr3_top.mem_core.data_task: at time 32298817.0 ps READ @ DQS MultiPurpose Register 0, col = 2,  data = 0
# tb_soc_ddr3_top.mem_core.data_task: at time 32300150.0 ps READ @ DQS MultiPurpose Register 0, col = 3,  data = 1
# tb_soc_ddr3_top.mem_core.data_task: at time 32301483.0 ps READ @ DQS MultiPurpose Register 0, col = 4,  data = 0
# tb_soc_ddr3_top.mem_core.data_task: at time 32302817.0 ps READ @ DQS MultiPurpose Register 0, col = 5,  data = 1
# tb_soc_ddr3_top.mem_core.cmd_task: at time 32302817.0 ps INFO: Read      bank 0 col 008, auto precharge 0
# tb_soc_ddr3_top.mem_core.data_task: at time 32304150.0 ps READ @ DQS MultiPurpose Register 0, col = 6,  data = 0
# tb_soc_ddr3_top.mem_core.data_task: at time 32305483.0 ps READ @ DQS MultiPurpose Register 0, col = 7,  data = 1
# tb_soc_ddr3_top.mem_core.data_task: at time 32306817.0 ps READ @ DQS MultiPurpose Register 0, col = 0,  data = 0
# tb_soc_ddr3_top.mem_core.data_task: at time 32308150.0 ps READ @ DQS MultiPurpose Register 0, col = 1,  data = 1
# tb_soc_ddr3_top.mem_core.data_task: at time 32309483.0 ps READ @ DQS MultiPurpose Register 0, col = 2,  data = 0
# tb_soc_ddr3_top.mem_core.data_task: at time 32310817.0 ps READ @ DQS MultiPurpose Register 0, col = 3,  data = 1
# tb_soc_ddr3_top.mem_core.data_task: at time 32312150.0 ps READ @ DQS MultiPurpose Register 0, col = 4,  data = 0
# tb_soc_ddr3_top.mem_core.data_task: at time 32313483.0 ps READ @ DQS MultiPurpose Register 0, col = 5,  data = 1
# tb_soc_ddr3_top.mem_core.cmd_task: at time 32313483.0 ps INFO: Read      bank 0 col 008, auto precharge 0
# tb_soc_ddr3_top.mem_core.data_task: at time 32314817.0 ps READ @ DQS MultiPurpose Register 0, col = 6,  data = 0
# tb_soc_ddr3_top.mem_core.data_task: at time 32316150.0 ps READ @ DQS MultiPurpose Register 0, col = 7,  data = 1
# tb_soc_ddr3_top.mem_core.data_task: at time 32317483.0 ps READ @ DQS MultiPurpose Register 0, col = 0,  data = 0
# tb_soc_ddr3_top.mem_core.data_task: at time 32318817.0 ps READ @ DQS MultiPurpose Register 0, col = 1,  data = 1
# tb_soc_ddr3_top.mem_core.data_task: at time 32320150.0 ps READ @ DQS MultiPurpose Register 0, col = 2,  data = 0
# tb_soc_ddr3_top.mem_core.data_task: at time 32321483.0 ps READ @ DQS MultiPurpose Register 0, col = 3,  data = 1
# tb_soc_ddr3_top.mem_core.data_task: at time 32322817.0 ps READ @ DQS MultiPurpose Register 0, col = 4,  data = 0
# tb_soc_ddr3_top.mem_core.data_task: at time 32324150.0 ps READ @ DQS MultiPurpose Register 0, col = 5,  data = 1
# tb_soc_ddr3_top.mem_core.cmd_task: at time 32324150.0 ps INFO: Read      bank 0 col 008, auto precharge 0
# tb_soc_ddr3_top.mem_core.data_task: at time 32325483.0 ps READ @ DQS MultiPurpose Register 0, col = 6,  data = 0
# tb_soc_ddr3_top.mem_core.data_task: at time 32326817.0 ps READ @ DQS MultiPurpose Register 0, col = 7,  data = 1
# tb_soc_ddr3_top.mem_core.data_task: at time 32328150.0 ps READ @ DQS MultiPurpose Register 0, col = 0,  data = 0
# tb_soc_ddr3_top.mem_core.data_task: at time 32329483.0 ps READ @ DQS MultiPurpose Register 0, col = 1,  data = 1
# tb_soc_ddr3_top.mem_core.data_task: at time 32330817.0 ps READ @ DQS MultiPurpose Register 0, col = 2,  data = 0
# tb_soc_ddr3_top.mem_core.data_task: at time 32332150.0 ps READ @ DQS MultiPurpose Register 0, col = 3,  data = 1
# tb_soc_ddr3_top.mem_core.data_task: at time 32333483.0 ps READ @ DQS MultiPurpose Register 0, col = 4,  data = 0
# tb_soc_ddr3_top.mem_core.data_task: at time 32334817.0 ps READ @ DQS MultiPurpose Register 0, col = 5,  data = 1
# tb_soc_ddr3_top.mem_core.cmd_task: at time 32334817.0 ps INFO: Read      bank 0 col 008, auto precharge 0
# tb_soc_ddr3_top.mem_core.data_task: at time 32336150.0 ps READ @ DQS MultiPurpose Register 0, col = 6,  data = 0
# tb_soc_ddr3_top.mem_core.data_task: at time 32337483.0 ps READ @ DQS MultiPurpose Register 0, col = 7,  data = 1
# tb_soc_ddr3_top.mem_core.data_task: at time 32338817.0 ps READ @ DQS MultiPurpose Register 0, col = 0,  data = 0
# tb_soc_ddr3_top.mem_core.data_task: at time 32340150.0 ps READ @ DQS MultiPurpose Register 0, col = 1,  data = 1
# tb_soc_ddr3_top.mem_core.data_task: at time 32341483.0 ps READ @ DQS MultiPurpose Register 0, col = 2,  data = 0
# tb_soc_ddr3_top.mem_core.data_task: at time 32342817.0 ps READ @ DQS MultiPurpose Register 0, col = 3,  data = 1
# tb_soc_ddr3_top.mem_core.data_task: at time 32344150.0 ps READ @ DQS MultiPurpose Register 0, col = 4,  data = 0
# tb_soc_ddr3_top.mem_core.data_task: at time 32345483.0 ps READ @ DQS MultiPurpose Register 0, col = 5,  data = 1
# tb_soc_ddr3_top.mem_core.cmd_task: at time 32345483.0 ps INFO: Read      bank 0 col 008, auto precharge 0
# tb_soc_ddr3_top.mem_core.data_task: at time 32346817.0 ps READ @ DQS MultiPurpose Register 0, col = 6,  data = 0
# tb_soc_ddr3_top.mem_core.data_task: at time 32348150.0 ps READ @ DQS MultiPurpose Register 0, col = 7,  data = 1
# tb_soc_ddr3_top.mem_core.data_task: at time 32349483.0 ps READ @ DQS MultiPurpose Register 0, col = 0,  data = 0
# tb_soc_ddr3_top.mem_core.data_task: at time 32350817.0 ps READ @ DQS MultiPurpose Register 0, col = 1,  data = 1
# tb_soc_ddr3_top.mem_core.data_task: at time 32352150.0 ps READ @ DQS MultiPurpose Register 0, col = 2,  data = 0
# tb_soc_ddr3_top.mem_core.data_task: at time 32353483.0 ps READ @ DQS MultiPurpose Register 0, col = 3,  data = 1
# tb_soc_ddr3_top.mem_core.data_task: at time 32354817.0 ps READ @ DQS MultiPurpose Register 0, col = 4,  data = 0
# tb_soc_ddr3_top.mem_core.data_task: at time 32356150.0 ps READ @ DQS MultiPurpose Register 0, col = 5,  data = 1
# tb_soc_ddr3_top.mem_core.data_task: at time 32357483.0 ps READ @ DQS MultiPurpose Register 0, col = 6,  data = 0
# tb_soc_ddr3_top.mem_core.data_task: at time 32358817.0 ps READ @ DQS MultiPurpose Register 0, col = 7,  data = 1
# tb_soc_ddr3_top.mem_core.data_task: at time 32360150.0 ps READ @ DQS MultiPurpose Register 0, col = 0,  data = 0
# tb_soc_ddr3_top.mem_core.data_task: at time 32361483.0 ps READ @ DQS MultiPurpose Register 0, col = 1,  data = 1
# tb_soc_ddr3_top.mem_core.data_task: at time 32362817.0 ps READ @ DQS MultiPurpose Register 0, col = 2,  data = 0
# tb_soc_ddr3_top.mem_core.data_task: at time 32364150.0 ps READ @ DQS MultiPurpose Register 0, col = 3,  data = 1
# tb_soc_ddr3_top.mem_core.data_task: at time 32365483.0 ps READ @ DQS MultiPurpose Register 0, col = 4,  data = 0
# tb_soc_ddr3_top.mem_core.data_task: at time 32366817.0 ps READ @ DQS MultiPurpose Register 0, col = 5,  data = 1
# tb_soc_ddr3_top.mem_core.data_task: at time 32368150.0 ps READ @ DQS MultiPurpose Register 0, col = 6,  data = 0
# tb_soc_ddr3_top.mem_core.data_task: at time 32369483.0 ps READ @ DQS MultiPurpose Register 0, col = 7,  data = 1
# tb_soc_ddr3_top.mem_core.data_task: at time 32370817.0 ps READ @ DQS MultiPurpose Register 0, col = 0,  data = 0
# tb_soc_ddr3_top.mem_core.data_task: at time 32372150.0 ps READ @ DQS MultiPurpose Register 0, col = 1,  data = 1
# tb_soc_ddr3_top.mem_core.data_task: at time 32373483.0 ps READ @ DQS MultiPurpose Register 0, col = 2,  data = 0
# tb_soc_ddr3_top.mem_core.data_task: at time 32374817.0 ps READ @ DQS MultiPurpose Register 0, col = 3,  data = 1
# tb_soc_ddr3_top.mem_core.data_task: at time 32376150.0 ps READ @ DQS MultiPurpose Register 0, col = 4,  data = 0
# tb_soc_ddr3_top.mem_core.data_task: at time 32377483.0 ps READ @ DQS MultiPurpose Register 0, col = 5,  data = 1
# tb_soc_ddr3_top.mem_core.data_task: at time 32378817.0 ps READ @ DQS MultiPurpose Register 0, col = 6,  data = 0
# tb_soc_ddr3_top.mem_core.data_task: at time 32380150.0 ps READ @ DQS MultiPurpose Register 0, col = 7,  data = 1
# tb_soc_ddr3_top.mem_core.cmd_task: at time 32729483.0 ps INFO: Read      bank 0 col 008, auto precharge 0
# tb_soc_ddr3_top.mem_core.cmd_task: at time 32740150.0 ps INFO: Read      bank 0 col 008, auto precharge 0
# tb_soc_ddr3_top.mem_core.cmd_task: at time 32750817.0 ps INFO: Read      bank 0 col 008, auto precharge 0
# tb_soc_ddr3_top.mem_core.data_task: at time 32754817.0 ps READ @ DQS MultiPurpose Register 0, col = 0,  data = 0
# tb_soc_ddr3_top.mem_core.data_task: at time 32756150.0 ps READ @ DQS MultiPurpose Register 0, col = 1,  data = 1
# tb_soc_ddr3_top.mem_core.data_task: at time 32757483.0 ps READ @ DQS MultiPurpose Register 0, col = 2,  data = 0
# tb_soc_ddr3_top.mem_core.data_task: at time 32758817.0 ps READ @ DQS MultiPurpose Register 0, col = 3,  data = 1
# tb_soc_ddr3_top.mem_core.data_task: at time 32760150.0 ps READ @ DQS MultiPurpose Register 0, col = 4,  data = 0
# tb_soc_ddr3_top.mem_core.data_task: at time 32761483.0 ps READ @ DQS MultiPurpose Register 0, col = 5,  data = 1
# tb_soc_ddr3_top.mem_core.cmd_task: at time 32761483.0 ps INFO: Read      bank 0 col 008, auto precharge 0
# tb_soc_ddr3_top.mem_core.data_task: at time 32762817.0 ps READ @ DQS MultiPurpose Register 0, col = 6,  data = 0
# tb_soc_ddr3_top.mem_core.data_task: at time 32764150.0 ps READ @ DQS MultiPurpose Register 0, col = 7,  data = 1
# tb_soc_ddr3_top.mem_core.data_task: at time 32765483.0 ps READ @ DQS MultiPurpose Register 0, col = 0,  data = 0
# tb_soc_ddr3_top.mem_core.data_task: at time 32766817.0 ps READ @ DQS MultiPurpose Register 0, col = 1,  data = 1
# tb_soc_ddr3_top.mem_core.data_task: at time 32768150.0 ps READ @ DQS MultiPurpose Register 0, col = 2,  data = 0
# tb_soc_ddr3_top.mem_core.data_task: at time 32769483.0 ps READ @ DQS MultiPurpose Register 0, col = 3,  data = 1
# tb_soc_ddr3_top.mem_core.data_task: at time 32770817.0 ps READ @ DQS MultiPurpose Register 0, col = 4,  data = 0
# tb_soc_ddr3_top.mem_core.data_task: at time 32772150.0 ps READ @ DQS MultiPurpose Register 0, col = 5,  data = 1
# tb_soc_ddr3_top.mem_core.cmd_task: at time 32772150.0 ps INFO: Read      bank 0 col 008, auto precharge 0
# tb_soc_ddr3_top.mem_core.data_task: at time 32773483.0 ps READ @ DQS MultiPurpose Register 0, col = 6,  data = 0
# tb_soc_ddr3_top.mem_core.data_task: at time 32774817.0 ps READ @ DQS MultiPurpose Register 0, col = 7,  data = 1
# tb_soc_ddr3_top.mem_core.data_task: at time 32776150.0 ps READ @ DQS MultiPurpose Register 0, col = 0,  data = 0
# tb_soc_ddr3_top.mem_core.data_task: at time 32777483.0 ps READ @ DQS MultiPurpose Register 0, col = 1,  data = 1
# tb_soc_ddr3_top.mem_core.data_task: at time 32778817.0 ps READ @ DQS MultiPurpose Register 0, col = 2,  data = 0
# tb_soc_ddr3_top.mem_core.data_task: at time 32780150.0 ps READ @ DQS MultiPurpose Register 0, col = 3,  data = 1
# tb_soc_ddr3_top.mem_core.data_task: at time 32781483.0 ps READ @ DQS MultiPurpose Register 0, col = 4,  data = 0
# tb_soc_ddr3_top.mem_core.data_task: at time 32782817.0 ps READ @ DQS MultiPurpose Register 0, col = 5,  data = 1
# tb_soc_ddr3_top.mem_core.cmd_task: at time 32782817.0 ps INFO: Read      bank 0 col 008, auto precharge 0
# tb_soc_ddr3_top.mem_core.data_task: at time 32784150.0 ps READ @ DQS MultiPurpose Register 0, col = 6,  data = 0
# tb_soc_ddr3_top.mem_core.data_task: at time 32785483.0 ps READ @ DQS MultiPurpose Register 0, col = 7,  data = 1
# tb_soc_ddr3_top.mem_core.data_task: at time 32786817.0 ps READ @ DQS MultiPurpose Register 0, col = 0,  data = 0
# tb_soc_ddr3_top.mem_core.data_task: at time 32788150.0 ps READ @ DQS MultiPurpose Register 0, col = 1,  data = 1
# tb_soc_ddr3_top.mem_core.data_task: at time 32789483.0 ps READ @ DQS MultiPurpose Register 0, col = 2,  data = 0
# tb_soc_ddr3_top.mem_core.data_task: at time 32790817.0 ps READ @ DQS MultiPurpose Register 0, col = 3,  data = 1
# tb_soc_ddr3_top.mem_core.data_task: at time 32792150.0 ps READ @ DQS MultiPurpose Register 0, col = 4,  data = 0
# tb_soc_ddr3_top.mem_core.data_task: at time 32793483.0 ps READ @ DQS MultiPurpose Register 0, col = 5,  data = 1
# tb_soc_ddr3_top.mem_core.cmd_task: at time 32793483.0 ps INFO: Read      bank 0 col 008, auto precharge 0
# tb_soc_ddr3_top.mem_core.data_task: at time 32794817.0 ps READ @ DQS MultiPurpose Register 0, col = 6,  data = 0
# tb_soc_ddr3_top.mem_core.data_task: at time 32796150.0 ps READ @ DQS MultiPurpose Register 0, col = 7,  data = 1
# tb_soc_ddr3_top.mem_core.data_task: at time 32797483.0 ps READ @ DQS MultiPurpose Register 0, col = 0,  data = 0
# tb_soc_ddr3_top.mem_core.data_task: at time 32798817.0 ps READ @ DQS MultiPurpose Register 0, col = 1,  data = 1
# tb_soc_ddr3_top.mem_core.data_task: at time 32800150.0 ps READ @ DQS MultiPurpose Register 0, col = 2,  data = 0
# tb_soc_ddr3_top.mem_core.data_task: at time 32801483.0 ps READ @ DQS MultiPurpose Register 0, col = 3,  data = 1
# tb_soc_ddr3_top.mem_core.data_task: at time 32802817.0 ps READ @ DQS MultiPurpose Register 0, col = 4,  data = 0
# tb_soc_ddr3_top.mem_core.data_task: at time 32804150.0 ps READ @ DQS MultiPurpose Register 0, col = 5,  data = 1
# tb_soc_ddr3_top.mem_core.cmd_task: at time 32804150.0 ps INFO: Read      bank 0 col 008, auto precharge 0
# tb_soc_ddr3_top.mem_core.data_task: at time 32805483.0 ps READ @ DQS MultiPurpose Register 0, col = 6,  data = 0
# tb_soc_ddr3_top.mem_core.data_task: at time 32806817.0 ps READ @ DQS MultiPurpose Register 0, col = 7,  data = 1
# tb_soc_ddr3_top.mem_core.data_task: at time 32808150.0 ps READ @ DQS MultiPurpose Register 0, col = 0,  data = 0
# tb_soc_ddr3_top.mem_core.data_task: at time 32809483.0 ps READ @ DQS MultiPurpose Register 0, col = 1,  data = 1
# tb_soc_ddr3_top.mem_core.data_task: at time 32810817.0 ps READ @ DQS MultiPurpose Register 0, col = 2,  data = 0
# tb_soc_ddr3_top.mem_core.data_task: at time 32812150.0 ps READ @ DQS MultiPurpose Register 0, col = 3,  data = 1
# tb_soc_ddr3_top.mem_core.data_task: at time 32813483.0 ps READ @ DQS MultiPurpose Register 0, col = 4,  data = 0
# tb_soc_ddr3_top.mem_core.data_task: at time 32814817.0 ps READ @ DQS MultiPurpose Register 0, col = 5,  data = 1
# tb_soc_ddr3_top.mem_core.cmd_task: at time 32814817.0 ps INFO: Read      bank 0 col 008, auto precharge 0
# tb_soc_ddr3_top.mem_core.data_task: at time 32816150.0 ps READ @ DQS MultiPurpose Register 0, col = 6,  data = 0
# tb_soc_ddr3_top.mem_core.data_task: at time 32817483.0 ps READ @ DQS MultiPurpose Register 0, col = 7,  data = 1
# tb_soc_ddr3_top.mem_core.data_task: at time 32818817.0 ps READ @ DQS MultiPurpose Register 0, col = 0,  data = 0
# tb_soc_ddr3_top.mem_core.data_task: at time 32820150.0 ps READ @ DQS MultiPurpose Register 0, col = 1,  data = 1
# tb_soc_ddr3_top.mem_core.data_task: at time 32821483.0 ps READ @ DQS MultiPurpose Register 0, col = 2,  data = 0
# tb_soc_ddr3_top.mem_core.data_task: at time 32822817.0 ps READ @ DQS MultiPurpose Register 0, col = 3,  data = 1
# tb_soc_ddr3_top.mem_core.data_task: at time 32824150.0 ps READ @ DQS MultiPurpose Register 0, col = 4,  data = 0
# tb_soc_ddr3_top.mem_core.data_task: at time 32825483.0 ps READ @ DQS MultiPurpose Register 0, col = 5,  data = 1
# tb_soc_ddr3_top.mem_core.cmd_task: at time 32825483.0 ps INFO: Read      bank 0 col 008, auto precharge 0
# tb_soc_ddr3_top.mem_core.data_task: at time 32826817.0 ps READ @ DQS MultiPurpose Register 0, col = 6,  data = 0
# tb_soc_ddr3_top.mem_core.data_task: at time 32828150.0 ps READ @ DQS MultiPurpose Register 0, col = 7,  data = 1
# tb_soc_ddr3_top.mem_core.data_task: at time 32829483.0 ps READ @ DQS MultiPurpose Register 0, col = 0,  data = 0
# tb_soc_ddr3_top.mem_core.data_task: at time 32830817.0 ps READ @ DQS MultiPurpose Register 0, col = 1,  data = 1
# tb_soc_ddr3_top.mem_core.data_task: at time 32832150.0 ps READ @ DQS MultiPurpose Register 0, col = 2,  data = 0
# tb_soc_ddr3_top.mem_core.data_task: at time 32833483.0 ps READ @ DQS MultiPurpose Register 0, col = 3,  data = 1
# tb_soc_ddr3_top.mem_core.data_task: at time 32834817.0 ps READ @ DQS MultiPurpose Register 0, col = 4,  data = 0
# tb_soc_ddr3_top.mem_core.data_task: at time 32836150.0 ps READ @ DQS MultiPurpose Register 0, col = 5,  data = 1
# tb_soc_ddr3_top.mem_core.data_task: at time 32837483.0 ps READ @ DQS MultiPurpose Register 0, col = 6,  data = 0
# tb_soc_ddr3_top.mem_core.data_task: at time 32838817.0 ps READ @ DQS MultiPurpose Register 0, col = 7,  data = 1
# tb_soc_ddr3_top.mem_core.data_task: at time 32840150.0 ps READ @ DQS MultiPurpose Register 0, col = 0,  data = 0
# tb_soc_ddr3_top.mem_core.data_task: at time 32841483.0 ps READ @ DQS MultiPurpose Register 0, col = 1,  data = 1
# tb_soc_ddr3_top.mem_core.data_task: at time 32842817.0 ps READ @ DQS MultiPurpose Register 0, col = 2,  data = 0
# tb_soc_ddr3_top.mem_core.data_task: at time 32844150.0 ps READ @ DQS MultiPurpose Register 0, col = 3,  data = 1
# tb_soc_ddr3_top.mem_core.data_task: at time 32845483.0 ps READ @ DQS MultiPurpose Register 0, col = 4,  data = 0
# tb_soc_ddr3_top.mem_core.data_task: at time 32846817.0 ps READ @ DQS MultiPurpose Register 0, col = 5,  data = 1
# tb_soc_ddr3_top.mem_core.data_task: at time 32848150.0 ps READ @ DQS MultiPurpose Register 0, col = 6,  data = 0
# tb_soc_ddr3_top.mem_core.data_task: at time 32849483.0 ps READ @ DQS MultiPurpose Register 0, col = 7,  data = 1
# tb_soc_ddr3_top.mem_core.data_task: at time 32850817.0 ps READ @ DQS MultiPurpose Register 0, col = 0,  data = 0
# tb_soc_ddr3_top.mem_core.data_task: at time 32852150.0 ps READ @ DQS MultiPurpose Register 0, col = 1,  data = 1
# tb_soc_ddr3_top.mem_core.data_task: at time 32853483.0 ps READ @ DQS MultiPurpose Register 0, col = 2,  data = 0
# tb_soc_ddr3_top.mem_core.data_task: at time 32854817.0 ps READ @ DQS MultiPurpose Register 0, col = 3,  data = 1
# tb_soc_ddr3_top.mem_core.data_task: at time 32856150.0 ps READ @ DQS MultiPurpose Register 0, col = 4,  data = 0
# tb_soc_ddr3_top.mem_core.data_task: at time 32857483.0 ps READ @ DQS MultiPurpose Register 0, col = 5,  data = 1
# tb_soc_ddr3_top.mem_core.data_task: at time 32858817.0 ps READ @ DQS MultiPurpose Register 0, col = 6,  data = 0
# tb_soc_ddr3_top.mem_core.data_task: at time 32860150.0 ps READ @ DQS MultiPurpose Register 0, col = 7,  data = 1
# tb_soc_ddr3_top.mem_core.cmd_task: at time 33209483.0 ps INFO: Read      bank 0 col 008, auto precharge 0
# tb_soc_ddr3_top.mem_core.cmd_task: at time 33220150.0 ps INFO: Read      bank 0 col 008, auto precharge 0
# tb_soc_ddr3_top.mem_core.cmd_task: at time 33230817.0 ps INFO: Read      bank 0 col 008, auto precharge 0
# tb_soc_ddr3_top.mem_core.data_task: at time 33234817.0 ps READ @ DQS MultiPurpose Register 0, col = 0,  data = 0
# tb_soc_ddr3_top.mem_core.data_task: at time 33236150.0 ps READ @ DQS MultiPurpose Register 0, col = 1,  data = 1
# tb_soc_ddr3_top.mem_core.data_task: at time 33237483.0 ps READ @ DQS MultiPurpose Register 0, col = 2,  data = 0
# tb_soc_ddr3_top.mem_core.data_task: at time 33238817.0 ps READ @ DQS MultiPurpose Register 0, col = 3,  data = 1
# tb_soc_ddr3_top.mem_core.data_task: at time 33240150.0 ps READ @ DQS MultiPurpose Register 0, col = 4,  data = 0
# tb_soc_ddr3_top.mem_core.data_task: at time 33241483.0 ps READ @ DQS MultiPurpose Register 0, col = 5,  data = 1
# tb_soc_ddr3_top.mem_core.cmd_task: at time 33241483.0 ps INFO: Read      bank 0 col 008, auto precharge 0
# tb_soc_ddr3_top.mem_core.data_task: at time 33242817.0 ps READ @ DQS MultiPurpose Register 0, col = 6,  data = 0
# tb_soc_ddr3_top.mem_core.data_task: at time 33244150.0 ps READ @ DQS MultiPurpose Register 0, col = 7,  data = 1
# tb_soc_ddr3_top.mem_core.data_task: at time 33245483.0 ps READ @ DQS MultiPurpose Register 0, col = 0,  data = 0
# tb_soc_ddr3_top.mem_core.data_task: at time 33246817.0 ps READ @ DQS MultiPurpose Register 0, col = 1,  data = 1
# tb_soc_ddr3_top.mem_core.data_task: at time 33248150.0 ps READ @ DQS MultiPurpose Register 0, col = 2,  data = 0
# tb_soc_ddr3_top.mem_core.data_task: at time 33249483.0 ps READ @ DQS MultiPurpose Register 0, col = 3,  data = 1
# tb_soc_ddr3_top.mem_core.data_task: at time 33250817.0 ps READ @ DQS MultiPurpose Register 0, col = 4,  data = 0
# tb_soc_ddr3_top.mem_core.data_task: at time 33252150.0 ps READ @ DQS MultiPurpose Register 0, col = 5,  data = 1
# tb_soc_ddr3_top.mem_core.cmd_task: at time 33252150.0 ps INFO: Read      bank 0 col 008, auto precharge 0
# tb_soc_ddr3_top.mem_core.data_task: at time 33253483.0 ps READ @ DQS MultiPurpose Register 0, col = 6,  data = 0
# tb_soc_ddr3_top.mem_core.data_task: at time 33254817.0 ps READ @ DQS MultiPurpose Register 0, col = 7,  data = 1
# tb_soc_ddr3_top.mem_core.data_task: at time 33256150.0 ps READ @ DQS MultiPurpose Register 0, col = 0,  data = 0
# tb_soc_ddr3_top.mem_core.data_task: at time 33257483.0 ps READ @ DQS MultiPurpose Register 0, col = 1,  data = 1
# tb_soc_ddr3_top.mem_core.data_task: at time 33258817.0 ps READ @ DQS MultiPurpose Register 0, col = 2,  data = 0
# tb_soc_ddr3_top.mem_core.data_task: at time 33260150.0 ps READ @ DQS MultiPurpose Register 0, col = 3,  data = 1
# tb_soc_ddr3_top.mem_core.data_task: at time 33261483.0 ps READ @ DQS MultiPurpose Register 0, col = 4,  data = 0
# tb_soc_ddr3_top.mem_core.data_task: at time 33262817.0 ps READ @ DQS MultiPurpose Register 0, col = 5,  data = 1
# tb_soc_ddr3_top.mem_core.cmd_task: at time 33262817.0 ps INFO: Read      bank 0 col 008, auto precharge 0
# tb_soc_ddr3_top.mem_core.data_task: at time 33264150.0 ps READ @ DQS MultiPurpose Register 0, col = 6,  data = 0
# tb_soc_ddr3_top.mem_core.data_task: at time 33265483.0 ps READ @ DQS MultiPurpose Register 0, col = 7,  data = 1
# tb_soc_ddr3_top.mem_core.data_task: at time 33266817.0 ps READ @ DQS MultiPurpose Register 0, col = 0,  data = 0
# tb_soc_ddr3_top.mem_core.data_task: at time 33268150.0 ps READ @ DQS MultiPurpose Register 0, col = 1,  data = 1
# tb_soc_ddr3_top.mem_core.data_task: at time 33269483.0 ps READ @ DQS MultiPurpose Register 0, col = 2,  data = 0
# tb_soc_ddr3_top.mem_core.data_task: at time 33270817.0 ps READ @ DQS MultiPurpose Register 0, col = 3,  data = 1
# tb_soc_ddr3_top.mem_core.data_task: at time 33272150.0 ps READ @ DQS MultiPurpose Register 0, col = 4,  data = 0
# tb_soc_ddr3_top.mem_core.data_task: at time 33273483.0 ps READ @ DQS MultiPurpose Register 0, col = 5,  data = 1
# tb_soc_ddr3_top.mem_core.cmd_task: at time 33273483.0 ps INFO: Read      bank 0 col 008, auto precharge 0
# tb_soc_ddr3_top.mem_core.data_task: at time 33274817.0 ps READ @ DQS MultiPurpose Register 0, col = 6,  data = 0
# tb_soc_ddr3_top.mem_core.data_task: at time 33276150.0 ps READ @ DQS MultiPurpose Register 0, col = 7,  data = 1
# tb_soc_ddr3_top.mem_core.data_task: at time 33277483.0 ps READ @ DQS MultiPurpose Register 0, col = 0,  data = 0
# tb_soc_ddr3_top.mem_core.data_task: at time 33278817.0 ps READ @ DQS MultiPurpose Register 0, col = 1,  data = 1
# tb_soc_ddr3_top.mem_core.data_task: at time 33280150.0 ps READ @ DQS MultiPurpose Register 0, col = 2,  data = 0
# tb_soc_ddr3_top.mem_core.data_task: at time 33281483.0 ps READ @ DQS MultiPurpose Register 0, col = 3,  data = 1
# tb_soc_ddr3_top.mem_core.data_task: at time 33282817.0 ps READ @ DQS MultiPurpose Register 0, col = 4,  data = 0
# tb_soc_ddr3_top.mem_core.data_task: at time 33284150.0 ps READ @ DQS MultiPurpose Register 0, col = 5,  data = 1
# tb_soc_ddr3_top.mem_core.cmd_task: at time 33284150.0 ps INFO: Read      bank 0 col 008, auto precharge 0
# tb_soc_ddr3_top.mem_core.data_task: at time 33285483.0 ps READ @ DQS MultiPurpose Register 0, col = 6,  data = 0
# tb_soc_ddr3_top.mem_core.data_task: at time 33286817.0 ps READ @ DQS MultiPurpose Register 0, col = 7,  data = 1
# tb_soc_ddr3_top.mem_core.data_task: at time 33288150.0 ps READ @ DQS MultiPurpose Register 0, col = 0,  data = 0
# tb_soc_ddr3_top.mem_core.data_task: at time 33289483.0 ps READ @ DQS MultiPurpose Register 0, col = 1,  data = 1
# tb_soc_ddr3_top.mem_core.data_task: at time 33290817.0 ps READ @ DQS MultiPurpose Register 0, col = 2,  data = 0
# tb_soc_ddr3_top.mem_core.data_task: at time 33292150.0 ps READ @ DQS MultiPurpose Register 0, col = 3,  data = 1
# tb_soc_ddr3_top.mem_core.data_task: at time 33293483.0 ps READ @ DQS MultiPurpose Register 0, col = 4,  data = 0
# tb_soc_ddr3_top.mem_core.data_task: at time 33294817.0 ps READ @ DQS MultiPurpose Register 0, col = 5,  data = 1
# tb_soc_ddr3_top.mem_core.cmd_task: at time 33294817.0 ps INFO: Read      bank 0 col 008, auto precharge 0
# tb_soc_ddr3_top.mem_core.data_task: at time 33296150.0 ps READ @ DQS MultiPurpose Register 0, col = 6,  data = 0
# tb_soc_ddr3_top.mem_core.data_task: at time 33297483.0 ps READ @ DQS MultiPurpose Register 0, col = 7,  data = 1
# tb_soc_ddr3_top.mem_core.data_task: at time 33298817.0 ps READ @ DQS MultiPurpose Register 0, col = 0,  data = 0
# tb_soc_ddr3_top.mem_core.data_task: at time 33300150.0 ps READ @ DQS MultiPurpose Register 0, col = 1,  data = 1
# tb_soc_ddr3_top.mem_core.data_task: at time 33301483.0 ps READ @ DQS MultiPurpose Register 0, col = 2,  data = 0
# tb_soc_ddr3_top.mem_core.data_task: at time 33302817.0 ps READ @ DQS MultiPurpose Register 0, col = 3,  data = 1
# tb_soc_ddr3_top.mem_core.data_task: at time 33304150.0 ps READ @ DQS MultiPurpose Register 0, col = 4,  data = 0
# tb_soc_ddr3_top.mem_core.data_task: at time 33305483.0 ps READ @ DQS MultiPurpose Register 0, col = 5,  data = 1
# tb_soc_ddr3_top.mem_core.cmd_task: at time 33305483.0 ps INFO: Read      bank 0 col 008, auto precharge 0
# tb_soc_ddr3_top.mem_core.data_task: at time 33306817.0 ps READ @ DQS MultiPurpose Register 0, col = 6,  data = 0
# tb_soc_ddr3_top.mem_core.data_task: at time 33308150.0 ps READ @ DQS MultiPurpose Register 0, col = 7,  data = 1
# tb_soc_ddr3_top.mem_core.data_task: at time 33309483.0 ps READ @ DQS MultiPurpose Register 0, col = 0,  data = 0
# tb_soc_ddr3_top.mem_core.data_task: at time 33310817.0 ps READ @ DQS MultiPurpose Register 0, col = 1,  data = 1
# tb_soc_ddr3_top.mem_core.data_task: at time 33312150.0 ps READ @ DQS MultiPurpose Register 0, col = 2,  data = 0
# tb_soc_ddr3_top.mem_core.data_task: at time 33313483.0 ps READ @ DQS MultiPurpose Register 0, col = 3,  data = 1
# tb_soc_ddr3_top.mem_core.data_task: at time 33314817.0 ps READ @ DQS MultiPurpose Register 0, col = 4,  data = 0
# tb_soc_ddr3_top.mem_core.data_task: at time 33316150.0 ps READ @ DQS MultiPurpose Register 0, col = 5,  data = 1
# tb_soc_ddr3_top.mem_core.data_task: at time 33317483.0 ps READ @ DQS MultiPurpose Register 0, col = 6,  data = 0
# tb_soc_ddr3_top.mem_core.data_task: at time 33318817.0 ps READ @ DQS MultiPurpose Register 0, col = 7,  data = 1
# tb_soc_ddr3_top.mem_core.data_task: at time 33320150.0 ps READ @ DQS MultiPurpose Register 0, col = 0,  data = 0
# tb_soc_ddr3_top.mem_core.data_task: at time 33321483.0 ps READ @ DQS MultiPurpose Register 0, col = 1,  data = 1
# tb_soc_ddr3_top.mem_core.data_task: at time 33322817.0 ps READ @ DQS MultiPurpose Register 0, col = 2,  data = 0
# tb_soc_ddr3_top.mem_core.data_task: at time 33324150.0 ps READ @ DQS MultiPurpose Register 0, col = 3,  data = 1
# tb_soc_ddr3_top.mem_core.data_task: at time 33325483.0 ps READ @ DQS MultiPurpose Register 0, col = 4,  data = 0
# tb_soc_ddr3_top.mem_core.data_task: at time 33326817.0 ps READ @ DQS MultiPurpose Register 0, col = 5,  data = 1
# tb_soc_ddr3_top.mem_core.data_task: at time 33328150.0 ps READ @ DQS MultiPurpose Register 0, col = 6,  data = 0
# tb_soc_ddr3_top.mem_core.data_task: at time 33329483.0 ps READ @ DQS MultiPurpose Register 0, col = 7,  data = 1
# tb_soc_ddr3_top.mem_core.data_task: at time 33330817.0 ps READ @ DQS MultiPurpose Register 0, col = 0,  data = 0
# tb_soc_ddr3_top.mem_core.data_task: at time 33332150.0 ps READ @ DQS MultiPurpose Register 0, col = 1,  data = 1
# tb_soc_ddr3_top.mem_core.data_task: at time 33333483.0 ps READ @ DQS MultiPurpose Register 0, col = 2,  data = 0
# tb_soc_ddr3_top.mem_core.data_task: at time 33334817.0 ps READ @ DQS MultiPurpose Register 0, col = 3,  data = 1
# tb_soc_ddr3_top.mem_core.data_task: at time 33336150.0 ps READ @ DQS MultiPurpose Register 0, col = 4,  data = 0
# tb_soc_ddr3_top.mem_core.data_task: at time 33337483.0 ps READ @ DQS MultiPurpose Register 0, col = 5,  data = 1
# tb_soc_ddr3_top.mem_core.data_task: at time 33338817.0 ps READ @ DQS MultiPurpose Register 0, col = 6,  data = 0
# tb_soc_ddr3_top.mem_core.data_task: at time 33340150.0 ps READ @ DQS MultiPurpose Register 0, col = 7,  data = 1
# tb_soc_ddr3_top.mem_core.cmd_task: at time 33689483.0 ps INFO: Read      bank 0 col 008, auto precharge 0
# tb_soc_ddr3_top.mem_core.cmd_task: at time 33700150.0 ps INFO: Read      bank 0 col 008, auto precharge 0
# tb_soc_ddr3_top.mem_core.cmd_task: at time 33710817.0 ps INFO: Read      bank 0 col 008, auto precharge 0
# tb_soc_ddr3_top.mem_core.data_task: at time 33714817.0 ps READ @ DQS MultiPurpose Register 0, col = 0,  data = 0
# tb_soc_ddr3_top.mem_core.data_task: at time 33716150.0 ps READ @ DQS MultiPurpose Register 0, col = 1,  data = 1
# tb_soc_ddr3_top.mem_core.data_task: at time 33717483.0 ps READ @ DQS MultiPurpose Register 0, col = 2,  data = 0
# tb_soc_ddr3_top.mem_core.data_task: at time 33718817.0 ps READ @ DQS MultiPurpose Register 0, col = 3,  data = 1
# tb_soc_ddr3_top.mem_core.data_task: at time 33720150.0 ps READ @ DQS MultiPurpose Register 0, col = 4,  data = 0
# tb_soc_ddr3_top.mem_core.data_task: at time 33721483.0 ps READ @ DQS MultiPurpose Register 0, col = 5,  data = 1
# tb_soc_ddr3_top.mem_core.cmd_task: at time 33721483.0 ps INFO: Read      bank 0 col 008, auto precharge 0
# tb_soc_ddr3_top.mem_core.data_task: at time 33722817.0 ps READ @ DQS MultiPurpose Register 0, col = 6,  data = 0
# tb_soc_ddr3_top.mem_core.data_task: at time 33724150.0 ps READ @ DQS MultiPurpose Register 0, col = 7,  data = 1
# tb_soc_ddr3_top.mem_core.data_task: at time 33725483.0 ps READ @ DQS MultiPurpose Register 0, col = 0,  data = 0
# tb_soc_ddr3_top.mem_core.data_task: at time 33726817.0 ps READ @ DQS MultiPurpose Register 0, col = 1,  data = 1
# tb_soc_ddr3_top.mem_core.data_task: at time 33728150.0 ps READ @ DQS MultiPurpose Register 0, col = 2,  data = 0
# tb_soc_ddr3_top.mem_core.data_task: at time 33729483.0 ps READ @ DQS MultiPurpose Register 0, col = 3,  data = 1
# tb_soc_ddr3_top.mem_core.data_task: at time 33730817.0 ps READ @ DQS MultiPurpose Register 0, col = 4,  data = 0
# tb_soc_ddr3_top.mem_core.data_task: at time 33732150.0 ps READ @ DQS MultiPurpose Register 0, col = 5,  data = 1
# tb_soc_ddr3_top.mem_core.cmd_task: at time 33732150.0 ps INFO: Read      bank 0 col 008, auto precharge 0
# tb_soc_ddr3_top.mem_core.data_task: at time 33733483.0 ps READ @ DQS MultiPurpose Register 0, col = 6,  data = 0
# tb_soc_ddr3_top.mem_core.data_task: at time 33734817.0 ps READ @ DQS MultiPurpose Register 0, col = 7,  data = 1
# tb_soc_ddr3_top.mem_core.data_task: at time 33736150.0 ps READ @ DQS MultiPurpose Register 0, col = 0,  data = 0
# tb_soc_ddr3_top.mem_core.data_task: at time 33737483.0 ps READ @ DQS MultiPurpose Register 0, col = 1,  data = 1
# tb_soc_ddr3_top.mem_core.data_task: at time 33738817.0 ps READ @ DQS MultiPurpose Register 0, col = 2,  data = 0
# tb_soc_ddr3_top.mem_core.data_task: at time 33740150.0 ps READ @ DQS MultiPurpose Register 0, col = 3,  data = 1
# tb_soc_ddr3_top.mem_core.data_task: at time 33741483.0 ps READ @ DQS MultiPurpose Register 0, col = 4,  data = 0
# tb_soc_ddr3_top.mem_core.data_task: at time 33742817.0 ps READ @ DQS MultiPurpose Register 0, col = 5,  data = 1
# tb_soc_ddr3_top.mem_core.cmd_task: at time 33742817.0 ps INFO: Read      bank 0 col 008, auto precharge 0
# tb_soc_ddr3_top.mem_core.data_task: at time 33744150.0 ps READ @ DQS MultiPurpose Register 0, col = 6,  data = 0
# tb_soc_ddr3_top.mem_core.data_task: at time 33745483.0 ps READ @ DQS MultiPurpose Register 0, col = 7,  data = 1
# tb_soc_ddr3_top.mem_core.data_task: at time 33746817.0 ps READ @ DQS MultiPurpose Register 0, col = 0,  data = 0
# tb_soc_ddr3_top.mem_core.data_task: at time 33748150.0 ps READ @ DQS MultiPurpose Register 0, col = 1,  data = 1
# tb_soc_ddr3_top.mem_core.data_task: at time 33749483.0 ps READ @ DQS MultiPurpose Register 0, col = 2,  data = 0
# tb_soc_ddr3_top.mem_core.data_task: at time 33750817.0 ps READ @ DQS MultiPurpose Register 0, col = 3,  data = 1
# tb_soc_ddr3_top.mem_core.data_task: at time 33752150.0 ps READ @ DQS MultiPurpose Register 0, col = 4,  data = 0
# tb_soc_ddr3_top.mem_core.data_task: at time 33753483.0 ps READ @ DQS MultiPurpose Register 0, col = 5,  data = 1
# tb_soc_ddr3_top.mem_core.cmd_task: at time 33753483.0 ps INFO: Read      bank 0 col 008, auto precharge 0
# tb_soc_ddr3_top.mem_core.data_task: at time 33754817.0 ps READ @ DQS MultiPurpose Register 0, col = 6,  data = 0
# tb_soc_ddr3_top.mem_core.data_task: at time 33756150.0 ps READ @ DQS MultiPurpose Register 0, col = 7,  data = 1
# tb_soc_ddr3_top.mem_core.data_task: at time 33757483.0 ps READ @ DQS MultiPurpose Register 0, col = 0,  data = 0
# tb_soc_ddr3_top.mem_core.data_task: at time 33758817.0 ps READ @ DQS MultiPurpose Register 0, col = 1,  data = 1
# tb_soc_ddr3_top.mem_core.data_task: at time 33760150.0 ps READ @ DQS MultiPurpose Register 0, col = 2,  data = 0
# tb_soc_ddr3_top.mem_core.data_task: at time 33761483.0 ps READ @ DQS MultiPurpose Register 0, col = 3,  data = 1
# tb_soc_ddr3_top.mem_core.data_task: at time 33762817.0 ps READ @ DQS MultiPurpose Register 0, col = 4,  data = 0
# tb_soc_ddr3_top.mem_core.data_task: at time 33764150.0 ps READ @ DQS MultiPurpose Register 0, col = 5,  data = 1
# tb_soc_ddr3_top.mem_core.cmd_task: at time 33764150.0 ps INFO: Read      bank 0 col 008, auto precharge 0
# tb_soc_ddr3_top.mem_core.data_task: at time 33765483.0 ps READ @ DQS MultiPurpose Register 0, col = 6,  data = 0
# tb_soc_ddr3_top.mem_core.data_task: at time 33766817.0 ps READ @ DQS MultiPurpose Register 0, col = 7,  data = 1
# tb_soc_ddr3_top.mem_core.data_task: at time 33768150.0 ps READ @ DQS MultiPurpose Register 0, col = 0,  data = 0
# tb_soc_ddr3_top.mem_core.data_task: at time 33769483.0 ps READ @ DQS MultiPurpose Register 0, col = 1,  data = 1
# tb_soc_ddr3_top.mem_core.data_task: at time 33770817.0 ps READ @ DQS MultiPurpose Register 0, col = 2,  data = 0
# tb_soc_ddr3_top.mem_core.data_task: at time 33772150.0 ps READ @ DQS MultiPurpose Register 0, col = 3,  data = 1
# tb_soc_ddr3_top.mem_core.data_task: at time 33773483.0 ps READ @ DQS MultiPurpose Register 0, col = 4,  data = 0
# tb_soc_ddr3_top.mem_core.data_task: at time 33774817.0 ps READ @ DQS MultiPurpose Register 0, col = 5,  data = 1
# tb_soc_ddr3_top.mem_core.cmd_task: at time 33774817.0 ps INFO: Read      bank 0 col 008, auto precharge 0
# tb_soc_ddr3_top.mem_core.data_task: at time 33776150.0 ps READ @ DQS MultiPurpose Register 0, col = 6,  data = 0
# tb_soc_ddr3_top.mem_core.data_task: at time 33777483.0 ps READ @ DQS MultiPurpose Register 0, col = 7,  data = 1
# tb_soc_ddr3_top.mem_core.data_task: at time 33778817.0 ps READ @ DQS MultiPurpose Register 0, col = 0,  data = 0
# tb_soc_ddr3_top.mem_core.data_task: at time 33780150.0 ps READ @ DQS MultiPurpose Register 0, col = 1,  data = 1
# tb_soc_ddr3_top.mem_core.data_task: at time 33781483.0 ps READ @ DQS MultiPurpose Register 0, col = 2,  data = 0
# tb_soc_ddr3_top.mem_core.data_task: at time 33782817.0 ps READ @ DQS MultiPurpose Register 0, col = 3,  data = 1
# tb_soc_ddr3_top.mem_core.data_task: at time 33784150.0 ps READ @ DQS MultiPurpose Register 0, col = 4,  data = 0
# tb_soc_ddr3_top.mem_core.data_task: at time 33785483.0 ps READ @ DQS MultiPurpose Register 0, col = 5,  data = 1
# tb_soc_ddr3_top.mem_core.cmd_task: at time 33785483.0 ps INFO: Read      bank 0 col 008, auto precharge 0
# tb_soc_ddr3_top.mem_core.data_task: at time 33786817.0 ps READ @ DQS MultiPurpose Register 0, col = 6,  data = 0
# tb_soc_ddr3_top.mem_core.data_task: at time 33788150.0 ps READ @ DQS MultiPurpose Register 0, col = 7,  data = 1
# tb_soc_ddr3_top.mem_core.data_task: at time 33789483.0 ps READ @ DQS MultiPurpose Register 0, col = 0,  data = 0
# tb_soc_ddr3_top.mem_core.data_task: at time 33790817.0 ps READ @ DQS MultiPurpose Register 0, col = 1,  data = 1
# tb_soc_ddr3_top.mem_core.data_task: at time 33792150.0 ps READ @ DQS MultiPurpose Register 0, col = 2,  data = 0
# tb_soc_ddr3_top.mem_core.data_task: at time 33793483.0 ps READ @ DQS MultiPurpose Register 0, col = 3,  data = 1
# tb_soc_ddr3_top.mem_core.data_task: at time 33794817.0 ps READ @ DQS MultiPurpose Register 0, col = 4,  data = 0
# tb_soc_ddr3_top.mem_core.data_task: at time 33796150.0 ps READ @ DQS MultiPurpose Register 0, col = 5,  data = 1
# tb_soc_ddr3_top.mem_core.data_task: at time 33797483.0 ps READ @ DQS MultiPurpose Register 0, col = 6,  data = 0
# tb_soc_ddr3_top.mem_core.data_task: at time 33798817.0 ps READ @ DQS MultiPurpose Register 0, col = 7,  data = 1
# tb_soc_ddr3_top.mem_core.data_task: at time 33800150.0 ps READ @ DQS MultiPurpose Register 0, col = 0,  data = 0
# tb_soc_ddr3_top.mem_core.data_task: at time 33801483.0 ps READ @ DQS MultiPurpose Register 0, col = 1,  data = 1
# tb_soc_ddr3_top.mem_core.data_task: at time 33802817.0 ps READ @ DQS MultiPurpose Register 0, col = 2,  data = 0
# tb_soc_ddr3_top.mem_core.data_task: at time 33804150.0 ps READ @ DQS MultiPurpose Register 0, col = 3,  data = 1
# tb_soc_ddr3_top.mem_core.data_task: at time 33805483.0 ps READ @ DQS MultiPurpose Register 0, col = 4,  data = 0
# tb_soc_ddr3_top.mem_core.data_task: at time 33806817.0 ps READ @ DQS MultiPurpose Register 0, col = 5,  data = 1
# tb_soc_ddr3_top.mem_core.data_task: at time 33808150.0 ps READ @ DQS MultiPurpose Register 0, col = 6,  data = 0
# tb_soc_ddr3_top.mem_core.data_task: at time 33809483.0 ps READ @ DQS MultiPurpose Register 0, col = 7,  data = 1
# tb_soc_ddr3_top.mem_core.data_task: at time 33810817.0 ps READ @ DQS MultiPurpose Register 0, col = 0,  data = 0
# tb_soc_ddr3_top.mem_core.data_task: at time 33812150.0 ps READ @ DQS MultiPurpose Register 0, col = 1,  data = 1
# tb_soc_ddr3_top.mem_core.data_task: at time 33813483.0 ps READ @ DQS MultiPurpose Register 0, col = 2,  data = 0
# tb_soc_ddr3_top.mem_core.data_task: at time 33814817.0 ps READ @ DQS MultiPurpose Register 0, col = 3,  data = 1
# tb_soc_ddr3_top.mem_core.data_task: at time 33816150.0 ps READ @ DQS MultiPurpose Register 0, col = 4,  data = 0
# tb_soc_ddr3_top.mem_core.data_task: at time 33817483.0 ps READ @ DQS MultiPurpose Register 0, col = 5,  data = 1
# tb_soc_ddr3_top.mem_core.data_task: at time 33818817.0 ps READ @ DQS MultiPurpose Register 0, col = 6,  data = 0
# tb_soc_ddr3_top.mem_core.data_task: at time 33820150.0 ps READ @ DQS MultiPurpose Register 0, col = 7,  data = 1
# tb_soc_ddr3_top.mem_core.cmd_task: at time 34169483.0 ps INFO: Read      bank 0 col 008, auto precharge 0
# tb_soc_ddr3_top.mem_core.cmd_task: at time 34180150.0 ps INFO: Read      bank 0 col 008, auto precharge 0
# tb_soc_ddr3_top.mem_core.cmd_task: at time 34190817.0 ps INFO: Read      bank 0 col 008, auto precharge 0
# tb_soc_ddr3_top.mem_core.data_task: at time 34194817.0 ps READ @ DQS MultiPurpose Register 0, col = 0,  data = 0
# tb_soc_ddr3_top.mem_core.data_task: at time 34196150.0 ps READ @ DQS MultiPurpose Register 0, col = 1,  data = 1
# tb_soc_ddr3_top.mem_core.data_task: at time 34197483.0 ps READ @ DQS MultiPurpose Register 0, col = 2,  data = 0
# tb_soc_ddr3_top.mem_core.data_task: at time 34198817.0 ps READ @ DQS MultiPurpose Register 0, col = 3,  data = 1
# tb_soc_ddr3_top.mem_core.data_task: at time 34200150.0 ps READ @ DQS MultiPurpose Register 0, col = 4,  data = 0
# tb_soc_ddr3_top.mem_core.data_task: at time 34201483.0 ps READ @ DQS MultiPurpose Register 0, col = 5,  data = 1
# tb_soc_ddr3_top.mem_core.cmd_task: at time 34201483.0 ps INFO: Read      bank 0 col 008, auto precharge 0
# tb_soc_ddr3_top.mem_core.data_task: at time 34202817.0 ps READ @ DQS MultiPurpose Register 0, col = 6,  data = 0
# tb_soc_ddr3_top.mem_core.data_task: at time 34204150.0 ps READ @ DQS MultiPurpose Register 0, col = 7,  data = 1
# tb_soc_ddr3_top.mem_core.data_task: at time 34205483.0 ps READ @ DQS MultiPurpose Register 0, col = 0,  data = 0
# tb_soc_ddr3_top.mem_core.data_task: at time 34206817.0 ps READ @ DQS MultiPurpose Register 0, col = 1,  data = 1
# tb_soc_ddr3_top.mem_core.data_task: at time 34208150.0 ps READ @ DQS MultiPurpose Register 0, col = 2,  data = 0
# tb_soc_ddr3_top.mem_core.data_task: at time 34209483.0 ps READ @ DQS MultiPurpose Register 0, col = 3,  data = 1
# tb_soc_ddr3_top.mem_core.data_task: at time 34210817.0 ps READ @ DQS MultiPurpose Register 0, col = 4,  data = 0
# tb_soc_ddr3_top.mem_core.data_task: at time 34212150.0 ps READ @ DQS MultiPurpose Register 0, col = 5,  data = 1
# tb_soc_ddr3_top.mem_core.cmd_task: at time 34212150.0 ps INFO: Read      bank 0 col 008, auto precharge 0
# tb_soc_ddr3_top.mem_core.data_task: at time 34213483.0 ps READ @ DQS MultiPurpose Register 0, col = 6,  data = 0
# tb_soc_ddr3_top.mem_core.data_task: at time 34214817.0 ps READ @ DQS MultiPurpose Register 0, col = 7,  data = 1
# tb_soc_ddr3_top.mem_core.data_task: at time 34216150.0 ps READ @ DQS MultiPurpose Register 0, col = 0,  data = 0
# tb_soc_ddr3_top.mem_core.data_task: at time 34217483.0 ps READ @ DQS MultiPurpose Register 0, col = 1,  data = 1
# tb_soc_ddr3_top.mem_core.data_task: at time 34218817.0 ps READ @ DQS MultiPurpose Register 0, col = 2,  data = 0
# tb_soc_ddr3_top.mem_core.data_task: at time 34220150.0 ps READ @ DQS MultiPurpose Register 0, col = 3,  data = 1
# tb_soc_ddr3_top.mem_core.data_task: at time 34221483.0 ps READ @ DQS MultiPurpose Register 0, col = 4,  data = 0
# tb_soc_ddr3_top.mem_core.data_task: at time 34222817.0 ps READ @ DQS MultiPurpose Register 0, col = 5,  data = 1
# tb_soc_ddr3_top.mem_core.cmd_task: at time 34222817.0 ps INFO: Read      bank 0 col 008, auto precharge 0
# tb_soc_ddr3_top.mem_core.data_task: at time 34224150.0 ps READ @ DQS MultiPurpose Register 0, col = 6,  data = 0
# tb_soc_ddr3_top.mem_core.data_task: at time 34225483.0 ps READ @ DQS MultiPurpose Register 0, col = 7,  data = 1
# tb_soc_ddr3_top.mem_core.data_task: at time 34226817.0 ps READ @ DQS MultiPurpose Register 0, col = 0,  data = 0
# tb_soc_ddr3_top.mem_core.data_task: at time 34228150.0 ps READ @ DQS MultiPurpose Register 0, col = 1,  data = 1
# tb_soc_ddr3_top.mem_core.data_task: at time 34229483.0 ps READ @ DQS MultiPurpose Register 0, col = 2,  data = 0
# tb_soc_ddr3_top.mem_core.data_task: at time 34230817.0 ps READ @ DQS MultiPurpose Register 0, col = 3,  data = 1
# tb_soc_ddr3_top.mem_core.data_task: at time 34232150.0 ps READ @ DQS MultiPurpose Register 0, col = 4,  data = 0
# tb_soc_ddr3_top.mem_core.data_task: at time 34233483.0 ps READ @ DQS MultiPurpose Register 0, col = 5,  data = 1
# tb_soc_ddr3_top.mem_core.cmd_task: at time 34233483.0 ps INFO: Read      bank 0 col 008, auto precharge 0
# tb_soc_ddr3_top.mem_core.data_task: at time 34234817.0 ps READ @ DQS MultiPurpose Register 0, col = 6,  data = 0
# tb_soc_ddr3_top.mem_core.data_task: at time 34236150.0 ps READ @ DQS MultiPurpose Register 0, col = 7,  data = 1
# tb_soc_ddr3_top.mem_core.data_task: at time 34237483.0 ps READ @ DQS MultiPurpose Register 0, col = 0,  data = 0
# tb_soc_ddr3_top.mem_core.data_task: at time 34238817.0 ps READ @ DQS MultiPurpose Register 0, col = 1,  data = 1
# tb_soc_ddr3_top.mem_core.data_task: at time 34240150.0 ps READ @ DQS MultiPurpose Register 0, col = 2,  data = 0
# tb_soc_ddr3_top.mem_core.data_task: at time 34241483.0 ps READ @ DQS MultiPurpose Register 0, col = 3,  data = 1
# tb_soc_ddr3_top.mem_core.data_task: at time 34242817.0 ps READ @ DQS MultiPurpose Register 0, col = 4,  data = 0
# tb_soc_ddr3_top.mem_core.data_task: at time 34244150.0 ps READ @ DQS MultiPurpose Register 0, col = 5,  data = 1
# tb_soc_ddr3_top.mem_core.cmd_task: at time 34244150.0 ps INFO: Read      bank 0 col 008, auto precharge 0
# tb_soc_ddr3_top.mem_core.data_task: at time 34245483.0 ps READ @ DQS MultiPurpose Register 0, col = 6,  data = 0
# tb_soc_ddr3_top.mem_core.data_task: at time 34246817.0 ps READ @ DQS MultiPurpose Register 0, col = 7,  data = 1
# tb_soc_ddr3_top.mem_core.data_task: at time 34248150.0 ps READ @ DQS MultiPurpose Register 0, col = 0,  data = 0
# tb_soc_ddr3_top.mem_core.data_task: at time 34249483.0 ps READ @ DQS MultiPurpose Register 0, col = 1,  data = 1
# tb_soc_ddr3_top.mem_core.data_task: at time 34250817.0 ps READ @ DQS MultiPurpose Register 0, col = 2,  data = 0
# tb_soc_ddr3_top.mem_core.data_task: at time 34252150.0 ps READ @ DQS MultiPurpose Register 0, col = 3,  data = 1
# tb_soc_ddr3_top.mem_core.data_task: at time 34253483.0 ps READ @ DQS MultiPurpose Register 0, col = 4,  data = 0
# tb_soc_ddr3_top.mem_core.data_task: at time 34254817.0 ps READ @ DQS MultiPurpose Register 0, col = 5,  data = 1
# tb_soc_ddr3_top.mem_core.cmd_task: at time 34254817.0 ps INFO: Read      bank 0 col 008, auto precharge 0
# tb_soc_ddr3_top.mem_core.data_task: at time 34256150.0 ps READ @ DQS MultiPurpose Register 0, col = 6,  data = 0
# tb_soc_ddr3_top.mem_core.data_task: at time 34257483.0 ps READ @ DQS MultiPurpose Register 0, col = 7,  data = 1
# tb_soc_ddr3_top.mem_core.data_task: at time 34258817.0 ps READ @ DQS MultiPurpose Register 0, col = 0,  data = 0
# tb_soc_ddr3_top.mem_core.data_task: at time 34260150.0 ps READ @ DQS MultiPurpose Register 0, col = 1,  data = 1
# tb_soc_ddr3_top.mem_core.data_task: at time 34261483.0 ps READ @ DQS MultiPurpose Register 0, col = 2,  data = 0
# tb_soc_ddr3_top.mem_core.data_task: at time 34262817.0 ps READ @ DQS MultiPurpose Register 0, col = 3,  data = 1
# tb_soc_ddr3_top.mem_core.data_task: at time 34264150.0 ps READ @ DQS MultiPurpose Register 0, col = 4,  data = 0
# tb_soc_ddr3_top.mem_core.data_task: at time 34265483.0 ps READ @ DQS MultiPurpose Register 0, col = 5,  data = 1
# tb_soc_ddr3_top.mem_core.cmd_task: at time 34265483.0 ps INFO: Read      bank 0 col 008, auto precharge 0
# tb_soc_ddr3_top.mem_core.data_task: at time 34266817.0 ps READ @ DQS MultiPurpose Register 0, col = 6,  data = 0
# tb_soc_ddr3_top.mem_core.data_task: at time 34268150.0 ps READ @ DQS MultiPurpose Register 0, col = 7,  data = 1
# tb_soc_ddr3_top.mem_core.data_task: at time 34269483.0 ps READ @ DQS MultiPurpose Register 0, col = 0,  data = 0
# tb_soc_ddr3_top.mem_core.data_task: at time 34270817.0 ps READ @ DQS MultiPurpose Register 0, col = 1,  data = 1
# tb_soc_ddr3_top.mem_core.data_task: at time 34272150.0 ps READ @ DQS MultiPurpose Register 0, col = 2,  data = 0
# tb_soc_ddr3_top.mem_core.data_task: at time 34273483.0 ps READ @ DQS MultiPurpose Register 0, col = 3,  data = 1
# tb_soc_ddr3_top.mem_core.data_task: at time 34274817.0 ps READ @ DQS MultiPurpose Register 0, col = 4,  data = 0
# tb_soc_ddr3_top.mem_core.data_task: at time 34276150.0 ps READ @ DQS MultiPurpose Register 0, col = 5,  data = 1
# tb_soc_ddr3_top.mem_core.data_task: at time 34277483.0 ps READ @ DQS MultiPurpose Register 0, col = 6,  data = 0
# tb_soc_ddr3_top.mem_core.data_task: at time 34278817.0 ps READ @ DQS MultiPurpose Register 0, col = 7,  data = 1
# tb_soc_ddr3_top.mem_core.data_task: at time 34280150.0 ps READ @ DQS MultiPurpose Register 0, col = 0,  data = 0
# tb_soc_ddr3_top.mem_core.data_task: at time 34281483.0 ps READ @ DQS MultiPurpose Register 0, col = 1,  data = 1
# tb_soc_ddr3_top.mem_core.data_task: at time 34282817.0 ps READ @ DQS MultiPurpose Register 0, col = 2,  data = 0
# tb_soc_ddr3_top.mem_core.data_task: at time 34284150.0 ps READ @ DQS MultiPurpose Register 0, col = 3,  data = 1
# tb_soc_ddr3_top.mem_core.data_task: at time 34285483.0 ps READ @ DQS MultiPurpose Register 0, col = 4,  data = 0
# tb_soc_ddr3_top.mem_core.data_task: at time 34286817.0 ps READ @ DQS MultiPurpose Register 0, col = 5,  data = 1
# tb_soc_ddr3_top.mem_core.data_task: at time 34288150.0 ps READ @ DQS MultiPurpose Register 0, col = 6,  data = 0
# tb_soc_ddr3_top.mem_core.data_task: at time 34289483.0 ps READ @ DQS MultiPurpose Register 0, col = 7,  data = 1
# tb_soc_ddr3_top.mem_core.data_task: at time 34290817.0 ps READ @ DQS MultiPurpose Register 0, col = 0,  data = 0
# tb_soc_ddr3_top.mem_core.data_task: at time 34292150.0 ps READ @ DQS MultiPurpose Register 0, col = 1,  data = 1
# tb_soc_ddr3_top.mem_core.data_task: at time 34293483.0 ps READ @ DQS MultiPurpose Register 0, col = 2,  data = 0
# tb_soc_ddr3_top.mem_core.data_task: at time 34294817.0 ps READ @ DQS MultiPurpose Register 0, col = 3,  data = 1
# tb_soc_ddr3_top.mem_core.data_task: at time 34296150.0 ps READ @ DQS MultiPurpose Register 0, col = 4,  data = 0
# tb_soc_ddr3_top.mem_core.data_task: at time 34297483.0 ps READ @ DQS MultiPurpose Register 0, col = 5,  data = 1
# tb_soc_ddr3_top.mem_core.data_task: at time 34298817.0 ps READ @ DQS MultiPurpose Register 0, col = 6,  data = 0
# tb_soc_ddr3_top.mem_core.data_task: at time 34300150.0 ps READ @ DQS MultiPurpose Register 0, col = 7,  data = 1
# tb_soc_ddr3_top.mem_core.cmd_task: at time 34649483.0 ps INFO: Read      bank 0 col 008, auto precharge 0
# tb_soc_ddr3_top.mem_core.cmd_task: at time 34660150.0 ps INFO: Read      bank 0 col 008, auto precharge 0
# tb_soc_ddr3_top.mem_core.cmd_task: at time 34670817.0 ps INFO: Read      bank 0 col 008, auto precharge 0
# tb_soc_ddr3_top.mem_core.data_task: at time 34674817.0 ps READ @ DQS MultiPurpose Register 0, col = 0,  data = 0
# tb_soc_ddr3_top.mem_core.data_task: at time 34676150.0 ps READ @ DQS MultiPurpose Register 0, col = 1,  data = 1
# tb_soc_ddr3_top.mem_core.data_task: at time 34677483.0 ps READ @ DQS MultiPurpose Register 0, col = 2,  data = 0
# tb_soc_ddr3_top.mem_core.data_task: at time 34678817.0 ps READ @ DQS MultiPurpose Register 0, col = 3,  data = 1
# tb_soc_ddr3_top.mem_core.data_task: at time 34680150.0 ps READ @ DQS MultiPurpose Register 0, col = 4,  data = 0
# tb_soc_ddr3_top.mem_core.data_task: at time 34681483.0 ps READ @ DQS MultiPurpose Register 0, col = 5,  data = 1
# tb_soc_ddr3_top.mem_core.cmd_task: at time 34681483.0 ps INFO: Read      bank 0 col 008, auto precharge 0
# tb_soc_ddr3_top.mem_core.data_task: at time 34682817.0 ps READ @ DQS MultiPurpose Register 0, col = 6,  data = 0
# tb_soc_ddr3_top.mem_core.data_task: at time 34684150.0 ps READ @ DQS MultiPurpose Register 0, col = 7,  data = 1
# tb_soc_ddr3_top.mem_core.data_task: at time 34685483.0 ps READ @ DQS MultiPurpose Register 0, col = 0,  data = 0
# tb_soc_ddr3_top.mem_core.data_task: at time 34686817.0 ps READ @ DQS MultiPurpose Register 0, col = 1,  data = 1
# tb_soc_ddr3_top.mem_core.data_task: at time 34688150.0 ps READ @ DQS MultiPurpose Register 0, col = 2,  data = 0
# tb_soc_ddr3_top.mem_core.data_task: at time 34689483.0 ps READ @ DQS MultiPurpose Register 0, col = 3,  data = 1
# tb_soc_ddr3_top.mem_core.data_task: at time 34690817.0 ps READ @ DQS MultiPurpose Register 0, col = 4,  data = 0
# tb_soc_ddr3_top.mem_core.data_task: at time 34692150.0 ps READ @ DQS MultiPurpose Register 0, col = 5,  data = 1
# tb_soc_ddr3_top.mem_core.cmd_task: at time 34692150.0 ps INFO: Read      bank 0 col 008, auto precharge 0
# tb_soc_ddr3_top.mem_core.data_task: at time 34693483.0 ps READ @ DQS MultiPurpose Register 0, col = 6,  data = 0
# tb_soc_ddr3_top.mem_core.data_task: at time 34694817.0 ps READ @ DQS MultiPurpose Register 0, col = 7,  data = 1
# tb_soc_ddr3_top.mem_core.data_task: at time 34696150.0 ps READ @ DQS MultiPurpose Register 0, col = 0,  data = 0
# tb_soc_ddr3_top.mem_core.data_task: at time 34697483.0 ps READ @ DQS MultiPurpose Register 0, col = 1,  data = 1
# tb_soc_ddr3_top.mem_core.data_task: at time 34698817.0 ps READ @ DQS MultiPurpose Register 0, col = 2,  data = 0
# tb_soc_ddr3_top.mem_core.data_task: at time 34700150.0 ps READ @ DQS MultiPurpose Register 0, col = 3,  data = 1
# tb_soc_ddr3_top.mem_core.data_task: at time 34701483.0 ps READ @ DQS MultiPurpose Register 0, col = 4,  data = 0
# tb_soc_ddr3_top.mem_core.data_task: at time 34702817.0 ps READ @ DQS MultiPurpose Register 0, col = 5,  data = 1
# tb_soc_ddr3_top.mem_core.cmd_task: at time 34702817.0 ps INFO: Read      bank 0 col 008, auto precharge 0
# tb_soc_ddr3_top.mem_core.data_task: at time 34704150.0 ps READ @ DQS MultiPurpose Register 0, col = 6,  data = 0
# tb_soc_ddr3_top.mem_core.data_task: at time 34705483.0 ps READ @ DQS MultiPurpose Register 0, col = 7,  data = 1
# tb_soc_ddr3_top.mem_core.data_task: at time 34706817.0 ps READ @ DQS MultiPurpose Register 0, col = 0,  data = 0
# tb_soc_ddr3_top.mem_core.data_task: at time 34708150.0 ps READ @ DQS MultiPurpose Register 0, col = 1,  data = 1
# tb_soc_ddr3_top.mem_core.data_task: at time 34709483.0 ps READ @ DQS MultiPurpose Register 0, col = 2,  data = 0
# tb_soc_ddr3_top.mem_core.data_task: at time 34710817.0 ps READ @ DQS MultiPurpose Register 0, col = 3,  data = 1
# tb_soc_ddr3_top.mem_core.data_task: at time 34712150.0 ps READ @ DQS MultiPurpose Register 0, col = 4,  data = 0
# tb_soc_ddr3_top.mem_core.data_task: at time 34713483.0 ps READ @ DQS MultiPurpose Register 0, col = 5,  data = 1
# tb_soc_ddr3_top.mem_core.cmd_task: at time 34713483.0 ps INFO: Read      bank 0 col 008, auto precharge 0
# tb_soc_ddr3_top.mem_core.data_task: at time 34714817.0 ps READ @ DQS MultiPurpose Register 0, col = 6,  data = 0
# tb_soc_ddr3_top.mem_core.data_task: at time 34716150.0 ps READ @ DQS MultiPurpose Register 0, col = 7,  data = 1
# tb_soc_ddr3_top.mem_core.data_task: at time 34717483.0 ps READ @ DQS MultiPurpose Register 0, col = 0,  data = 0
# tb_soc_ddr3_top.mem_core.data_task: at time 34718817.0 ps READ @ DQS MultiPurpose Register 0, col = 1,  data = 1
# tb_soc_ddr3_top.mem_core.data_task: at time 34720150.0 ps READ @ DQS MultiPurpose Register 0, col = 2,  data = 0
# tb_soc_ddr3_top.mem_core.data_task: at time 34721483.0 ps READ @ DQS MultiPurpose Register 0, col = 3,  data = 1
# tb_soc_ddr3_top.mem_core.data_task: at time 34722817.0 ps READ @ DQS MultiPurpose Register 0, col = 4,  data = 0
# tb_soc_ddr3_top.mem_core.data_task: at time 34724150.0 ps READ @ DQS MultiPurpose Register 0, col = 5,  data = 1
# tb_soc_ddr3_top.mem_core.cmd_task: at time 34724150.0 ps INFO: Read      bank 0 col 008, auto precharge 0
# tb_soc_ddr3_top.mem_core.data_task: at time 34725483.0 ps READ @ DQS MultiPurpose Register 0, col = 6,  data = 0
# tb_soc_ddr3_top.mem_core.data_task: at time 34726817.0 ps READ @ DQS MultiPurpose Register 0, col = 7,  data = 1
# tb_soc_ddr3_top.mem_core.data_task: at time 34728150.0 ps READ @ DQS MultiPurpose Register 0, col = 0,  data = 0
# tb_soc_ddr3_top.mem_core.data_task: at time 34729483.0 ps READ @ DQS MultiPurpose Register 0, col = 1,  data = 1
# tb_soc_ddr3_top.mem_core.data_task: at time 34730817.0 ps READ @ DQS MultiPurpose Register 0, col = 2,  data = 0
# tb_soc_ddr3_top.mem_core.data_task: at time 34732150.0 ps READ @ DQS MultiPurpose Register 0, col = 3,  data = 1
# tb_soc_ddr3_top.mem_core.data_task: at time 34733483.0 ps READ @ DQS MultiPurpose Register 0, col = 4,  data = 0
# tb_soc_ddr3_top.mem_core.data_task: at time 34734817.0 ps READ @ DQS MultiPurpose Register 0, col = 5,  data = 1
# tb_soc_ddr3_top.mem_core.cmd_task: at time 34734817.0 ps INFO: Read      bank 0 col 008, auto precharge 0
# tb_soc_ddr3_top.mem_core.data_task: at time 34736150.0 ps READ @ DQS MultiPurpose Register 0, col = 6,  data = 0
# tb_soc_ddr3_top.mem_core.data_task: at time 34737483.0 ps READ @ DQS MultiPurpose Register 0, col = 7,  data = 1
# tb_soc_ddr3_top.mem_core.data_task: at time 34738817.0 ps READ @ DQS MultiPurpose Register 0, col = 0,  data = 0
# tb_soc_ddr3_top.mem_core.data_task: at time 34740150.0 ps READ @ DQS MultiPurpose Register 0, col = 1,  data = 1
# tb_soc_ddr3_top.mem_core.data_task: at time 34741483.0 ps READ @ DQS MultiPurpose Register 0, col = 2,  data = 0
# tb_soc_ddr3_top.mem_core.data_task: at time 34742817.0 ps READ @ DQS MultiPurpose Register 0, col = 3,  data = 1
# tb_soc_ddr3_top.mem_core.data_task: at time 34744150.0 ps READ @ DQS MultiPurpose Register 0, col = 4,  data = 0
# tb_soc_ddr3_top.mem_core.data_task: at time 34745483.0 ps READ @ DQS MultiPurpose Register 0, col = 5,  data = 1
# tb_soc_ddr3_top.mem_core.cmd_task: at time 34745483.0 ps INFO: Read      bank 0 col 008, auto precharge 0
# tb_soc_ddr3_top.mem_core.data_task: at time 34746817.0 ps READ @ DQS MultiPurpose Register 0, col = 6,  data = 0
# tb_soc_ddr3_top.mem_core.data_task: at time 34748150.0 ps READ @ DQS MultiPurpose Register 0, col = 7,  data = 1
# tb_soc_ddr3_top.mem_core.data_task: at time 34749483.0 ps READ @ DQS MultiPurpose Register 0, col = 0,  data = 0
# tb_soc_ddr3_top.mem_core.data_task: at time 34750817.0 ps READ @ DQS MultiPurpose Register 0, col = 1,  data = 1
# tb_soc_ddr3_top.mem_core.data_task: at time 34752150.0 ps READ @ DQS MultiPurpose Register 0, col = 2,  data = 0
# tb_soc_ddr3_top.mem_core.data_task: at time 34753483.0 ps READ @ DQS MultiPurpose Register 0, col = 3,  data = 1
# tb_soc_ddr3_top.mem_core.data_task: at time 34754817.0 ps READ @ DQS MultiPurpose Register 0, col = 4,  data = 0
# tb_soc_ddr3_top.mem_core.data_task: at time 34756150.0 ps READ @ DQS MultiPurpose Register 0, col = 5,  data = 1
# tb_soc_ddr3_top.mem_core.data_task: at time 34757483.0 ps READ @ DQS MultiPurpose Register 0, col = 6,  data = 0
# tb_soc_ddr3_top.mem_core.data_task: at time 34758817.0 ps READ @ DQS MultiPurpose Register 0, col = 7,  data = 1
# tb_soc_ddr3_top.mem_core.data_task: at time 34760150.0 ps READ @ DQS MultiPurpose Register 0, col = 0,  data = 0
# tb_soc_ddr3_top.mem_core.data_task: at time 34761483.0 ps READ @ DQS MultiPurpose Register 0, col = 1,  data = 1
# tb_soc_ddr3_top.mem_core.data_task: at time 34762817.0 ps READ @ DQS MultiPurpose Register 0, col = 2,  data = 0
# tb_soc_ddr3_top.mem_core.data_task: at time 34764150.0 ps READ @ DQS MultiPurpose Register 0, col = 3,  data = 1
# tb_soc_ddr3_top.mem_core.data_task: at time 34765483.0 ps READ @ DQS MultiPurpose Register 0, col = 4,  data = 0
# tb_soc_ddr3_top.mem_core.data_task: at time 34766817.0 ps READ @ DQS MultiPurpose Register 0, col = 5,  data = 1
# tb_soc_ddr3_top.mem_core.data_task: at time 34768150.0 ps READ @ DQS MultiPurpose Register 0, col = 6,  data = 0
# tb_soc_ddr3_top.mem_core.data_task: at time 34769483.0 ps READ @ DQS MultiPurpose Register 0, col = 7,  data = 1
# tb_soc_ddr3_top.mem_core.data_task: at time 34770817.0 ps READ @ DQS MultiPurpose Register 0, col = 0,  data = 0
# tb_soc_ddr3_top.mem_core.data_task: at time 34772150.0 ps READ @ DQS MultiPurpose Register 0, col = 1,  data = 1
# tb_soc_ddr3_top.mem_core.data_task: at time 34773483.0 ps READ @ DQS MultiPurpose Register 0, col = 2,  data = 0
# tb_soc_ddr3_top.mem_core.data_task: at time 34774817.0 ps READ @ DQS MultiPurpose Register 0, col = 3,  data = 1
# tb_soc_ddr3_top.mem_core.data_task: at time 34776150.0 ps READ @ DQS MultiPurpose Register 0, col = 4,  data = 0
# tb_soc_ddr3_top.mem_core.data_task: at time 34777483.0 ps READ @ DQS MultiPurpose Register 0, col = 5,  data = 1
# tb_soc_ddr3_top.mem_core.data_task: at time 34778817.0 ps READ @ DQS MultiPurpose Register 0, col = 6,  data = 0
# tb_soc_ddr3_top.mem_core.data_task: at time 34780150.0 ps READ @ DQS MultiPurpose Register 0, col = 7,  data = 1
# tb_soc_ddr3_top.mem_core.cmd_task: at time 35129483.0 ps INFO: Read      bank 0 col 008, auto precharge 0
# tb_soc_ddr3_top.mem_core.cmd_task: at time 35140150.0 ps INFO: Read      bank 0 col 008, auto precharge 0
# tb_soc_ddr3_top.mem_core.cmd_task: at time 35150817.0 ps INFO: Read      bank 0 col 008, auto precharge 0
# tb_soc_ddr3_top.mem_core.data_task: at time 35154817.0 ps READ @ DQS MultiPurpose Register 0, col = 0,  data = 0
# tb_soc_ddr3_top.mem_core.data_task: at time 35156150.0 ps READ @ DQS MultiPurpose Register 0, col = 1,  data = 1
# tb_soc_ddr3_top.mem_core.data_task: at time 35157483.0 ps READ @ DQS MultiPurpose Register 0, col = 2,  data = 0
# tb_soc_ddr3_top.mem_core.data_task: at time 35158817.0 ps READ @ DQS MultiPurpose Register 0, col = 3,  data = 1
# tb_soc_ddr3_top.mem_core.data_task: at time 35160150.0 ps READ @ DQS MultiPurpose Register 0, col = 4,  data = 0
# tb_soc_ddr3_top.mem_core.data_task: at time 35161483.0 ps READ @ DQS MultiPurpose Register 0, col = 5,  data = 1
# tb_soc_ddr3_top.mem_core.cmd_task: at time 35161483.0 ps INFO: Read      bank 0 col 008, auto precharge 0
# tb_soc_ddr3_top.mem_core.data_task: at time 35162817.0 ps READ @ DQS MultiPurpose Register 0, col = 6,  data = 0
# tb_soc_ddr3_top.mem_core.data_task: at time 35164150.0 ps READ @ DQS MultiPurpose Register 0, col = 7,  data = 1
# tb_soc_ddr3_top.mem_core.data_task: at time 35165483.0 ps READ @ DQS MultiPurpose Register 0, col = 0,  data = 0
# tb_soc_ddr3_top.mem_core.data_task: at time 35166817.0 ps READ @ DQS MultiPurpose Register 0, col = 1,  data = 1
# tb_soc_ddr3_top.mem_core.data_task: at time 35168150.0 ps READ @ DQS MultiPurpose Register 0, col = 2,  data = 0
# tb_soc_ddr3_top.mem_core.data_task: at time 35169483.0 ps READ @ DQS MultiPurpose Register 0, col = 3,  data = 1
# tb_soc_ddr3_top.mem_core.data_task: at time 35170817.0 ps READ @ DQS MultiPurpose Register 0, col = 4,  data = 0
# tb_soc_ddr3_top.mem_core.data_task: at time 35172150.0 ps READ @ DQS MultiPurpose Register 0, col = 5,  data = 1
# tb_soc_ddr3_top.mem_core.cmd_task: at time 35172150.0 ps INFO: Read      bank 0 col 008, auto precharge 0
# tb_soc_ddr3_top.mem_core.data_task: at time 35173483.0 ps READ @ DQS MultiPurpose Register 0, col = 6,  data = 0
# tb_soc_ddr3_top.mem_core.data_task: at time 35174817.0 ps READ @ DQS MultiPurpose Register 0, col = 7,  data = 1
# tb_soc_ddr3_top.mem_core.data_task: at time 35176150.0 ps READ @ DQS MultiPurpose Register 0, col = 0,  data = 0
# tb_soc_ddr3_top.mem_core.data_task: at time 35177483.0 ps READ @ DQS MultiPurpose Register 0, col = 1,  data = 1
# tb_soc_ddr3_top.mem_core.data_task: at time 35178817.0 ps READ @ DQS MultiPurpose Register 0, col = 2,  data = 0
# tb_soc_ddr3_top.mem_core.data_task: at time 35180150.0 ps READ @ DQS MultiPurpose Register 0, col = 3,  data = 1
# tb_soc_ddr3_top.mem_core.data_task: at time 35181483.0 ps READ @ DQS MultiPurpose Register 0, col = 4,  data = 0
# tb_soc_ddr3_top.mem_core.data_task: at time 35182817.0 ps READ @ DQS MultiPurpose Register 0, col = 5,  data = 1
# tb_soc_ddr3_top.mem_core.cmd_task: at time 35182817.0 ps INFO: Read      bank 0 col 008, auto precharge 0
# tb_soc_ddr3_top.mem_core.data_task: at time 35184150.0 ps READ @ DQS MultiPurpose Register 0, col = 6,  data = 0
# tb_soc_ddr3_top.mem_core.data_task: at time 35185483.0 ps READ @ DQS MultiPurpose Register 0, col = 7,  data = 1
# tb_soc_ddr3_top.mem_core.data_task: at time 35186817.0 ps READ @ DQS MultiPurpose Register 0, col = 0,  data = 0
# tb_soc_ddr3_top.mem_core.data_task: at time 35188150.0 ps READ @ DQS MultiPurpose Register 0, col = 1,  data = 1
# tb_soc_ddr3_top.mem_core.data_task: at time 35189483.0 ps READ @ DQS MultiPurpose Register 0, col = 2,  data = 0
# tb_soc_ddr3_top.mem_core.data_task: at time 35190817.0 ps READ @ DQS MultiPurpose Register 0, col = 3,  data = 1
# tb_soc_ddr3_top.mem_core.data_task: at time 35192150.0 ps READ @ DQS MultiPurpose Register 0, col = 4,  data = 0
# tb_soc_ddr3_top.mem_core.data_task: at time 35193483.0 ps READ @ DQS MultiPurpose Register 0, col = 5,  data = 1
# tb_soc_ddr3_top.mem_core.cmd_task: at time 35193483.0 ps INFO: Read      bank 0 col 008, auto precharge 0
# tb_soc_ddr3_top.mem_core.data_task: at time 35194817.0 ps READ @ DQS MultiPurpose Register 0, col = 6,  data = 0
# tb_soc_ddr3_top.mem_core.data_task: at time 35196150.0 ps READ @ DQS MultiPurpose Register 0, col = 7,  data = 1
# tb_soc_ddr3_top.mem_core.data_task: at time 35197483.0 ps READ @ DQS MultiPurpose Register 0, col = 0,  data = 0
# tb_soc_ddr3_top.mem_core.data_task: at time 35198817.0 ps READ @ DQS MultiPurpose Register 0, col = 1,  data = 1
# tb_soc_ddr3_top.mem_core.data_task: at time 35200150.0 ps READ @ DQS MultiPurpose Register 0, col = 2,  data = 0
# tb_soc_ddr3_top.mem_core.data_task: at time 35201483.0 ps READ @ DQS MultiPurpose Register 0, col = 3,  data = 1
# tb_soc_ddr3_top.mem_core.data_task: at time 35202817.0 ps READ @ DQS MultiPurpose Register 0, col = 4,  data = 0
# tb_soc_ddr3_top.mem_core.data_task: at time 35204150.0 ps READ @ DQS MultiPurpose Register 0, col = 5,  data = 1
# tb_soc_ddr3_top.mem_core.cmd_task: at time 35204150.0 ps INFO: Read      bank 0 col 008, auto precharge 0
# tb_soc_ddr3_top.mem_core.data_task: at time 35205483.0 ps READ @ DQS MultiPurpose Register 0, col = 6,  data = 0
# tb_soc_ddr3_top.mem_core.data_task: at time 35206817.0 ps READ @ DQS MultiPurpose Register 0, col = 7,  data = 1
# tb_soc_ddr3_top.mem_core.data_task: at time 35208150.0 ps READ @ DQS MultiPurpose Register 0, col = 0,  data = 0
# tb_soc_ddr3_top.mem_core.data_task: at time 35209483.0 ps READ @ DQS MultiPurpose Register 0, col = 1,  data = 1
# tb_soc_ddr3_top.mem_core.data_task: at time 35210817.0 ps READ @ DQS MultiPurpose Register 0, col = 2,  data = 0
# tb_soc_ddr3_top.mem_core.data_task: at time 35212150.0 ps READ @ DQS MultiPurpose Register 0, col = 3,  data = 1
# tb_soc_ddr3_top.mem_core.data_task: at time 35213483.0 ps READ @ DQS MultiPurpose Register 0, col = 4,  data = 0
# tb_soc_ddr3_top.mem_core.data_task: at time 35214817.0 ps READ @ DQS MultiPurpose Register 0, col = 5,  data = 1
# tb_soc_ddr3_top.mem_core.cmd_task: at time 35214817.0 ps INFO: Read      bank 0 col 008, auto precharge 0
# tb_soc_ddr3_top.mem_core.data_task: at time 35216150.0 ps READ @ DQS MultiPurpose Register 0, col = 6,  data = 0
# tb_soc_ddr3_top.mem_core.data_task: at time 35217483.0 ps READ @ DQS MultiPurpose Register 0, col = 7,  data = 1
# tb_soc_ddr3_top.mem_core.data_task: at time 35218817.0 ps READ @ DQS MultiPurpose Register 0, col = 0,  data = 0
# tb_soc_ddr3_top.mem_core.data_task: at time 35220150.0 ps READ @ DQS MultiPurpose Register 0, col = 1,  data = 1
# tb_soc_ddr3_top.mem_core.data_task: at time 35221483.0 ps READ @ DQS MultiPurpose Register 0, col = 2,  data = 0
# tb_soc_ddr3_top.mem_core.data_task: at time 35222817.0 ps READ @ DQS MultiPurpose Register 0, col = 3,  data = 1
# tb_soc_ddr3_top.mem_core.data_task: at time 35224150.0 ps READ @ DQS MultiPurpose Register 0, col = 4,  data = 0
# tb_soc_ddr3_top.mem_core.data_task: at time 35225483.0 ps READ @ DQS MultiPurpose Register 0, col = 5,  data = 1
# tb_soc_ddr3_top.mem_core.cmd_task: at time 35225483.0 ps INFO: Read      bank 0 col 008, auto precharge 0
# tb_soc_ddr3_top.mem_core.data_task: at time 35226817.0 ps READ @ DQS MultiPurpose Register 0, col = 6,  data = 0
# tb_soc_ddr3_top.mem_core.data_task: at time 35228150.0 ps READ @ DQS MultiPurpose Register 0, col = 7,  data = 1
# tb_soc_ddr3_top.mem_core.data_task: at time 35229483.0 ps READ @ DQS MultiPurpose Register 0, col = 0,  data = 0
# tb_soc_ddr3_top.mem_core.data_task: at time 35230817.0 ps READ @ DQS MultiPurpose Register 0, col = 1,  data = 1
# tb_soc_ddr3_top.mem_core.data_task: at time 35232150.0 ps READ @ DQS MultiPurpose Register 0, col = 2,  data = 0
# tb_soc_ddr3_top.mem_core.data_task: at time 35233483.0 ps READ @ DQS MultiPurpose Register 0, col = 3,  data = 1
# tb_soc_ddr3_top.mem_core.data_task: at time 35234817.0 ps READ @ DQS MultiPurpose Register 0, col = 4,  data = 0
# tb_soc_ddr3_top.mem_core.data_task: at time 35236150.0 ps READ @ DQS MultiPurpose Register 0, col = 5,  data = 1
# tb_soc_ddr3_top.mem_core.data_task: at time 35237483.0 ps READ @ DQS MultiPurpose Register 0, col = 6,  data = 0
# tb_soc_ddr3_top.mem_core.data_task: at time 35238817.0 ps READ @ DQS MultiPurpose Register 0, col = 7,  data = 1
# tb_soc_ddr3_top.mem_core.data_task: at time 35240150.0 ps READ @ DQS MultiPurpose Register 0, col = 0,  data = 0
# tb_soc_ddr3_top.mem_core.data_task: at time 35241483.0 ps READ @ DQS MultiPurpose Register 0, col = 1,  data = 1
# tb_soc_ddr3_top.mem_core.data_task: at time 35242817.0 ps READ @ DQS MultiPurpose Register 0, col = 2,  data = 0
# tb_soc_ddr3_top.mem_core.data_task: at time 35244150.0 ps READ @ DQS MultiPurpose Register 0, col = 3,  data = 1
# tb_soc_ddr3_top.mem_core.data_task: at time 35245483.0 ps READ @ DQS MultiPurpose Register 0, col = 4,  data = 0
# tb_soc_ddr3_top.mem_core.data_task: at time 35246817.0 ps READ @ DQS MultiPurpose Register 0, col = 5,  data = 1
# tb_soc_ddr3_top.mem_core.data_task: at time 35248150.0 ps READ @ DQS MultiPurpose Register 0, col = 6,  data = 0
# tb_soc_ddr3_top.mem_core.data_task: at time 35249483.0 ps READ @ DQS MultiPurpose Register 0, col = 7,  data = 1
# tb_soc_ddr3_top.mem_core.data_task: at time 35250817.0 ps READ @ DQS MultiPurpose Register 0, col = 0,  data = 0
# tb_soc_ddr3_top.mem_core.data_task: at time 35252150.0 ps READ @ DQS MultiPurpose Register 0, col = 1,  data = 1
# tb_soc_ddr3_top.mem_core.data_task: at time 35253483.0 ps READ @ DQS MultiPurpose Register 0, col = 2,  data = 0
# tb_soc_ddr3_top.mem_core.data_task: at time 35254817.0 ps READ @ DQS MultiPurpose Register 0, col = 3,  data = 1
# tb_soc_ddr3_top.mem_core.data_task: at time 35256150.0 ps READ @ DQS MultiPurpose Register 0, col = 4,  data = 0
# tb_soc_ddr3_top.mem_core.data_task: at time 35257483.0 ps READ @ DQS MultiPurpose Register 0, col = 5,  data = 1
# tb_soc_ddr3_top.mem_core.data_task: at time 35258817.0 ps READ @ DQS MultiPurpose Register 0, col = 6,  data = 0
# tb_soc_ddr3_top.mem_core.data_task: at time 35260150.0 ps READ @ DQS MultiPurpose Register 0, col = 7,  data = 1
# tb_soc_ddr3_top.mem_core.cmd_task: at time 35609483.0 ps INFO: Read      bank 0 col 008, auto precharge 0
# tb_soc_ddr3_top.mem_core.cmd_task: at time 35620150.0 ps INFO: Read      bank 0 col 008, auto precharge 0
# tb_soc_ddr3_top.mem_core.cmd_task: at time 35630817.0 ps INFO: Read      bank 0 col 008, auto precharge 0
# tb_soc_ddr3_top.mem_core.data_task: at time 35634817.0 ps READ @ DQS MultiPurpose Register 0, col = 0,  data = 0
# tb_soc_ddr3_top.mem_core.data_task: at time 35636150.0 ps READ @ DQS MultiPurpose Register 0, col = 1,  data = 1
# tb_soc_ddr3_top.mem_core.data_task: at time 35637483.0 ps READ @ DQS MultiPurpose Register 0, col = 2,  data = 0
# tb_soc_ddr3_top.mem_core.data_task: at time 35638817.0 ps READ @ DQS MultiPurpose Register 0, col = 3,  data = 1
# tb_soc_ddr3_top.mem_core.data_task: at time 35640150.0 ps READ @ DQS MultiPurpose Register 0, col = 4,  data = 0
# tb_soc_ddr3_top.mem_core.data_task: at time 35641483.0 ps READ @ DQS MultiPurpose Register 0, col = 5,  data = 1
# tb_soc_ddr3_top.mem_core.cmd_task: at time 35641483.0 ps INFO: Read      bank 0 col 008, auto precharge 0
# tb_soc_ddr3_top.mem_core.data_task: at time 35642817.0 ps READ @ DQS MultiPurpose Register 0, col = 6,  data = 0
# tb_soc_ddr3_top.mem_core.data_task: at time 35644150.0 ps READ @ DQS MultiPurpose Register 0, col = 7,  data = 1
# tb_soc_ddr3_top.mem_core.data_task: at time 35645483.0 ps READ @ DQS MultiPurpose Register 0, col = 0,  data = 0
# tb_soc_ddr3_top.mem_core.data_task: at time 35646817.0 ps READ @ DQS MultiPurpose Register 0, col = 1,  data = 1
# tb_soc_ddr3_top.mem_core.data_task: at time 35648150.0 ps READ @ DQS MultiPurpose Register 0, col = 2,  data = 0
# tb_soc_ddr3_top.mem_core.data_task: at time 35649483.0 ps READ @ DQS MultiPurpose Register 0, col = 3,  data = 1
# tb_soc_ddr3_top.mem_core.data_task: at time 35650817.0 ps READ @ DQS MultiPurpose Register 0, col = 4,  data = 0
# tb_soc_ddr3_top.mem_core.data_task: at time 35652150.0 ps READ @ DQS MultiPurpose Register 0, col = 5,  data = 1
# tb_soc_ddr3_top.mem_core.cmd_task: at time 35652150.0 ps INFO: Read      bank 0 col 008, auto precharge 0
# tb_soc_ddr3_top.mem_core.data_task: at time 35653483.0 ps READ @ DQS MultiPurpose Register 0, col = 6,  data = 0
# tb_soc_ddr3_top.mem_core.data_task: at time 35654817.0 ps READ @ DQS MultiPurpose Register 0, col = 7,  data = 1
# tb_soc_ddr3_top.mem_core.data_task: at time 35656150.0 ps READ @ DQS MultiPurpose Register 0, col = 0,  data = 0
# tb_soc_ddr3_top.mem_core.data_task: at time 35657483.0 ps READ @ DQS MultiPurpose Register 0, col = 1,  data = 1
# tb_soc_ddr3_top.mem_core.data_task: at time 35658817.0 ps READ @ DQS MultiPurpose Register 0, col = 2,  data = 0
# tb_soc_ddr3_top.mem_core.data_task: at time 35660150.0 ps READ @ DQS MultiPurpose Register 0, col = 3,  data = 1
# tb_soc_ddr3_top.mem_core.data_task: at time 35661483.0 ps READ @ DQS MultiPurpose Register 0, col = 4,  data = 0
# tb_soc_ddr3_top.mem_core.data_task: at time 35662817.0 ps READ @ DQS MultiPurpose Register 0, col = 5,  data = 1
# tb_soc_ddr3_top.mem_core.cmd_task: at time 35662817.0 ps INFO: Read      bank 0 col 008, auto precharge 0
# tb_soc_ddr3_top.mem_core.data_task: at time 35664150.0 ps READ @ DQS MultiPurpose Register 0, col = 6,  data = 0
# tb_soc_ddr3_top.mem_core.data_task: at time 35665483.0 ps READ @ DQS MultiPurpose Register 0, col = 7,  data = 1
# tb_soc_ddr3_top.mem_core.data_task: at time 35666817.0 ps READ @ DQS MultiPurpose Register 0, col = 0,  data = 0
# tb_soc_ddr3_top.mem_core.data_task: at time 35668150.0 ps READ @ DQS MultiPurpose Register 0, col = 1,  data = 1
# tb_soc_ddr3_top.mem_core.data_task: at time 35669483.0 ps READ @ DQS MultiPurpose Register 0, col = 2,  data = 0
# tb_soc_ddr3_top.mem_core.data_task: at time 35670817.0 ps READ @ DQS MultiPurpose Register 0, col = 3,  data = 1
# tb_soc_ddr3_top.mem_core.data_task: at time 35672150.0 ps READ @ DQS MultiPurpose Register 0, col = 4,  data = 0
# tb_soc_ddr3_top.mem_core.data_task: at time 35673483.0 ps READ @ DQS MultiPurpose Register 0, col = 5,  data = 1
# tb_soc_ddr3_top.mem_core.cmd_task: at time 35673483.0 ps INFO: Read      bank 0 col 008, auto precharge 0
# tb_soc_ddr3_top.mem_core.data_task: at time 35674817.0 ps READ @ DQS MultiPurpose Register 0, col = 6,  data = 0
# tb_soc_ddr3_top.mem_core.data_task: at time 35676150.0 ps READ @ DQS MultiPurpose Register 0, col = 7,  data = 1
# tb_soc_ddr3_top.mem_core.data_task: at time 35677483.0 ps READ @ DQS MultiPurpose Register 0, col = 0,  data = 0
# tb_soc_ddr3_top.mem_core.data_task: at time 35678817.0 ps READ @ DQS MultiPurpose Register 0, col = 1,  data = 1
# tb_soc_ddr3_top.mem_core.data_task: at time 35680150.0 ps READ @ DQS MultiPurpose Register 0, col = 2,  data = 0
# tb_soc_ddr3_top.mem_core.data_task: at time 35681483.0 ps READ @ DQS MultiPurpose Register 0, col = 3,  data = 1
# tb_soc_ddr3_top.mem_core.data_task: at time 35682817.0 ps READ @ DQS MultiPurpose Register 0, col = 4,  data = 0
# tb_soc_ddr3_top.mem_core.data_task: at time 35684150.0 ps READ @ DQS MultiPurpose Register 0, col = 5,  data = 1
# tb_soc_ddr3_top.mem_core.cmd_task: at time 35684150.0 ps INFO: Read      bank 0 col 008, auto precharge 0
# tb_soc_ddr3_top.mem_core.data_task: at time 35685483.0 ps READ @ DQS MultiPurpose Register 0, col = 6,  data = 0
# tb_soc_ddr3_top.mem_core.data_task: at time 35686817.0 ps READ @ DQS MultiPurpose Register 0, col = 7,  data = 1
# tb_soc_ddr3_top.mem_core.data_task: at time 35688150.0 ps READ @ DQS MultiPurpose Register 0, col = 0,  data = 0
# tb_soc_ddr3_top.mem_core.data_task: at time 35689483.0 ps READ @ DQS MultiPurpose Register 0, col = 1,  data = 1
# tb_soc_ddr3_top.mem_core.data_task: at time 35690817.0 ps READ @ DQS MultiPurpose Register 0, col = 2,  data = 0
# tb_soc_ddr3_top.mem_core.data_task: at time 35692150.0 ps READ @ DQS MultiPurpose Register 0, col = 3,  data = 1
# tb_soc_ddr3_top.mem_core.data_task: at time 35693483.0 ps READ @ DQS MultiPurpose Register 0, col = 4,  data = 0
# tb_soc_ddr3_top.mem_core.data_task: at time 35694817.0 ps READ @ DQS MultiPurpose Register 0, col = 5,  data = 1
# tb_soc_ddr3_top.mem_core.cmd_task: at time 35694817.0 ps INFO: Read      bank 0 col 008, auto precharge 0
# tb_soc_ddr3_top.mem_core.data_task: at time 35696150.0 ps READ @ DQS MultiPurpose Register 0, col = 6,  data = 0
# tb_soc_ddr3_top.mem_core.data_task: at time 35697483.0 ps READ @ DQS MultiPurpose Register 0, col = 7,  data = 1
# tb_soc_ddr3_top.mem_core.data_task: at time 35698817.0 ps READ @ DQS MultiPurpose Register 0, col = 0,  data = 0
# tb_soc_ddr3_top.mem_core.data_task: at time 35700150.0 ps READ @ DQS MultiPurpose Register 0, col = 1,  data = 1
# tb_soc_ddr3_top.mem_core.data_task: at time 35701483.0 ps READ @ DQS MultiPurpose Register 0, col = 2,  data = 0
# tb_soc_ddr3_top.mem_core.data_task: at time 35702817.0 ps READ @ DQS MultiPurpose Register 0, col = 3,  data = 1
# tb_soc_ddr3_top.mem_core.data_task: at time 35704150.0 ps READ @ DQS MultiPurpose Register 0, col = 4,  data = 0
# tb_soc_ddr3_top.mem_core.data_task: at time 35705483.0 ps READ @ DQS MultiPurpose Register 0, col = 5,  data = 1
# tb_soc_ddr3_top.mem_core.cmd_task: at time 35705483.0 ps INFO: Read      bank 0 col 008, auto precharge 0
# tb_soc_ddr3_top.mem_core.data_task: at time 35706817.0 ps READ @ DQS MultiPurpose Register 0, col = 6,  data = 0
# tb_soc_ddr3_top.mem_core.data_task: at time 35708150.0 ps READ @ DQS MultiPurpose Register 0, col = 7,  data = 1
# tb_soc_ddr3_top.mem_core.data_task: at time 35709483.0 ps READ @ DQS MultiPurpose Register 0, col = 0,  data = 0
# tb_soc_ddr3_top.mem_core.data_task: at time 35710817.0 ps READ @ DQS MultiPurpose Register 0, col = 1,  data = 1
# tb_soc_ddr3_top.mem_core.data_task: at time 35712150.0 ps READ @ DQS MultiPurpose Register 0, col = 2,  data = 0
# tb_soc_ddr3_top.mem_core.data_task: at time 35713483.0 ps READ @ DQS MultiPurpose Register 0, col = 3,  data = 1
# tb_soc_ddr3_top.mem_core.data_task: at time 35714817.0 ps READ @ DQS MultiPurpose Register 0, col = 4,  data = 0
# tb_soc_ddr3_top.mem_core.data_task: at time 35716150.0 ps READ @ DQS MultiPurpose Register 0, col = 5,  data = 1
# tb_soc_ddr3_top.mem_core.data_task: at time 35717483.0 ps READ @ DQS MultiPurpose Register 0, col = 6,  data = 0
# tb_soc_ddr3_top.mem_core.data_task: at time 35718817.0 ps READ @ DQS MultiPurpose Register 0, col = 7,  data = 1
# tb_soc_ddr3_top.mem_core.data_task: at time 35720150.0 ps READ @ DQS MultiPurpose Register 0, col = 0,  data = 0
# tb_soc_ddr3_top.mem_core.data_task: at time 35721483.0 ps READ @ DQS MultiPurpose Register 0, col = 1,  data = 1
# tb_soc_ddr3_top.mem_core.data_task: at time 35722817.0 ps READ @ DQS MultiPurpose Register 0, col = 2,  data = 0
# tb_soc_ddr3_top.mem_core.data_task: at time 35724150.0 ps READ @ DQS MultiPurpose Register 0, col = 3,  data = 1
# tb_soc_ddr3_top.mem_core.data_task: at time 35725483.0 ps READ @ DQS MultiPurpose Register 0, col = 4,  data = 0
# tb_soc_ddr3_top.mem_core.data_task: at time 35726817.0 ps READ @ DQS MultiPurpose Register 0, col = 5,  data = 1
# tb_soc_ddr3_top.mem_core.data_task: at time 35728150.0 ps READ @ DQS MultiPurpose Register 0, col = 6,  data = 0
# tb_soc_ddr3_top.mem_core.data_task: at time 35729483.0 ps READ @ DQS MultiPurpose Register 0, col = 7,  data = 1
# tb_soc_ddr3_top.mem_core.data_task: at time 35730817.0 ps READ @ DQS MultiPurpose Register 0, col = 0,  data = 0
# tb_soc_ddr3_top.mem_core.data_task: at time 35732150.0 ps READ @ DQS MultiPurpose Register 0, col = 1,  data = 1
# tb_soc_ddr3_top.mem_core.data_task: at time 35733483.0 ps READ @ DQS MultiPurpose Register 0, col = 2,  data = 0
# tb_soc_ddr3_top.mem_core.data_task: at time 35734817.0 ps READ @ DQS MultiPurpose Register 0, col = 3,  data = 1
# tb_soc_ddr3_top.mem_core.data_task: at time 35736150.0 ps READ @ DQS MultiPurpose Register 0, col = 4,  data = 0
# tb_soc_ddr3_top.mem_core.data_task: at time 35737483.0 ps READ @ DQS MultiPurpose Register 0, col = 5,  data = 1
# tb_soc_ddr3_top.mem_core.data_task: at time 35738817.0 ps READ @ DQS MultiPurpose Register 0, col = 6,  data = 0
# tb_soc_ddr3_top.mem_core.data_task: at time 35740150.0 ps READ @ DQS MultiPurpose Register 0, col = 7,  data = 1
# tb_soc_ddr3_top.mem_core.cmd_task: at time 36089483.0 ps INFO: Read      bank 0 col 008, auto precharge 0
# tb_soc_ddr3_top.mem_core.cmd_task: at time 36100150.0 ps INFO: Read      bank 0 col 008, auto precharge 0
# tb_soc_ddr3_top.mem_core.cmd_task: at time 36110817.0 ps INFO: Read      bank 0 col 008, auto precharge 0
# tb_soc_ddr3_top.mem_core.data_task: at time 36114817.0 ps READ @ DQS MultiPurpose Register 0, col = 0,  data = 0
# tb_soc_ddr3_top.mem_core.data_task: at time 36116150.0 ps READ @ DQS MultiPurpose Register 0, col = 1,  data = 1
# tb_soc_ddr3_top.mem_core.data_task: at time 36117483.0 ps READ @ DQS MultiPurpose Register 0, col = 2,  data = 0
# tb_soc_ddr3_top.mem_core.data_task: at time 36118817.0 ps READ @ DQS MultiPurpose Register 0, col = 3,  data = 1
# tb_soc_ddr3_top.mem_core.data_task: at time 36120150.0 ps READ @ DQS MultiPurpose Register 0, col = 4,  data = 0
# tb_soc_ddr3_top.mem_core.data_task: at time 36121483.0 ps READ @ DQS MultiPurpose Register 0, col = 5,  data = 1
# tb_soc_ddr3_top.mem_core.cmd_task: at time 36121483.0 ps INFO: Read      bank 0 col 008, auto precharge 0
# tb_soc_ddr3_top.mem_core.data_task: at time 36122817.0 ps READ @ DQS MultiPurpose Register 0, col = 6,  data = 0
# tb_soc_ddr3_top.mem_core.data_task: at time 36124150.0 ps READ @ DQS MultiPurpose Register 0, col = 7,  data = 1
# tb_soc_ddr3_top.mem_core.data_task: at time 36125483.0 ps READ @ DQS MultiPurpose Register 0, col = 0,  data = 0
# tb_soc_ddr3_top.mem_core.data_task: at time 36126817.0 ps READ @ DQS MultiPurpose Register 0, col = 1,  data = 1
# tb_soc_ddr3_top.mem_core.data_task: at time 36128150.0 ps READ @ DQS MultiPurpose Register 0, col = 2,  data = 0
# tb_soc_ddr3_top.mem_core.data_task: at time 36129483.0 ps READ @ DQS MultiPurpose Register 0, col = 3,  data = 1
# tb_soc_ddr3_top.mem_core.data_task: at time 36130817.0 ps READ @ DQS MultiPurpose Register 0, col = 4,  data = 0
# tb_soc_ddr3_top.mem_core.data_task: at time 36132150.0 ps READ @ DQS MultiPurpose Register 0, col = 5,  data = 1
# tb_soc_ddr3_top.mem_core.cmd_task: at time 36132150.0 ps INFO: Read      bank 0 col 008, auto precharge 0
# tb_soc_ddr3_top.mem_core.data_task: at time 36133483.0 ps READ @ DQS MultiPurpose Register 0, col = 6,  data = 0
# tb_soc_ddr3_top.mem_core.data_task: at time 36134817.0 ps READ @ DQS MultiPurpose Register 0, col = 7,  data = 1
# tb_soc_ddr3_top.mem_core.data_task: at time 36136150.0 ps READ @ DQS MultiPurpose Register 0, col = 0,  data = 0
# tb_soc_ddr3_top.mem_core.data_task: at time 36137483.0 ps READ @ DQS MultiPurpose Register 0, col = 1,  data = 1
# tb_soc_ddr3_top.mem_core.data_task: at time 36138817.0 ps READ @ DQS MultiPurpose Register 0, col = 2,  data = 0
# tb_soc_ddr3_top.mem_core.data_task: at time 36140150.0 ps READ @ DQS MultiPurpose Register 0, col = 3,  data = 1
# tb_soc_ddr3_top.mem_core.data_task: at time 36141483.0 ps READ @ DQS MultiPurpose Register 0, col = 4,  data = 0
# tb_soc_ddr3_top.mem_core.data_task: at time 36142817.0 ps READ @ DQS MultiPurpose Register 0, col = 5,  data = 1
# tb_soc_ddr3_top.mem_core.cmd_task: at time 36142817.0 ps INFO: Read      bank 0 col 008, auto precharge 0
# tb_soc_ddr3_top.mem_core.data_task: at time 36144150.0 ps READ @ DQS MultiPurpose Register 0, col = 6,  data = 0
# tb_soc_ddr3_top.mem_core.data_task: at time 36145483.0 ps READ @ DQS MultiPurpose Register 0, col = 7,  data = 1
# tb_soc_ddr3_top.mem_core.data_task: at time 36146817.0 ps READ @ DQS MultiPurpose Register 0, col = 0,  data = 0
# tb_soc_ddr3_top.mem_core.data_task: at time 36148150.0 ps READ @ DQS MultiPurpose Register 0, col = 1,  data = 1
# tb_soc_ddr3_top.mem_core.data_task: at time 36149483.0 ps READ @ DQS MultiPurpose Register 0, col = 2,  data = 0
# tb_soc_ddr3_top.mem_core.data_task: at time 36150817.0 ps READ @ DQS MultiPurpose Register 0, col = 3,  data = 1
# tb_soc_ddr3_top.mem_core.data_task: at time 36152150.0 ps READ @ DQS MultiPurpose Register 0, col = 4,  data = 0
# tb_soc_ddr3_top.mem_core.data_task: at time 36153483.0 ps READ @ DQS MultiPurpose Register 0, col = 5,  data = 1
# tb_soc_ddr3_top.mem_core.cmd_task: at time 36153483.0 ps INFO: Read      bank 0 col 008, auto precharge 0
# tb_soc_ddr3_top.mem_core.data_task: at time 36154817.0 ps READ @ DQS MultiPurpose Register 0, col = 6,  data = 0
# tb_soc_ddr3_top.mem_core.data_task: at time 36156150.0 ps READ @ DQS MultiPurpose Register 0, col = 7,  data = 1
# tb_soc_ddr3_top.mem_core.data_task: at time 36157483.0 ps READ @ DQS MultiPurpose Register 0, col = 0,  data = 0
# tb_soc_ddr3_top.mem_core.data_task: at time 36158817.0 ps READ @ DQS MultiPurpose Register 0, col = 1,  data = 1
# tb_soc_ddr3_top.mem_core.data_task: at time 36160150.0 ps READ @ DQS MultiPurpose Register 0, col = 2,  data = 0
# tb_soc_ddr3_top.mem_core.data_task: at time 36161483.0 ps READ @ DQS MultiPurpose Register 0, col = 3,  data = 1
# tb_soc_ddr3_top.mem_core.data_task: at time 36162817.0 ps READ @ DQS MultiPurpose Register 0, col = 4,  data = 0
# tb_soc_ddr3_top.mem_core.data_task: at time 36164150.0 ps READ @ DQS MultiPurpose Register 0, col = 5,  data = 1
# tb_soc_ddr3_top.mem_core.cmd_task: at time 36164150.0 ps INFO: Read      bank 0 col 008, auto precharge 0
# tb_soc_ddr3_top.mem_core.data_task: at time 36165483.0 ps READ @ DQS MultiPurpose Register 0, col = 6,  data = 0
# tb_soc_ddr3_top.mem_core.data_task: at time 36166817.0 ps READ @ DQS MultiPurpose Register 0, col = 7,  data = 1
# tb_soc_ddr3_top.mem_core.data_task: at time 36168150.0 ps READ @ DQS MultiPurpose Register 0, col = 0,  data = 0
# tb_soc_ddr3_top.mem_core.data_task: at time 36169483.0 ps READ @ DQS MultiPurpose Register 0, col = 1,  data = 1
# tb_soc_ddr3_top.mem_core.data_task: at time 36170817.0 ps READ @ DQS MultiPurpose Register 0, col = 2,  data = 0
# tb_soc_ddr3_top.mem_core.data_task: at time 36172150.0 ps READ @ DQS MultiPurpose Register 0, col = 3,  data = 1
# tb_soc_ddr3_top.mem_core.data_task: at time 36173483.0 ps READ @ DQS MultiPurpose Register 0, col = 4,  data = 0
# tb_soc_ddr3_top.mem_core.data_task: at time 36174817.0 ps READ @ DQS MultiPurpose Register 0, col = 5,  data = 1
# tb_soc_ddr3_top.mem_core.cmd_task: at time 36174817.0 ps INFO: Read      bank 0 col 008, auto precharge 0
# tb_soc_ddr3_top.mem_core.data_task: at time 36176150.0 ps READ @ DQS MultiPurpose Register 0, col = 6,  data = 0
# tb_soc_ddr3_top.mem_core.data_task: at time 36177483.0 ps READ @ DQS MultiPurpose Register 0, col = 7,  data = 1
# tb_soc_ddr3_top.mem_core.data_task: at time 36178817.0 ps READ @ DQS MultiPurpose Register 0, col = 0,  data = 0
# tb_soc_ddr3_top.mem_core.data_task: at time 36180150.0 ps READ @ DQS MultiPurpose Register 0, col = 1,  data = 1
# tb_soc_ddr3_top.mem_core.data_task: at time 36181483.0 ps READ @ DQS MultiPurpose Register 0, col = 2,  data = 0
# tb_soc_ddr3_top.mem_core.data_task: at time 36182817.0 ps READ @ DQS MultiPurpose Register 0, col = 3,  data = 1
# tb_soc_ddr3_top.mem_core.data_task: at time 36184150.0 ps READ @ DQS MultiPurpose Register 0, col = 4,  data = 0
# tb_soc_ddr3_top.mem_core.data_task: at time 36185483.0 ps READ @ DQS MultiPurpose Register 0, col = 5,  data = 1
# tb_soc_ddr3_top.mem_core.cmd_task: at time 36185483.0 ps INFO: Read      bank 0 col 008, auto precharge 0
# tb_soc_ddr3_top.mem_core.data_task: at time 36186817.0 ps READ @ DQS MultiPurpose Register 0, col = 6,  data = 0
# tb_soc_ddr3_top.mem_core.data_task: at time 36188150.0 ps READ @ DQS MultiPurpose Register 0, col = 7,  data = 1
# tb_soc_ddr3_top.mem_core.data_task: at time 36189483.0 ps READ @ DQS MultiPurpose Register 0, col = 0,  data = 0
# tb_soc_ddr3_top.mem_core.data_task: at time 36190817.0 ps READ @ DQS MultiPurpose Register 0, col = 1,  data = 1
# tb_soc_ddr3_top.mem_core.data_task: at time 36192150.0 ps READ @ DQS MultiPurpose Register 0, col = 2,  data = 0
# tb_soc_ddr3_top.mem_core.data_task: at time 36193483.0 ps READ @ DQS MultiPurpose Register 0, col = 3,  data = 1
# tb_soc_ddr3_top.mem_core.data_task: at time 36194817.0 ps READ @ DQS MultiPurpose Register 0, col = 4,  data = 0
# tb_soc_ddr3_top.mem_core.data_task: at time 36196150.0 ps READ @ DQS MultiPurpose Register 0, col = 5,  data = 1
# tb_soc_ddr3_top.mem_core.data_task: at time 36197483.0 ps READ @ DQS MultiPurpose Register 0, col = 6,  data = 0
# tb_soc_ddr3_top.mem_core.data_task: at time 36198817.0 ps READ @ DQS MultiPurpose Register 0, col = 7,  data = 1
# tb_soc_ddr3_top.mem_core.data_task: at time 36200150.0 ps READ @ DQS MultiPurpose Register 0, col = 0,  data = 0
# tb_soc_ddr3_top.mem_core.data_task: at time 36201483.0 ps READ @ DQS MultiPurpose Register 0, col = 1,  data = 1
# tb_soc_ddr3_top.mem_core.data_task: at time 36202817.0 ps READ @ DQS MultiPurpose Register 0, col = 2,  data = 0
# tb_soc_ddr3_top.mem_core.data_task: at time 36204150.0 ps READ @ DQS MultiPurpose Register 0, col = 3,  data = 1
# tb_soc_ddr3_top.mem_core.data_task: at time 36205483.0 ps READ @ DQS MultiPurpose Register 0, col = 4,  data = 0
# tb_soc_ddr3_top.mem_core.data_task: at time 36206817.0 ps READ @ DQS MultiPurpose Register 0, col = 5,  data = 1
# tb_soc_ddr3_top.mem_core.data_task: at time 36208150.0 ps READ @ DQS MultiPurpose Register 0, col = 6,  data = 0
# tb_soc_ddr3_top.mem_core.data_task: at time 36209483.0 ps READ @ DQS MultiPurpose Register 0, col = 7,  data = 1
# tb_soc_ddr3_top.mem_core.data_task: at time 36210817.0 ps READ @ DQS MultiPurpose Register 0, col = 0,  data = 0
# tb_soc_ddr3_top.mem_core.data_task: at time 36212150.0 ps READ @ DQS MultiPurpose Register 0, col = 1,  data = 1
# tb_soc_ddr3_top.mem_core.data_task: at time 36213483.0 ps READ @ DQS MultiPurpose Register 0, col = 2,  data = 0
# tb_soc_ddr3_top.mem_core.data_task: at time 36214817.0 ps READ @ DQS MultiPurpose Register 0, col = 3,  data = 1
# tb_soc_ddr3_top.mem_core.data_task: at time 36216150.0 ps READ @ DQS MultiPurpose Register 0, col = 4,  data = 0
# tb_soc_ddr3_top.mem_core.data_task: at time 36217483.0 ps READ @ DQS MultiPurpose Register 0, col = 5,  data = 1
# tb_soc_ddr3_top.mem_core.data_task: at time 36218817.0 ps READ @ DQS MultiPurpose Register 0, col = 6,  data = 0
# tb_soc_ddr3_top.mem_core.data_task: at time 36220150.0 ps READ @ DQS MultiPurpose Register 0, col = 7,  data = 1
# tb_soc_ddr3_top.mem_core.cmd_task: at time 36569483.0 ps INFO: Read      bank 0 col 008, auto precharge 0
# tb_soc_ddr3_top.mem_core.cmd_task: at time 36580150.0 ps INFO: Read      bank 0 col 008, auto precharge 0
# tb_soc_ddr3_top.mem_core.cmd_task: at time 36590817.0 ps INFO: Read      bank 0 col 008, auto precharge 0
# tb_soc_ddr3_top.mem_core.data_task: at time 36594817.0 ps READ @ DQS MultiPurpose Register 0, col = 0,  data = 0
# tb_soc_ddr3_top.mem_core.data_task: at time 36596150.0 ps READ @ DQS MultiPurpose Register 0, col = 1,  data = 1
# tb_soc_ddr3_top.mem_core.data_task: at time 36597483.0 ps READ @ DQS MultiPurpose Register 0, col = 2,  data = 0
# tb_soc_ddr3_top.mem_core.data_task: at time 36598817.0 ps READ @ DQS MultiPurpose Register 0, col = 3,  data = 1
# tb_soc_ddr3_top.mem_core.data_task: at time 36600150.0 ps READ @ DQS MultiPurpose Register 0, col = 4,  data = 0
# tb_soc_ddr3_top.mem_core.data_task: at time 36601483.0 ps READ @ DQS MultiPurpose Register 0, col = 5,  data = 1
# tb_soc_ddr3_top.mem_core.cmd_task: at time 36601483.0 ps INFO: Read      bank 0 col 008, auto precharge 0
# tb_soc_ddr3_top.mem_core.data_task: at time 36602817.0 ps READ @ DQS MultiPurpose Register 0, col = 6,  data = 0
# tb_soc_ddr3_top.mem_core.data_task: at time 36604150.0 ps READ @ DQS MultiPurpose Register 0, col = 7,  data = 1
# tb_soc_ddr3_top.mem_core.data_task: at time 36605483.0 ps READ @ DQS MultiPurpose Register 0, col = 0,  data = 0
# tb_soc_ddr3_top.mem_core.data_task: at time 36606817.0 ps READ @ DQS MultiPurpose Register 0, col = 1,  data = 1
# tb_soc_ddr3_top.mem_core.data_task: at time 36608150.0 ps READ @ DQS MultiPurpose Register 0, col = 2,  data = 0
# tb_soc_ddr3_top.mem_core.data_task: at time 36609483.0 ps READ @ DQS MultiPurpose Register 0, col = 3,  data = 1
# tb_soc_ddr3_top.mem_core.data_task: at time 36610817.0 ps READ @ DQS MultiPurpose Register 0, col = 4,  data = 0
# tb_soc_ddr3_top.mem_core.data_task: at time 36612150.0 ps READ @ DQS MultiPurpose Register 0, col = 5,  data = 1
# tb_soc_ddr3_top.mem_core.cmd_task: at time 36612150.0 ps INFO: Read      bank 0 col 008, auto precharge 0
# tb_soc_ddr3_top.mem_core.data_task: at time 36613483.0 ps READ @ DQS MultiPurpose Register 0, col = 6,  data = 0
# tb_soc_ddr3_top.mem_core.data_task: at time 36614817.0 ps READ @ DQS MultiPurpose Register 0, col = 7,  data = 1
# tb_soc_ddr3_top.mem_core.data_task: at time 36616150.0 ps READ @ DQS MultiPurpose Register 0, col = 0,  data = 0
# tb_soc_ddr3_top.mem_core.data_task: at time 36617483.0 ps READ @ DQS MultiPurpose Register 0, col = 1,  data = 1
# tb_soc_ddr3_top.mem_core.data_task: at time 36618817.0 ps READ @ DQS MultiPurpose Register 0, col = 2,  data = 0
# tb_soc_ddr3_top.mem_core.data_task: at time 36620150.0 ps READ @ DQS MultiPurpose Register 0, col = 3,  data = 1
# tb_soc_ddr3_top.mem_core.data_task: at time 36621483.0 ps READ @ DQS MultiPurpose Register 0, col = 4,  data = 0
# tb_soc_ddr3_top.mem_core.data_task: at time 36622817.0 ps READ @ DQS MultiPurpose Register 0, col = 5,  data = 1
# tb_soc_ddr3_top.mem_core.cmd_task: at time 36622817.0 ps INFO: Read      bank 0 col 008, auto precharge 0
# tb_soc_ddr3_top.mem_core.data_task: at time 36624150.0 ps READ @ DQS MultiPurpose Register 0, col = 6,  data = 0
# tb_soc_ddr3_top.mem_core.data_task: at time 36625483.0 ps READ @ DQS MultiPurpose Register 0, col = 7,  data = 1
# tb_soc_ddr3_top.mem_core.data_task: at time 36626817.0 ps READ @ DQS MultiPurpose Register 0, col = 0,  data = 0
# tb_soc_ddr3_top.mem_core.data_task: at time 36628150.0 ps READ @ DQS MultiPurpose Register 0, col = 1,  data = 1
# tb_soc_ddr3_top.mem_core.data_task: at time 36629483.0 ps READ @ DQS MultiPurpose Register 0, col = 2,  data = 0
# tb_soc_ddr3_top.mem_core.data_task: at time 36630817.0 ps READ @ DQS MultiPurpose Register 0, col = 3,  data = 1
# tb_soc_ddr3_top.mem_core.data_task: at time 36632150.0 ps READ @ DQS MultiPurpose Register 0, col = 4,  data = 0
# tb_soc_ddr3_top.mem_core.data_task: at time 36633483.0 ps READ @ DQS MultiPurpose Register 0, col = 5,  data = 1
# tb_soc_ddr3_top.mem_core.cmd_task: at time 36633483.0 ps INFO: Read      bank 0 col 008, auto precharge 0
# tb_soc_ddr3_top.mem_core.data_task: at time 36634817.0 ps READ @ DQS MultiPurpose Register 0, col = 6,  data = 0
# tb_soc_ddr3_top.mem_core.data_task: at time 36636150.0 ps READ @ DQS MultiPurpose Register 0, col = 7,  data = 1
# tb_soc_ddr3_top.mem_core.data_task: at time 36637483.0 ps READ @ DQS MultiPurpose Register 0, col = 0,  data = 0
# tb_soc_ddr3_top.mem_core.data_task: at time 36638817.0 ps READ @ DQS MultiPurpose Register 0, col = 1,  data = 1
# tb_soc_ddr3_top.mem_core.data_task: at time 36640150.0 ps READ @ DQS MultiPurpose Register 0, col = 2,  data = 0
# tb_soc_ddr3_top.mem_core.data_task: at time 36641483.0 ps READ @ DQS MultiPurpose Register 0, col = 3,  data = 1
# tb_soc_ddr3_top.mem_core.data_task: at time 36642817.0 ps READ @ DQS MultiPurpose Register 0, col = 4,  data = 0
# tb_soc_ddr3_top.mem_core.data_task: at time 36644150.0 ps READ @ DQS MultiPurpose Register 0, col = 5,  data = 1
# tb_soc_ddr3_top.mem_core.cmd_task: at time 36644150.0 ps INFO: Read      bank 0 col 008, auto precharge 0
# tb_soc_ddr3_top.mem_core.data_task: at time 36645483.0 ps READ @ DQS MultiPurpose Register 0, col = 6,  data = 0
# tb_soc_ddr3_top.mem_core.data_task: at time 36646817.0 ps READ @ DQS MultiPurpose Register 0, col = 7,  data = 1
# tb_soc_ddr3_top.mem_core.data_task: at time 36648150.0 ps READ @ DQS MultiPurpose Register 0, col = 0,  data = 0
# tb_soc_ddr3_top.mem_core.data_task: at time 36649483.0 ps READ @ DQS MultiPurpose Register 0, col = 1,  data = 1
# tb_soc_ddr3_top.mem_core.data_task: at time 36650817.0 ps READ @ DQS MultiPurpose Register 0, col = 2,  data = 0
# tb_soc_ddr3_top.mem_core.data_task: at time 36652150.0 ps READ @ DQS MultiPurpose Register 0, col = 3,  data = 1
# tb_soc_ddr3_top.mem_core.data_task: at time 36653483.0 ps READ @ DQS MultiPurpose Register 0, col = 4,  data = 0
# tb_soc_ddr3_top.mem_core.data_task: at time 36654817.0 ps READ @ DQS MultiPurpose Register 0, col = 5,  data = 1
# tb_soc_ddr3_top.mem_core.cmd_task: at time 36654817.0 ps INFO: Read      bank 0 col 008, auto precharge 0
# tb_soc_ddr3_top.mem_core.data_task: at time 36656150.0 ps READ @ DQS MultiPurpose Register 0, col = 6,  data = 0
# tb_soc_ddr3_top.mem_core.data_task: at time 36657483.0 ps READ @ DQS MultiPurpose Register 0, col = 7,  data = 1
# tb_soc_ddr3_top.mem_core.data_task: at time 36658817.0 ps READ @ DQS MultiPurpose Register 0, col = 0,  data = 0
# tb_soc_ddr3_top.mem_core.data_task: at time 36660150.0 ps READ @ DQS MultiPurpose Register 0, col = 1,  data = 1
# tb_soc_ddr3_top.mem_core.data_task: at time 36661483.0 ps READ @ DQS MultiPurpose Register 0, col = 2,  data = 0
# tb_soc_ddr3_top.mem_core.data_task: at time 36662817.0 ps READ @ DQS MultiPurpose Register 0, col = 3,  data = 1
# tb_soc_ddr3_top.mem_core.data_task: at time 36664150.0 ps READ @ DQS MultiPurpose Register 0, col = 4,  data = 0
# tb_soc_ddr3_top.mem_core.data_task: at time 36665483.0 ps READ @ DQS MultiPurpose Register 0, col = 5,  data = 1
# tb_soc_ddr3_top.mem_core.cmd_task: at time 36665483.0 ps INFO: Read      bank 0 col 008, auto precharge 0
# tb_soc_ddr3_top.mem_core.data_task: at time 36666817.0 ps READ @ DQS MultiPurpose Register 0, col = 6,  data = 0
# tb_soc_ddr3_top.mem_core.data_task: at time 36668150.0 ps READ @ DQS MultiPurpose Register 0, col = 7,  data = 1
# tb_soc_ddr3_top.mem_core.data_task: at time 36669483.0 ps READ @ DQS MultiPurpose Register 0, col = 0,  data = 0
# tb_soc_ddr3_top.mem_core.data_task: at time 36670817.0 ps READ @ DQS MultiPurpose Register 0, col = 1,  data = 1
# tb_soc_ddr3_top.mem_core.data_task: at time 36672150.0 ps READ @ DQS MultiPurpose Register 0, col = 2,  data = 0
# tb_soc_ddr3_top.mem_core.data_task: at time 36673483.0 ps READ @ DQS MultiPurpose Register 0, col = 3,  data = 1
# tb_soc_ddr3_top.mem_core.data_task: at time 36674817.0 ps READ @ DQS MultiPurpose Register 0, col = 4,  data = 0
# tb_soc_ddr3_top.mem_core.data_task: at time 36676150.0 ps READ @ DQS MultiPurpose Register 0, col = 5,  data = 1
# tb_soc_ddr3_top.mem_core.data_task: at time 36677483.0 ps READ @ DQS MultiPurpose Register 0, col = 6,  data = 0
# tb_soc_ddr3_top.mem_core.data_task: at time 36678817.0 ps READ @ DQS MultiPurpose Register 0, col = 7,  data = 1
# tb_soc_ddr3_top.mem_core.data_task: at time 36680150.0 ps READ @ DQS MultiPurpose Register 0, col = 0,  data = 0
# tb_soc_ddr3_top.mem_core.data_task: at time 36681483.0 ps READ @ DQS MultiPurpose Register 0, col = 1,  data = 1
# tb_soc_ddr3_top.mem_core.data_task: at time 36682817.0 ps READ @ DQS MultiPurpose Register 0, col = 2,  data = 0
# tb_soc_ddr3_top.mem_core.data_task: at time 36684150.0 ps READ @ DQS MultiPurpose Register 0, col = 3,  data = 1
# tb_soc_ddr3_top.mem_core.data_task: at time 36685483.0 ps READ @ DQS MultiPurpose Register 0, col = 4,  data = 0
# tb_soc_ddr3_top.mem_core.data_task: at time 36686817.0 ps READ @ DQS MultiPurpose Register 0, col = 5,  data = 1
# tb_soc_ddr3_top.mem_core.data_task: at time 36688150.0 ps READ @ DQS MultiPurpose Register 0, col = 6,  data = 0
# tb_soc_ddr3_top.mem_core.data_task: at time 36689483.0 ps READ @ DQS MultiPurpose Register 0, col = 7,  data = 1
# tb_soc_ddr3_top.mem_core.data_task: at time 36690817.0 ps READ @ DQS MultiPurpose Register 0, col = 0,  data = 0
# tb_soc_ddr3_top.mem_core.data_task: at time 36692150.0 ps READ @ DQS MultiPurpose Register 0, col = 1,  data = 1
# tb_soc_ddr3_top.mem_core.data_task: at time 36693483.0 ps READ @ DQS MultiPurpose Register 0, col = 2,  data = 0
# tb_soc_ddr3_top.mem_core.data_task: at time 36694817.0 ps READ @ DQS MultiPurpose Register 0, col = 3,  data = 1
# tb_soc_ddr3_top.mem_core.data_task: at time 36696150.0 ps READ @ DQS MultiPurpose Register 0, col = 4,  data = 0
# tb_soc_ddr3_top.mem_core.data_task: at time 36697483.0 ps READ @ DQS MultiPurpose Register 0, col = 5,  data = 1
# tb_soc_ddr3_top.mem_core.data_task: at time 36698817.0 ps READ @ DQS MultiPurpose Register 0, col = 6,  data = 0
# tb_soc_ddr3_top.mem_core.data_task: at time 36700150.0 ps READ @ DQS MultiPurpose Register 0, col = 7,  data = 1
# tb_soc_ddr3_top.mem_core.cmd_task: at time 37049483.0 ps INFO: Read      bank 0 col 008, auto precharge 0
# tb_soc_ddr3_top.mem_core.cmd_task: at time 37060150.0 ps INFO: Read      bank 0 col 008, auto precharge 0
# tb_soc_ddr3_top.mem_core.cmd_task: at time 37070817.0 ps INFO: Read      bank 0 col 008, auto precharge 0
# tb_soc_ddr3_top.mem_core.data_task: at time 37074817.0 ps READ @ DQS MultiPurpose Register 0, col = 0,  data = 0
# tb_soc_ddr3_top.mem_core.data_task: at time 37076150.0 ps READ @ DQS MultiPurpose Register 0, col = 1,  data = 1
# tb_soc_ddr3_top.mem_core.data_task: at time 37077483.0 ps READ @ DQS MultiPurpose Register 0, col = 2,  data = 0
# tb_soc_ddr3_top.mem_core.data_task: at time 37078817.0 ps READ @ DQS MultiPurpose Register 0, col = 3,  data = 1
# tb_soc_ddr3_top.mem_core.data_task: at time 37080150.0 ps READ @ DQS MultiPurpose Register 0, col = 4,  data = 0
# tb_soc_ddr3_top.mem_core.data_task: at time 37081483.0 ps READ @ DQS MultiPurpose Register 0, col = 5,  data = 1
# tb_soc_ddr3_top.mem_core.cmd_task: at time 37081483.0 ps INFO: Read      bank 0 col 008, auto precharge 0
# tb_soc_ddr3_top.mem_core.data_task: at time 37082817.0 ps READ @ DQS MultiPurpose Register 0, col = 6,  data = 0
# tb_soc_ddr3_top.mem_core.data_task: at time 37084150.0 ps READ @ DQS MultiPurpose Register 0, col = 7,  data = 1
# tb_soc_ddr3_top.mem_core.data_task: at time 37085483.0 ps READ @ DQS MultiPurpose Register 0, col = 0,  data = 0
# tb_soc_ddr3_top.mem_core.data_task: at time 37086817.0 ps READ @ DQS MultiPurpose Register 0, col = 1,  data = 1
# tb_soc_ddr3_top.mem_core.data_task: at time 37088150.0 ps READ @ DQS MultiPurpose Register 0, col = 2,  data = 0
# tb_soc_ddr3_top.mem_core.data_task: at time 37089483.0 ps READ @ DQS MultiPurpose Register 0, col = 3,  data = 1
# tb_soc_ddr3_top.mem_core.data_task: at time 37090817.0 ps READ @ DQS MultiPurpose Register 0, col = 4,  data = 0
# tb_soc_ddr3_top.mem_core.data_task: at time 37092150.0 ps READ @ DQS MultiPurpose Register 0, col = 5,  data = 1
# tb_soc_ddr3_top.mem_core.cmd_task: at time 37092150.0 ps INFO: Read      bank 0 col 008, auto precharge 0
# tb_soc_ddr3_top.mem_core.data_task: at time 37093483.0 ps READ @ DQS MultiPurpose Register 0, col = 6,  data = 0
# tb_soc_ddr3_top.mem_core.data_task: at time 37094817.0 ps READ @ DQS MultiPurpose Register 0, col = 7,  data = 1
# tb_soc_ddr3_top.mem_core.data_task: at time 37096150.0 ps READ @ DQS MultiPurpose Register 0, col = 0,  data = 0
# tb_soc_ddr3_top.mem_core.data_task: at time 37097483.0 ps READ @ DQS MultiPurpose Register 0, col = 1,  data = 1
# tb_soc_ddr3_top.mem_core.data_task: at time 37098817.0 ps READ @ DQS MultiPurpose Register 0, col = 2,  data = 0
# tb_soc_ddr3_top.mem_core.data_task: at time 37100150.0 ps READ @ DQS MultiPurpose Register 0, col = 3,  data = 1
# tb_soc_ddr3_top.mem_core.data_task: at time 37101483.0 ps READ @ DQS MultiPurpose Register 0, col = 4,  data = 0
# tb_soc_ddr3_top.mem_core.data_task: at time 37102817.0 ps READ @ DQS MultiPurpose Register 0, col = 5,  data = 1
# tb_soc_ddr3_top.mem_core.cmd_task: at time 37102817.0 ps INFO: Read      bank 0 col 008, auto precharge 0
# tb_soc_ddr3_top.mem_core.data_task: at time 37104150.0 ps READ @ DQS MultiPurpose Register 0, col = 6,  data = 0
# tb_soc_ddr3_top.mem_core.data_task: at time 37105483.0 ps READ @ DQS MultiPurpose Register 0, col = 7,  data = 1
# tb_soc_ddr3_top.mem_core.data_task: at time 37106817.0 ps READ @ DQS MultiPurpose Register 0, col = 0,  data = 0
# tb_soc_ddr3_top.mem_core.data_task: at time 37108150.0 ps READ @ DQS MultiPurpose Register 0, col = 1,  data = 1
# tb_soc_ddr3_top.mem_core.data_task: at time 37109483.0 ps READ @ DQS MultiPurpose Register 0, col = 2,  data = 0
# tb_soc_ddr3_top.mem_core.data_task: at time 37110817.0 ps READ @ DQS MultiPurpose Register 0, col = 3,  data = 1
# tb_soc_ddr3_top.mem_core.data_task: at time 37112150.0 ps READ @ DQS MultiPurpose Register 0, col = 4,  data = 0
# tb_soc_ddr3_top.mem_core.data_task: at time 37113483.0 ps READ @ DQS MultiPurpose Register 0, col = 5,  data = 1
# tb_soc_ddr3_top.mem_core.cmd_task: at time 37113483.0 ps INFO: Read      bank 0 col 008, auto precharge 0
# tb_soc_ddr3_top.mem_core.data_task: at time 37114817.0 ps READ @ DQS MultiPurpose Register 0, col = 6,  data = 0
# tb_soc_ddr3_top.mem_core.data_task: at time 37116150.0 ps READ @ DQS MultiPurpose Register 0, col = 7,  data = 1
# tb_soc_ddr3_top.mem_core.data_task: at time 37117483.0 ps READ @ DQS MultiPurpose Register 0, col = 0,  data = 0
# tb_soc_ddr3_top.mem_core.data_task: at time 37118817.0 ps READ @ DQS MultiPurpose Register 0, col = 1,  data = 1
# tb_soc_ddr3_top.mem_core.data_task: at time 37120150.0 ps READ @ DQS MultiPurpose Register 0, col = 2,  data = 0
# tb_soc_ddr3_top.mem_core.data_task: at time 37121483.0 ps READ @ DQS MultiPurpose Register 0, col = 3,  data = 1
# tb_soc_ddr3_top.mem_core.data_task: at time 37122817.0 ps READ @ DQS MultiPurpose Register 0, col = 4,  data = 0
# tb_soc_ddr3_top.mem_core.data_task: at time 37124150.0 ps READ @ DQS MultiPurpose Register 0, col = 5,  data = 1
# tb_soc_ddr3_top.mem_core.cmd_task: at time 37124150.0 ps INFO: Read      bank 0 col 008, auto precharge 0
# tb_soc_ddr3_top.mem_core.data_task: at time 37125483.0 ps READ @ DQS MultiPurpose Register 0, col = 6,  data = 0
# tb_soc_ddr3_top.mem_core.data_task: at time 37126817.0 ps READ @ DQS MultiPurpose Register 0, col = 7,  data = 1
# tb_soc_ddr3_top.mem_core.data_task: at time 37128150.0 ps READ @ DQS MultiPurpose Register 0, col = 0,  data = 0
# tb_soc_ddr3_top.mem_core.data_task: at time 37129483.0 ps READ @ DQS MultiPurpose Register 0, col = 1,  data = 1
# tb_soc_ddr3_top.mem_core.data_task: at time 37130817.0 ps READ @ DQS MultiPurpose Register 0, col = 2,  data = 0
# tb_soc_ddr3_top.mem_core.data_task: at time 37132150.0 ps READ @ DQS MultiPurpose Register 0, col = 3,  data = 1
# tb_soc_ddr3_top.mem_core.data_task: at time 37133483.0 ps READ @ DQS MultiPurpose Register 0, col = 4,  data = 0
# tb_soc_ddr3_top.mem_core.data_task: at time 37134817.0 ps READ @ DQS MultiPurpose Register 0, col = 5,  data = 1
# tb_soc_ddr3_top.mem_core.cmd_task: at time 37134817.0 ps INFO: Read      bank 0 col 008, auto precharge 0
# tb_soc_ddr3_top.mem_core.data_task: at time 37136150.0 ps READ @ DQS MultiPurpose Register 0, col = 6,  data = 0
# tb_soc_ddr3_top.mem_core.data_task: at time 37137483.0 ps READ @ DQS MultiPurpose Register 0, col = 7,  data = 1
# tb_soc_ddr3_top.mem_core.data_task: at time 37138817.0 ps READ @ DQS MultiPurpose Register 0, col = 0,  data = 0
# tb_soc_ddr3_top.mem_core.data_task: at time 37140150.0 ps READ @ DQS MultiPurpose Register 0, col = 1,  data = 1
# tb_soc_ddr3_top.mem_core.data_task: at time 37141483.0 ps READ @ DQS MultiPurpose Register 0, col = 2,  data = 0
# tb_soc_ddr3_top.mem_core.data_task: at time 37142817.0 ps READ @ DQS MultiPurpose Register 0, col = 3,  data = 1
# tb_soc_ddr3_top.mem_core.data_task: at time 37144150.0 ps READ @ DQS MultiPurpose Register 0, col = 4,  data = 0
# tb_soc_ddr3_top.mem_core.data_task: at time 37145483.0 ps READ @ DQS MultiPurpose Register 0, col = 5,  data = 1
# tb_soc_ddr3_top.mem_core.cmd_task: at time 37145483.0 ps INFO: Read      bank 0 col 008, auto precharge 0
# tb_soc_ddr3_top.mem_core.data_task: at time 37146817.0 ps READ @ DQS MultiPurpose Register 0, col = 6,  data = 0
# tb_soc_ddr3_top.mem_core.data_task: at time 37148150.0 ps READ @ DQS MultiPurpose Register 0, col = 7,  data = 1
# tb_soc_ddr3_top.mem_core.data_task: at time 37149483.0 ps READ @ DQS MultiPurpose Register 0, col = 0,  data = 0
# tb_soc_ddr3_top.mem_core.data_task: at time 37150817.0 ps READ @ DQS MultiPurpose Register 0, col = 1,  data = 1
# tb_soc_ddr3_top.mem_core.data_task: at time 37152150.0 ps READ @ DQS MultiPurpose Register 0, col = 2,  data = 0
# tb_soc_ddr3_top.mem_core.data_task: at time 37153483.0 ps READ @ DQS MultiPurpose Register 0, col = 3,  data = 1
# tb_soc_ddr3_top.mem_core.data_task: at time 37154817.0 ps READ @ DQS MultiPurpose Register 0, col = 4,  data = 0
# tb_soc_ddr3_top.mem_core.data_task: at time 37156150.0 ps READ @ DQS MultiPurpose Register 0, col = 5,  data = 1
# tb_soc_ddr3_top.mem_core.data_task: at time 37157483.0 ps READ @ DQS MultiPurpose Register 0, col = 6,  data = 0
# tb_soc_ddr3_top.mem_core.data_task: at time 37158817.0 ps READ @ DQS MultiPurpose Register 0, col = 7,  data = 1
# tb_soc_ddr3_top.mem_core.data_task: at time 37160150.0 ps READ @ DQS MultiPurpose Register 0, col = 0,  data = 0
# tb_soc_ddr3_top.mem_core.data_task: at time 37161483.0 ps READ @ DQS MultiPurpose Register 0, col = 1,  data = 1
# tb_soc_ddr3_top.mem_core.data_task: at time 37162817.0 ps READ @ DQS MultiPurpose Register 0, col = 2,  data = 0
# tb_soc_ddr3_top.mem_core.data_task: at time 37164150.0 ps READ @ DQS MultiPurpose Register 0, col = 3,  data = 1
# tb_soc_ddr3_top.mem_core.data_task: at time 37165483.0 ps READ @ DQS MultiPurpose Register 0, col = 4,  data = 0
# tb_soc_ddr3_top.mem_core.data_task: at time 37166817.0 ps READ @ DQS MultiPurpose Register 0, col = 5,  data = 1
# tb_soc_ddr3_top.mem_core.data_task: at time 37168150.0 ps READ @ DQS MultiPurpose Register 0, col = 6,  data = 0
# tb_soc_ddr3_top.mem_core.data_task: at time 37169483.0 ps READ @ DQS MultiPurpose Register 0, col = 7,  data = 1
# tb_soc_ddr3_top.mem_core.data_task: at time 37170817.0 ps READ @ DQS MultiPurpose Register 0, col = 0,  data = 0
# tb_soc_ddr3_top.mem_core.data_task: at time 37172150.0 ps READ @ DQS MultiPurpose Register 0, col = 1,  data = 1
# tb_soc_ddr3_top.mem_core.data_task: at time 37173483.0 ps READ @ DQS MultiPurpose Register 0, col = 2,  data = 0
# tb_soc_ddr3_top.mem_core.data_task: at time 37174817.0 ps READ @ DQS MultiPurpose Register 0, col = 3,  data = 1
# tb_soc_ddr3_top.mem_core.data_task: at time 37176150.0 ps READ @ DQS MultiPurpose Register 0, col = 4,  data = 0
# tb_soc_ddr3_top.mem_core.data_task: at time 37177483.0 ps READ @ DQS MultiPurpose Register 0, col = 5,  data = 1
# tb_soc_ddr3_top.mem_core.data_task: at time 37178817.0 ps READ @ DQS MultiPurpose Register 0, col = 6,  data = 0
# tb_soc_ddr3_top.mem_core.data_task: at time 37180150.0 ps READ @ DQS MultiPurpose Register 0, col = 7,  data = 1
# tb_soc_ddr3_top.mem_core.cmd_task: at time 37529483.0 ps INFO: Read      bank 0 col 008, auto precharge 0
# tb_soc_ddr3_top.mem_core.cmd_task: at time 37540150.0 ps INFO: Read      bank 0 col 008, auto precharge 0
# tb_soc_ddr3_top.mem_core.cmd_task: at time 37550817.0 ps INFO: Read      bank 0 col 008, auto precharge 0
# tb_soc_ddr3_top.mem_core.data_task: at time 37554817.0 ps READ @ DQS MultiPurpose Register 0, col = 0,  data = 0
# tb_soc_ddr3_top.mem_core.data_task: at time 37556150.0 ps READ @ DQS MultiPurpose Register 0, col = 1,  data = 1
# tb_soc_ddr3_top.mem_core.data_task: at time 37557483.0 ps READ @ DQS MultiPurpose Register 0, col = 2,  data = 0
# tb_soc_ddr3_top.mem_core.data_task: at time 37558817.0 ps READ @ DQS MultiPurpose Register 0, col = 3,  data = 1
# tb_soc_ddr3_top.mem_core.data_task: at time 37560150.0 ps READ @ DQS MultiPurpose Register 0, col = 4,  data = 0
# tb_soc_ddr3_top.mem_core.data_task: at time 37561483.0 ps READ @ DQS MultiPurpose Register 0, col = 5,  data = 1
# tb_soc_ddr3_top.mem_core.cmd_task: at time 37561483.0 ps INFO: Read      bank 0 col 008, auto precharge 0
# tb_soc_ddr3_top.mem_core.data_task: at time 37562817.0 ps READ @ DQS MultiPurpose Register 0, col = 6,  data = 0
# tb_soc_ddr3_top.mem_core.data_task: at time 37564150.0 ps READ @ DQS MultiPurpose Register 0, col = 7,  data = 1
# tb_soc_ddr3_top.mem_core.data_task: at time 37565483.0 ps READ @ DQS MultiPurpose Register 0, col = 0,  data = 0
# tb_soc_ddr3_top.mem_core.data_task: at time 37566817.0 ps READ @ DQS MultiPurpose Register 0, col = 1,  data = 1
# tb_soc_ddr3_top.mem_core.data_task: at time 37568150.0 ps READ @ DQS MultiPurpose Register 0, col = 2,  data = 0
# tb_soc_ddr3_top.mem_core.data_task: at time 37569483.0 ps READ @ DQS MultiPurpose Register 0, col = 3,  data = 1
# tb_soc_ddr3_top.mem_core.data_task: at time 37570817.0 ps READ @ DQS MultiPurpose Register 0, col = 4,  data = 0
# tb_soc_ddr3_top.mem_core.data_task: at time 37572150.0 ps READ @ DQS MultiPurpose Register 0, col = 5,  data = 1
# tb_soc_ddr3_top.mem_core.cmd_task: at time 37572150.0 ps INFO: Read      bank 0 col 008, auto precharge 0
# tb_soc_ddr3_top.mem_core.data_task: at time 37573483.0 ps READ @ DQS MultiPurpose Register 0, col = 6,  data = 0
# tb_soc_ddr3_top.mem_core.data_task: at time 37574817.0 ps READ @ DQS MultiPurpose Register 0, col = 7,  data = 1
# tb_soc_ddr3_top.mem_core.data_task: at time 37576150.0 ps READ @ DQS MultiPurpose Register 0, col = 0,  data = 0
# tb_soc_ddr3_top.mem_core.data_task: at time 37577483.0 ps READ @ DQS MultiPurpose Register 0, col = 1,  data = 1
# tb_soc_ddr3_top.mem_core.data_task: at time 37578817.0 ps READ @ DQS MultiPurpose Register 0, col = 2,  data = 0
# tb_soc_ddr3_top.mem_core.data_task: at time 37580150.0 ps READ @ DQS MultiPurpose Register 0, col = 3,  data = 1
# tb_soc_ddr3_top.mem_core.data_task: at time 37581483.0 ps READ @ DQS MultiPurpose Register 0, col = 4,  data = 0
# tb_soc_ddr3_top.mem_core.data_task: at time 37582817.0 ps READ @ DQS MultiPurpose Register 0, col = 5,  data = 1
# tb_soc_ddr3_top.mem_core.cmd_task: at time 37582817.0 ps INFO: Read      bank 0 col 008, auto precharge 0
# tb_soc_ddr3_top.mem_core.data_task: at time 37584150.0 ps READ @ DQS MultiPurpose Register 0, col = 6,  data = 0
# tb_soc_ddr3_top.mem_core.data_task: at time 37585483.0 ps READ @ DQS MultiPurpose Register 0, col = 7,  data = 1
# tb_soc_ddr3_top.mem_core.data_task: at time 37586817.0 ps READ @ DQS MultiPurpose Register 0, col = 0,  data = 0
# tb_soc_ddr3_top.mem_core.data_task: at time 37588150.0 ps READ @ DQS MultiPurpose Register 0, col = 1,  data = 1
# tb_soc_ddr3_top.mem_core.data_task: at time 37589483.0 ps READ @ DQS MultiPurpose Register 0, col = 2,  data = 0
# tb_soc_ddr3_top.mem_core.data_task: at time 37590817.0 ps READ @ DQS MultiPurpose Register 0, col = 3,  data = 1
# tb_soc_ddr3_top.mem_core.data_task: at time 37592150.0 ps READ @ DQS MultiPurpose Register 0, col = 4,  data = 0
# tb_soc_ddr3_top.mem_core.data_task: at time 37593483.0 ps READ @ DQS MultiPurpose Register 0, col = 5,  data = 1
# tb_soc_ddr3_top.mem_core.cmd_task: at time 37593483.0 ps INFO: Read      bank 0 col 008, auto precharge 0
# tb_soc_ddr3_top.mem_core.data_task: at time 37594817.0 ps READ @ DQS MultiPurpose Register 0, col = 6,  data = 0
# tb_soc_ddr3_top.mem_core.data_task: at time 37596150.0 ps READ @ DQS MultiPurpose Register 0, col = 7,  data = 1
# tb_soc_ddr3_top.mem_core.data_task: at time 37597483.0 ps READ @ DQS MultiPurpose Register 0, col = 0,  data = 0
# tb_soc_ddr3_top.mem_core.data_task: at time 37598817.0 ps READ @ DQS MultiPurpose Register 0, col = 1,  data = 1
# tb_soc_ddr3_top.mem_core.data_task: at time 37600150.0 ps READ @ DQS MultiPurpose Register 0, col = 2,  data = 0
# tb_soc_ddr3_top.mem_core.data_task: at time 37601483.0 ps READ @ DQS MultiPurpose Register 0, col = 3,  data = 1
# tb_soc_ddr3_top.mem_core.data_task: at time 37602817.0 ps READ @ DQS MultiPurpose Register 0, col = 4,  data = 0
# tb_soc_ddr3_top.mem_core.data_task: at time 37604150.0 ps READ @ DQS MultiPurpose Register 0, col = 5,  data = 1
# tb_soc_ddr3_top.mem_core.cmd_task: at time 37604150.0 ps INFO: Read      bank 0 col 008, auto precharge 0
# tb_soc_ddr3_top.mem_core.data_task: at time 37605483.0 ps READ @ DQS MultiPurpose Register 0, col = 6,  data = 0
# tb_soc_ddr3_top.mem_core.data_task: at time 37606817.0 ps READ @ DQS MultiPurpose Register 0, col = 7,  data = 1
# tb_soc_ddr3_top.mem_core.data_task: at time 37608150.0 ps READ @ DQS MultiPurpose Register 0, col = 0,  data = 0
# tb_soc_ddr3_top.mem_core.data_task: at time 37609483.0 ps READ @ DQS MultiPurpose Register 0, col = 1,  data = 1
# tb_soc_ddr3_top.mem_core.data_task: at time 37610817.0 ps READ @ DQS MultiPurpose Register 0, col = 2,  data = 0
# tb_soc_ddr3_top.mem_core.data_task: at time 37612150.0 ps READ @ DQS MultiPurpose Register 0, col = 3,  data = 1
# tb_soc_ddr3_top.mem_core.data_task: at time 37613483.0 ps READ @ DQS MultiPurpose Register 0, col = 4,  data = 0
# tb_soc_ddr3_top.mem_core.data_task: at time 37614817.0 ps READ @ DQS MultiPurpose Register 0, col = 5,  data = 1
# tb_soc_ddr3_top.mem_core.cmd_task: at time 37614817.0 ps INFO: Read      bank 0 col 008, auto precharge 0
# tb_soc_ddr3_top.mem_core.data_task: at time 37616150.0 ps READ @ DQS MultiPurpose Register 0, col = 6,  data = 0
# tb_soc_ddr3_top.mem_core.data_task: at time 37617483.0 ps READ @ DQS MultiPurpose Register 0, col = 7,  data = 1
# tb_soc_ddr3_top.mem_core.data_task: at time 37618817.0 ps READ @ DQS MultiPurpose Register 0, col = 0,  data = 0
# tb_soc_ddr3_top.mem_core.data_task: at time 37620150.0 ps READ @ DQS MultiPurpose Register 0, col = 1,  data = 1
# tb_soc_ddr3_top.mem_core.data_task: at time 37621483.0 ps READ @ DQS MultiPurpose Register 0, col = 2,  data = 0
# tb_soc_ddr3_top.mem_core.data_task: at time 37622817.0 ps READ @ DQS MultiPurpose Register 0, col = 3,  data = 1
# tb_soc_ddr3_top.mem_core.data_task: at time 37624150.0 ps READ @ DQS MultiPurpose Register 0, col = 4,  data = 0
# tb_soc_ddr3_top.mem_core.data_task: at time 37625483.0 ps READ @ DQS MultiPurpose Register 0, col = 5,  data = 1
# tb_soc_ddr3_top.mem_core.cmd_task: at time 37625483.0 ps INFO: Read      bank 0 col 008, auto precharge 0
# tb_soc_ddr3_top.mem_core.data_task: at time 37626817.0 ps READ @ DQS MultiPurpose Register 0, col = 6,  data = 0
# tb_soc_ddr3_top.mem_core.data_task: at time 37628150.0 ps READ @ DQS MultiPurpose Register 0, col = 7,  data = 1
# tb_soc_ddr3_top.mem_core.data_task: at time 37629483.0 ps READ @ DQS MultiPurpose Register 0, col = 0,  data = 0
# tb_soc_ddr3_top.mem_core.data_task: at time 37630817.0 ps READ @ DQS MultiPurpose Register 0, col = 1,  data = 1
# tb_soc_ddr3_top.mem_core.data_task: at time 37632150.0 ps READ @ DQS MultiPurpose Register 0, col = 2,  data = 0
# tb_soc_ddr3_top.mem_core.data_task: at time 37633483.0 ps READ @ DQS MultiPurpose Register 0, col = 3,  data = 1
# tb_soc_ddr3_top.mem_core.data_task: at time 37634817.0 ps READ @ DQS MultiPurpose Register 0, col = 4,  data = 0
# tb_soc_ddr3_top.mem_core.data_task: at time 37636150.0 ps READ @ DQS MultiPurpose Register 0, col = 5,  data = 1
# tb_soc_ddr3_top.mem_core.data_task: at time 37637483.0 ps READ @ DQS MultiPurpose Register 0, col = 6,  data = 0
# tb_soc_ddr3_top.mem_core.data_task: at time 37638817.0 ps READ @ DQS MultiPurpose Register 0, col = 7,  data = 1
# tb_soc_ddr3_top.mem_core.data_task: at time 37640150.0 ps READ @ DQS MultiPurpose Register 0, col = 0,  data = 0
# tb_soc_ddr3_top.mem_core.data_task: at time 37641483.0 ps READ @ DQS MultiPurpose Register 0, col = 1,  data = 1
# tb_soc_ddr3_top.mem_core.data_task: at time 37642817.0 ps READ @ DQS MultiPurpose Register 0, col = 2,  data = 0
# tb_soc_ddr3_top.mem_core.data_task: at time 37644150.0 ps READ @ DQS MultiPurpose Register 0, col = 3,  data = 1
# tb_soc_ddr3_top.mem_core.data_task: at time 37645483.0 ps READ @ DQS MultiPurpose Register 0, col = 4,  data = 0
# tb_soc_ddr3_top.mem_core.data_task: at time 37646817.0 ps READ @ DQS MultiPurpose Register 0, col = 5,  data = 1
# tb_soc_ddr3_top.mem_core.data_task: at time 37648150.0 ps READ @ DQS MultiPurpose Register 0, col = 6,  data = 0
# tb_soc_ddr3_top.mem_core.data_task: at time 37649483.0 ps READ @ DQS MultiPurpose Register 0, col = 7,  data = 1
# tb_soc_ddr3_top.mem_core.data_task: at time 37650817.0 ps READ @ DQS MultiPurpose Register 0, col = 0,  data = 0
# tb_soc_ddr3_top.mem_core.data_task: at time 37652150.0 ps READ @ DQS MultiPurpose Register 0, col = 1,  data = 1
# tb_soc_ddr3_top.mem_core.data_task: at time 37653483.0 ps READ @ DQS MultiPurpose Register 0, col = 2,  data = 0
# tb_soc_ddr3_top.mem_core.data_task: at time 37654817.0 ps READ @ DQS MultiPurpose Register 0, col = 3,  data = 1
# tb_soc_ddr3_top.mem_core.data_task: at time 37656150.0 ps READ @ DQS MultiPurpose Register 0, col = 4,  data = 0
# tb_soc_ddr3_top.mem_core.data_task: at time 37657483.0 ps READ @ DQS MultiPurpose Register 0, col = 5,  data = 1
# tb_soc_ddr3_top.mem_core.data_task: at time 37658817.0 ps READ @ DQS MultiPurpose Register 0, col = 6,  data = 0
# tb_soc_ddr3_top.mem_core.data_task: at time 37660150.0 ps READ @ DQS MultiPurpose Register 0, col = 7,  data = 1
# tb_soc_ddr3_top.mem_core.cmd_task: at time 38009483.0 ps INFO: Read      bank 0 col 008, auto precharge 0
# tb_soc_ddr3_top.mem_core.cmd_task: at time 38020150.0 ps INFO: Read      bank 0 col 008, auto precharge 0
# tb_soc_ddr3_top.mem_core.cmd_task: at time 38030817.0 ps INFO: Read      bank 0 col 008, auto precharge 0
# tb_soc_ddr3_top.mem_core.data_task: at time 38034817.0 ps READ @ DQS MultiPurpose Register 0, col = 0,  data = 0
# tb_soc_ddr3_top.mem_core.data_task: at time 38036150.0 ps READ @ DQS MultiPurpose Register 0, col = 1,  data = 1
# tb_soc_ddr3_top.mem_core.data_task: at time 38037483.0 ps READ @ DQS MultiPurpose Register 0, col = 2,  data = 0
# tb_soc_ddr3_top.mem_core.data_task: at time 38038817.0 ps READ @ DQS MultiPurpose Register 0, col = 3,  data = 1
# tb_soc_ddr3_top.mem_core.data_task: at time 38040150.0 ps READ @ DQS MultiPurpose Register 0, col = 4,  data = 0
# tb_soc_ddr3_top.mem_core.data_task: at time 38041483.0 ps READ @ DQS MultiPurpose Register 0, col = 5,  data = 1
# tb_soc_ddr3_top.mem_core.cmd_task: at time 38041483.0 ps INFO: Read      bank 0 col 008, auto precharge 0
# tb_soc_ddr3_top.mem_core.data_task: at time 38042817.0 ps READ @ DQS MultiPurpose Register 0, col = 6,  data = 0
# tb_soc_ddr3_top.mem_core.data_task: at time 38044150.0 ps READ @ DQS MultiPurpose Register 0, col = 7,  data = 1
# tb_soc_ddr3_top.mem_core.data_task: at time 38045483.0 ps READ @ DQS MultiPurpose Register 0, col = 0,  data = 0
# tb_soc_ddr3_top.mem_core.data_task: at time 38046817.0 ps READ @ DQS MultiPurpose Register 0, col = 1,  data = 1
# tb_soc_ddr3_top.mem_core.data_task: at time 38048150.0 ps READ @ DQS MultiPurpose Register 0, col = 2,  data = 0
# tb_soc_ddr3_top.mem_core.data_task: at time 38049483.0 ps READ @ DQS MultiPurpose Register 0, col = 3,  data = 1
# tb_soc_ddr3_top.mem_core.data_task: at time 38050817.0 ps READ @ DQS MultiPurpose Register 0, col = 4,  data = 0
# tb_soc_ddr3_top.mem_core.data_task: at time 38052150.0 ps READ @ DQS MultiPurpose Register 0, col = 5,  data = 1
# tb_soc_ddr3_top.mem_core.cmd_task: at time 38052150.0 ps INFO: Read      bank 0 col 008, auto precharge 0
# tb_soc_ddr3_top.mem_core.data_task: at time 38053483.0 ps READ @ DQS MultiPurpose Register 0, col = 6,  data = 0
# tb_soc_ddr3_top.mem_core.data_task: at time 38054817.0 ps READ @ DQS MultiPurpose Register 0, col = 7,  data = 1
# tb_soc_ddr3_top.mem_core.data_task: at time 38056150.0 ps READ @ DQS MultiPurpose Register 0, col = 0,  data = 0
# tb_soc_ddr3_top.mem_core.data_task: at time 38057483.0 ps READ @ DQS MultiPurpose Register 0, col = 1,  data = 1
# tb_soc_ddr3_top.mem_core.data_task: at time 38058817.0 ps READ @ DQS MultiPurpose Register 0, col = 2,  data = 0
# tb_soc_ddr3_top.mem_core.data_task: at time 38060150.0 ps READ @ DQS MultiPurpose Register 0, col = 3,  data = 1
# tb_soc_ddr3_top.mem_core.data_task: at time 38061483.0 ps READ @ DQS MultiPurpose Register 0, col = 4,  data = 0
# tb_soc_ddr3_top.mem_core.data_task: at time 38062817.0 ps READ @ DQS MultiPurpose Register 0, col = 5,  data = 1
# tb_soc_ddr3_top.mem_core.cmd_task: at time 38062817.0 ps INFO: Read      bank 0 col 008, auto precharge 0
# tb_soc_ddr3_top.mem_core.data_task: at time 38064150.0 ps READ @ DQS MultiPurpose Register 0, col = 6,  data = 0
# tb_soc_ddr3_top.mem_core.data_task: at time 38065483.0 ps READ @ DQS MultiPurpose Register 0, col = 7,  data = 1
# tb_soc_ddr3_top.mem_core.data_task: at time 38066817.0 ps READ @ DQS MultiPurpose Register 0, col = 0,  data = 0
# tb_soc_ddr3_top.mem_core.data_task: at time 38068150.0 ps READ @ DQS MultiPurpose Register 0, col = 1,  data = 1
# tb_soc_ddr3_top.mem_core.data_task: at time 38069483.0 ps READ @ DQS MultiPurpose Register 0, col = 2,  data = 0
# tb_soc_ddr3_top.mem_core.data_task: at time 38070817.0 ps READ @ DQS MultiPurpose Register 0, col = 3,  data = 1
# tb_soc_ddr3_top.mem_core.data_task: at time 38072150.0 ps READ @ DQS MultiPurpose Register 0, col = 4,  data = 0
# tb_soc_ddr3_top.mem_core.data_task: at time 38073483.0 ps READ @ DQS MultiPurpose Register 0, col = 5,  data = 1
# tb_soc_ddr3_top.mem_core.cmd_task: at time 38073483.0 ps INFO: Read      bank 0 col 008, auto precharge 0
# tb_soc_ddr3_top.mem_core.data_task: at time 38074817.0 ps READ @ DQS MultiPurpose Register 0, col = 6,  data = 0
# tb_soc_ddr3_top.mem_core.data_task: at time 38076150.0 ps READ @ DQS MultiPurpose Register 0, col = 7,  data = 1
# tb_soc_ddr3_top.mem_core.data_task: at time 38077483.0 ps READ @ DQS MultiPurpose Register 0, col = 0,  data = 0
# tb_soc_ddr3_top.mem_core.data_task: at time 38078817.0 ps READ @ DQS MultiPurpose Register 0, col = 1,  data = 1
# tb_soc_ddr3_top.mem_core.data_task: at time 38080150.0 ps READ @ DQS MultiPurpose Register 0, col = 2,  data = 0
# tb_soc_ddr3_top.mem_core.data_task: at time 38081483.0 ps READ @ DQS MultiPurpose Register 0, col = 3,  data = 1
# tb_soc_ddr3_top.mem_core.data_task: at time 38082817.0 ps READ @ DQS MultiPurpose Register 0, col = 4,  data = 0
# tb_soc_ddr3_top.mem_core.data_task: at time 38084150.0 ps READ @ DQS MultiPurpose Register 0, col = 5,  data = 1
# tb_soc_ddr3_top.mem_core.cmd_task: at time 38084150.0 ps INFO: Read      bank 0 col 008, auto precharge 0
# tb_soc_ddr3_top.mem_core.data_task: at time 38085483.0 ps READ @ DQS MultiPurpose Register 0, col = 6,  data = 0
# tb_soc_ddr3_top.mem_core.data_task: at time 38086817.0 ps READ @ DQS MultiPurpose Register 0, col = 7,  data = 1
# tb_soc_ddr3_top.mem_core.data_task: at time 38088150.0 ps READ @ DQS MultiPurpose Register 0, col = 0,  data = 0
# tb_soc_ddr3_top.mem_core.data_task: at time 38089483.0 ps READ @ DQS MultiPurpose Register 0, col = 1,  data = 1
# tb_soc_ddr3_top.mem_core.data_task: at time 38090817.0 ps READ @ DQS MultiPurpose Register 0, col = 2,  data = 0
# tb_soc_ddr3_top.mem_core.data_task: at time 38092150.0 ps READ @ DQS MultiPurpose Register 0, col = 3,  data = 1
# tb_soc_ddr3_top.mem_core.data_task: at time 38093483.0 ps READ @ DQS MultiPurpose Register 0, col = 4,  data = 0
# tb_soc_ddr3_top.mem_core.data_task: at time 38094817.0 ps READ @ DQS MultiPurpose Register 0, col = 5,  data = 1
# tb_soc_ddr3_top.mem_core.cmd_task: at time 38094817.0 ps INFO: Read      bank 0 col 008, auto precharge 0
# tb_soc_ddr3_top.mem_core.data_task: at time 38096150.0 ps READ @ DQS MultiPurpose Register 0, col = 6,  data = 0
# tb_soc_ddr3_top.mem_core.data_task: at time 38097483.0 ps READ @ DQS MultiPurpose Register 0, col = 7,  data = 1
# tb_soc_ddr3_top.mem_core.data_task: at time 38098817.0 ps READ @ DQS MultiPurpose Register 0, col = 0,  data = 0
# tb_soc_ddr3_top.mem_core.data_task: at time 38100150.0 ps READ @ DQS MultiPurpose Register 0, col = 1,  data = 1
# tb_soc_ddr3_top.mem_core.data_task: at time 38101483.0 ps READ @ DQS MultiPurpose Register 0, col = 2,  data = 0
# tb_soc_ddr3_top.mem_core.data_task: at time 38102817.0 ps READ @ DQS MultiPurpose Register 0, col = 3,  data = 1
# tb_soc_ddr3_top.mem_core.data_task: at time 38104150.0 ps READ @ DQS MultiPurpose Register 0, col = 4,  data = 0
# tb_soc_ddr3_top.mem_core.data_task: at time 38105483.0 ps READ @ DQS MultiPurpose Register 0, col = 5,  data = 1
# tb_soc_ddr3_top.mem_core.cmd_task: at time 38105483.0 ps INFO: Read      bank 0 col 008, auto precharge 0
# tb_soc_ddr3_top.mem_core.data_task: at time 38106817.0 ps READ @ DQS MultiPurpose Register 0, col = 6,  data = 0
# tb_soc_ddr3_top.mem_core.data_task: at time 38108150.0 ps READ @ DQS MultiPurpose Register 0, col = 7,  data = 1
# tb_soc_ddr3_top.mem_core.data_task: at time 38109483.0 ps READ @ DQS MultiPurpose Register 0, col = 0,  data = 0
# tb_soc_ddr3_top.mem_core.data_task: at time 38110817.0 ps READ @ DQS MultiPurpose Register 0, col = 1,  data = 1
# tb_soc_ddr3_top.mem_core.data_task: at time 38112150.0 ps READ @ DQS MultiPurpose Register 0, col = 2,  data = 0
# tb_soc_ddr3_top.mem_core.data_task: at time 38113483.0 ps READ @ DQS MultiPurpose Register 0, col = 3,  data = 1
# tb_soc_ddr3_top.mem_core.data_task: at time 38114817.0 ps READ @ DQS MultiPurpose Register 0, col = 4,  data = 0
# tb_soc_ddr3_top.mem_core.data_task: at time 38116150.0 ps READ @ DQS MultiPurpose Register 0, col = 5,  data = 1
# tb_soc_ddr3_top.mem_core.data_task: at time 38117483.0 ps READ @ DQS MultiPurpose Register 0, col = 6,  data = 0
# tb_soc_ddr3_top.mem_core.data_task: at time 38118817.0 ps READ @ DQS MultiPurpose Register 0, col = 7,  data = 1
# tb_soc_ddr3_top.mem_core.data_task: at time 38120150.0 ps READ @ DQS MultiPurpose Register 0, col = 0,  data = 0
# tb_soc_ddr3_top.mem_core.data_task: at time 38121483.0 ps READ @ DQS MultiPurpose Register 0, col = 1,  data = 1
# tb_soc_ddr3_top.mem_core.data_task: at time 38122817.0 ps READ @ DQS MultiPurpose Register 0, col = 2,  data = 0
# tb_soc_ddr3_top.mem_core.data_task: at time 38124150.0 ps READ @ DQS MultiPurpose Register 0, col = 3,  data = 1
# tb_soc_ddr3_top.mem_core.data_task: at time 38125483.0 ps READ @ DQS MultiPurpose Register 0, col = 4,  data = 0
# tb_soc_ddr3_top.mem_core.data_task: at time 38126817.0 ps READ @ DQS MultiPurpose Register 0, col = 5,  data = 1
# tb_soc_ddr3_top.mem_core.data_task: at time 38128150.0 ps READ @ DQS MultiPurpose Register 0, col = 6,  data = 0
# tb_soc_ddr3_top.mem_core.data_task: at time 38129483.0 ps READ @ DQS MultiPurpose Register 0, col = 7,  data = 1
# tb_soc_ddr3_top.mem_core.data_task: at time 38130817.0 ps READ @ DQS MultiPurpose Register 0, col = 0,  data = 0
# tb_soc_ddr3_top.mem_core.data_task: at time 38132150.0 ps READ @ DQS MultiPurpose Register 0, col = 1,  data = 1
# tb_soc_ddr3_top.mem_core.data_task: at time 38133483.0 ps READ @ DQS MultiPurpose Register 0, col = 2,  data = 0
# tb_soc_ddr3_top.mem_core.data_task: at time 38134817.0 ps READ @ DQS MultiPurpose Register 0, col = 3,  data = 1
# tb_soc_ddr3_top.mem_core.data_task: at time 38136150.0 ps READ @ DQS MultiPurpose Register 0, col = 4,  data = 0
# tb_soc_ddr3_top.mem_core.data_task: at time 38137483.0 ps READ @ DQS MultiPurpose Register 0, col = 5,  data = 1
# tb_soc_ddr3_top.mem_core.data_task: at time 38138817.0 ps READ @ DQS MultiPurpose Register 0, col = 6,  data = 0
# tb_soc_ddr3_top.mem_core.data_task: at time 38140150.0 ps READ @ DQS MultiPurpose Register 0, col = 7,  data = 1
# tb_soc_ddr3_top.mem_core.cmd_task: at time 38489483.0 ps INFO: Read      bank 0 col 008, auto precharge 0
# tb_soc_ddr3_top.mem_core.cmd_task: at time 38500150.0 ps INFO: Read      bank 0 col 008, auto precharge 0
# tb_soc_ddr3_top.mem_core.cmd_task: at time 38510817.0 ps INFO: Read      bank 0 col 008, auto precharge 0
# tb_soc_ddr3_top.mem_core.data_task: at time 38514817.0 ps READ @ DQS MultiPurpose Register 0, col = 0,  data = 0
# tb_soc_ddr3_top.mem_core.data_task: at time 38516150.0 ps READ @ DQS MultiPurpose Register 0, col = 1,  data = 1
# tb_soc_ddr3_top.mem_core.data_task: at time 38517483.0 ps READ @ DQS MultiPurpose Register 0, col = 2,  data = 0
# tb_soc_ddr3_top.mem_core.data_task: at time 38518817.0 ps READ @ DQS MultiPurpose Register 0, col = 3,  data = 1
# tb_soc_ddr3_top.mem_core.data_task: at time 38520150.0 ps READ @ DQS MultiPurpose Register 0, col = 4,  data = 0
# tb_soc_ddr3_top.mem_core.data_task: at time 38521483.0 ps READ @ DQS MultiPurpose Register 0, col = 5,  data = 1
# tb_soc_ddr3_top.mem_core.cmd_task: at time 38521483.0 ps INFO: Read      bank 0 col 008, auto precharge 0
# tb_soc_ddr3_top.mem_core.data_task: at time 38522817.0 ps READ @ DQS MultiPurpose Register 0, col = 6,  data = 0
# tb_soc_ddr3_top.mem_core.data_task: at time 38524150.0 ps READ @ DQS MultiPurpose Register 0, col = 7,  data = 1
# tb_soc_ddr3_top.mem_core.data_task: at time 38525483.0 ps READ @ DQS MultiPurpose Register 0, col = 0,  data = 0
# tb_soc_ddr3_top.mem_core.data_task: at time 38526817.0 ps READ @ DQS MultiPurpose Register 0, col = 1,  data = 1
# tb_soc_ddr3_top.mem_core.data_task: at time 38528150.0 ps READ @ DQS MultiPurpose Register 0, col = 2,  data = 0
# tb_soc_ddr3_top.mem_core.data_task: at time 38529483.0 ps READ @ DQS MultiPurpose Register 0, col = 3,  data = 1
# tb_soc_ddr3_top.mem_core.data_task: at time 38530817.0 ps READ @ DQS MultiPurpose Register 0, col = 4,  data = 0
# tb_soc_ddr3_top.mem_core.data_task: at time 38532150.0 ps READ @ DQS MultiPurpose Register 0, col = 5,  data = 1
# tb_soc_ddr3_top.mem_core.cmd_task: at time 38532150.0 ps INFO: Read      bank 0 col 008, auto precharge 0
# tb_soc_ddr3_top.mem_core.data_task: at time 38533483.0 ps READ @ DQS MultiPurpose Register 0, col = 6,  data = 0
# tb_soc_ddr3_top.mem_core.data_task: at time 38534817.0 ps READ @ DQS MultiPurpose Register 0, col = 7,  data = 1
# tb_soc_ddr3_top.mem_core.data_task: at time 38536150.0 ps READ @ DQS MultiPurpose Register 0, col = 0,  data = 0
# tb_soc_ddr3_top.mem_core.data_task: at time 38537483.0 ps READ @ DQS MultiPurpose Register 0, col = 1,  data = 1
# tb_soc_ddr3_top.mem_core.data_task: at time 38538817.0 ps READ @ DQS MultiPurpose Register 0, col = 2,  data = 0
# tb_soc_ddr3_top.mem_core.data_task: at time 38540150.0 ps READ @ DQS MultiPurpose Register 0, col = 3,  data = 1
# tb_soc_ddr3_top.mem_core.data_task: at time 38541483.0 ps READ @ DQS MultiPurpose Register 0, col = 4,  data = 0
# tb_soc_ddr3_top.mem_core.data_task: at time 38542817.0 ps READ @ DQS MultiPurpose Register 0, col = 5,  data = 1
# tb_soc_ddr3_top.mem_core.cmd_task: at time 38542817.0 ps INFO: Read      bank 0 col 008, auto precharge 0
# tb_soc_ddr3_top.mem_core.data_task: at time 38544150.0 ps READ @ DQS MultiPurpose Register 0, col = 6,  data = 0
# tb_soc_ddr3_top.mem_core.data_task: at time 38545483.0 ps READ @ DQS MultiPurpose Register 0, col = 7,  data = 1
# tb_soc_ddr3_top.mem_core.data_task: at time 38546817.0 ps READ @ DQS MultiPurpose Register 0, col = 0,  data = 0
# tb_soc_ddr3_top.mem_core.data_task: at time 38548150.0 ps READ @ DQS MultiPurpose Register 0, col = 1,  data = 1
# tb_soc_ddr3_top.mem_core.data_task: at time 38549483.0 ps READ @ DQS MultiPurpose Register 0, col = 2,  data = 0
# tb_soc_ddr3_top.mem_core.data_task: at time 38550817.0 ps READ @ DQS MultiPurpose Register 0, col = 3,  data = 1
# tb_soc_ddr3_top.mem_core.data_task: at time 38552150.0 ps READ @ DQS MultiPurpose Register 0, col = 4,  data = 0
# tb_soc_ddr3_top.mem_core.data_task: at time 38553483.0 ps READ @ DQS MultiPurpose Register 0, col = 5,  data = 1
# tb_soc_ddr3_top.mem_core.cmd_task: at time 38553483.0 ps INFO: Read      bank 0 col 008, auto precharge 0
# tb_soc_ddr3_top.mem_core.data_task: at time 38554817.0 ps READ @ DQS MultiPurpose Register 0, col = 6,  data = 0
# tb_soc_ddr3_top.mem_core.data_task: at time 38556150.0 ps READ @ DQS MultiPurpose Register 0, col = 7,  data = 1
# tb_soc_ddr3_top.mem_core.data_task: at time 38557483.0 ps READ @ DQS MultiPurpose Register 0, col = 0,  data = 0
# tb_soc_ddr3_top.mem_core.data_task: at time 38558817.0 ps READ @ DQS MultiPurpose Register 0, col = 1,  data = 1
# tb_soc_ddr3_top.mem_core.data_task: at time 38560150.0 ps READ @ DQS MultiPurpose Register 0, col = 2,  data = 0
# tb_soc_ddr3_top.mem_core.data_task: at time 38561483.0 ps READ @ DQS MultiPurpose Register 0, col = 3,  data = 1
# tb_soc_ddr3_top.mem_core.data_task: at time 38562817.0 ps READ @ DQS MultiPurpose Register 0, col = 4,  data = 0
# tb_soc_ddr3_top.mem_core.data_task: at time 38564150.0 ps READ @ DQS MultiPurpose Register 0, col = 5,  data = 1
# tb_soc_ddr3_top.mem_core.cmd_task: at time 38564150.0 ps INFO: Read      bank 0 col 008, auto precharge 0
# tb_soc_ddr3_top.mem_core.data_task: at time 38565483.0 ps READ @ DQS MultiPurpose Register 0, col = 6,  data = 0
# tb_soc_ddr3_top.mem_core.data_task: at time 38566817.0 ps READ @ DQS MultiPurpose Register 0, col = 7,  data = 1
# tb_soc_ddr3_top.mem_core.data_task: at time 38568150.0 ps READ @ DQS MultiPurpose Register 0, col = 0,  data = 0
# tb_soc_ddr3_top.mem_core.data_task: at time 38569483.0 ps READ @ DQS MultiPurpose Register 0, col = 1,  data = 1
# tb_soc_ddr3_top.mem_core.data_task: at time 38570817.0 ps READ @ DQS MultiPurpose Register 0, col = 2,  data = 0
# tb_soc_ddr3_top.mem_core.data_task: at time 38572150.0 ps READ @ DQS MultiPurpose Register 0, col = 3,  data = 1
# tb_soc_ddr3_top.mem_core.data_task: at time 38573483.0 ps READ @ DQS MultiPurpose Register 0, col = 4,  data = 0
# tb_soc_ddr3_top.mem_core.data_task: at time 38574817.0 ps READ @ DQS MultiPurpose Register 0, col = 5,  data = 1
# tb_soc_ddr3_top.mem_core.cmd_task: at time 38574817.0 ps INFO: Read      bank 0 col 008, auto precharge 0
# tb_soc_ddr3_top.mem_core.data_task: at time 38576150.0 ps READ @ DQS MultiPurpose Register 0, col = 6,  data = 0
# tb_soc_ddr3_top.mem_core.data_task: at time 38577483.0 ps READ @ DQS MultiPurpose Register 0, col = 7,  data = 1
# tb_soc_ddr3_top.mem_core.data_task: at time 38578817.0 ps READ @ DQS MultiPurpose Register 0, col = 0,  data = 0
# tb_soc_ddr3_top.mem_core.data_task: at time 38580150.0 ps READ @ DQS MultiPurpose Register 0, col = 1,  data = 1
# tb_soc_ddr3_top.mem_core.data_task: at time 38581483.0 ps READ @ DQS MultiPurpose Register 0, col = 2,  data = 0
# tb_soc_ddr3_top.mem_core.data_task: at time 38582817.0 ps READ @ DQS MultiPurpose Register 0, col = 3,  data = 1
# tb_soc_ddr3_top.mem_core.data_task: at time 38584150.0 ps READ @ DQS MultiPurpose Register 0, col = 4,  data = 0
# tb_soc_ddr3_top.mem_core.data_task: at time 38585483.0 ps READ @ DQS MultiPurpose Register 0, col = 5,  data = 1
# tb_soc_ddr3_top.mem_core.cmd_task: at time 38585483.0 ps INFO: Read      bank 0 col 008, auto precharge 0
# tb_soc_ddr3_top.mem_core.data_task: at time 38586817.0 ps READ @ DQS MultiPurpose Register 0, col = 6,  data = 0
# tb_soc_ddr3_top.mem_core.data_task: at time 38588150.0 ps READ @ DQS MultiPurpose Register 0, col = 7,  data = 1
# tb_soc_ddr3_top.mem_core.data_task: at time 38589483.0 ps READ @ DQS MultiPurpose Register 0, col = 0,  data = 0
# tb_soc_ddr3_top.mem_core.data_task: at time 38590817.0 ps READ @ DQS MultiPurpose Register 0, col = 1,  data = 1
# tb_soc_ddr3_top.mem_core.data_task: at time 38592150.0 ps READ @ DQS MultiPurpose Register 0, col = 2,  data = 0
# tb_soc_ddr3_top.mem_core.data_task: at time 38593483.0 ps READ @ DQS MultiPurpose Register 0, col = 3,  data = 1
# tb_soc_ddr3_top.mem_core.data_task: at time 38594817.0 ps READ @ DQS MultiPurpose Register 0, col = 4,  data = 0
# tb_soc_ddr3_top.mem_core.data_task: at time 38596150.0 ps READ @ DQS MultiPurpose Register 0, col = 5,  data = 1
# tb_soc_ddr3_top.mem_core.data_task: at time 38597483.0 ps READ @ DQS MultiPurpose Register 0, col = 6,  data = 0
# tb_soc_ddr3_top.mem_core.data_task: at time 38598817.0 ps READ @ DQS MultiPurpose Register 0, col = 7,  data = 1
# tb_soc_ddr3_top.mem_core.data_task: at time 38600150.0 ps READ @ DQS MultiPurpose Register 0, col = 0,  data = 0
# tb_soc_ddr3_top.mem_core.data_task: at time 38601483.0 ps READ @ DQS MultiPurpose Register 0, col = 1,  data = 1
# tb_soc_ddr3_top.mem_core.data_task: at time 38602817.0 ps READ @ DQS MultiPurpose Register 0, col = 2,  data = 0
# tb_soc_ddr3_top.mem_core.data_task: at time 38604150.0 ps READ @ DQS MultiPurpose Register 0, col = 3,  data = 1
# tb_soc_ddr3_top.mem_core.data_task: at time 38605483.0 ps READ @ DQS MultiPurpose Register 0, col = 4,  data = 0
# tb_soc_ddr3_top.mem_core.data_task: at time 38606817.0 ps READ @ DQS MultiPurpose Register 0, col = 5,  data = 1
# tb_soc_ddr3_top.mem_core.data_task: at time 38608150.0 ps READ @ DQS MultiPurpose Register 0, col = 6,  data = 0
# tb_soc_ddr3_top.mem_core.data_task: at time 38609483.0 ps READ @ DQS MultiPurpose Register 0, col = 7,  data = 1
# tb_soc_ddr3_top.mem_core.data_task: at time 38610817.0 ps READ @ DQS MultiPurpose Register 0, col = 0,  data = 0
# tb_soc_ddr3_top.mem_core.data_task: at time 38612150.0 ps READ @ DQS MultiPurpose Register 0, col = 1,  data = 1
# tb_soc_ddr3_top.mem_core.data_task: at time 38613483.0 ps READ @ DQS MultiPurpose Register 0, col = 2,  data = 0
# tb_soc_ddr3_top.mem_core.data_task: at time 38614817.0 ps READ @ DQS MultiPurpose Register 0, col = 3,  data = 1
# tb_soc_ddr3_top.mem_core.data_task: at time 38616150.0 ps READ @ DQS MultiPurpose Register 0, col = 4,  data = 0
# tb_soc_ddr3_top.mem_core.data_task: at time 38617483.0 ps READ @ DQS MultiPurpose Register 0, col = 5,  data = 1
# tb_soc_ddr3_top.mem_core.data_task: at time 38618817.0 ps READ @ DQS MultiPurpose Register 0, col = 6,  data = 0
# tb_soc_ddr3_top.mem_core.data_task: at time 38620150.0 ps READ @ DQS MultiPurpose Register 0, col = 7,  data = 1
# tb_soc_ddr3_top.mem_core.cmd_task: at time 38969483.0 ps INFO: Read      bank 0 col 008, auto precharge 0
# tb_soc_ddr3_top.mem_core.cmd_task: at time 38980150.0 ps INFO: Read      bank 0 col 008, auto precharge 0
# tb_soc_ddr3_top.mem_core.cmd_task: at time 38990817.0 ps INFO: Read      bank 0 col 008, auto precharge 0
# tb_soc_ddr3_top.mem_core.data_task: at time 38994817.0 ps READ @ DQS MultiPurpose Register 0, col = 0,  data = 0
# tb_soc_ddr3_top.mem_core.data_task: at time 38996150.0 ps READ @ DQS MultiPurpose Register 0, col = 1,  data = 1
# tb_soc_ddr3_top.mem_core.data_task: at time 38997483.0 ps READ @ DQS MultiPurpose Register 0, col = 2,  data = 0
# tb_soc_ddr3_top.mem_core.data_task: at time 38998817.0 ps READ @ DQS MultiPurpose Register 0, col = 3,  data = 1
# tb_soc_ddr3_top.mem_core.data_task: at time 39000150.0 ps READ @ DQS MultiPurpose Register 0, col = 4,  data = 0
# tb_soc_ddr3_top.mem_core.data_task: at time 39001483.0 ps READ @ DQS MultiPurpose Register 0, col = 5,  data = 1
# tb_soc_ddr3_top.mem_core.cmd_task: at time 39001483.0 ps INFO: Read      bank 0 col 008, auto precharge 0
# tb_soc_ddr3_top.mem_core.data_task: at time 39002817.0 ps READ @ DQS MultiPurpose Register 0, col = 6,  data = 0
# tb_soc_ddr3_top.mem_core.data_task: at time 39004150.0 ps READ @ DQS MultiPurpose Register 0, col = 7,  data = 1
# tb_soc_ddr3_top.mem_core.data_task: at time 39005483.0 ps READ @ DQS MultiPurpose Register 0, col = 0,  data = 0
# tb_soc_ddr3_top.mem_core.data_task: at time 39006817.0 ps READ @ DQS MultiPurpose Register 0, col = 1,  data = 1
# tb_soc_ddr3_top.mem_core.data_task: at time 39008150.0 ps READ @ DQS MultiPurpose Register 0, col = 2,  data = 0
# tb_soc_ddr3_top.mem_core.data_task: at time 39009483.0 ps READ @ DQS MultiPurpose Register 0, col = 3,  data = 1
# tb_soc_ddr3_top.mem_core.data_task: at time 39010817.0 ps READ @ DQS MultiPurpose Register 0, col = 4,  data = 0
# tb_soc_ddr3_top.mem_core.data_task: at time 39012150.0 ps READ @ DQS MultiPurpose Register 0, col = 5,  data = 1
# tb_soc_ddr3_top.mem_core.cmd_task: at time 39012150.0 ps INFO: Read      bank 0 col 008, auto precharge 0
# tb_soc_ddr3_top.mem_core.data_task: at time 39013483.0 ps READ @ DQS MultiPurpose Register 0, col = 6,  data = 0
# tb_soc_ddr3_top.mem_core.data_task: at time 39014817.0 ps READ @ DQS MultiPurpose Register 0, col = 7,  data = 1
# tb_soc_ddr3_top.mem_core.data_task: at time 39016150.0 ps READ @ DQS MultiPurpose Register 0, col = 0,  data = 0
# tb_soc_ddr3_top.mem_core.data_task: at time 39017483.0 ps READ @ DQS MultiPurpose Register 0, col = 1,  data = 1
# tb_soc_ddr3_top.mem_core.data_task: at time 39018817.0 ps READ @ DQS MultiPurpose Register 0, col = 2,  data = 0
# tb_soc_ddr3_top.mem_core.data_task: at time 39020150.0 ps READ @ DQS MultiPurpose Register 0, col = 3,  data = 1
# tb_soc_ddr3_top.mem_core.data_task: at time 39021483.0 ps READ @ DQS MultiPurpose Register 0, col = 4,  data = 0
# tb_soc_ddr3_top.mem_core.data_task: at time 39022817.0 ps READ @ DQS MultiPurpose Register 0, col = 5,  data = 1
# tb_soc_ddr3_top.mem_core.cmd_task: at time 39022817.0 ps INFO: Read      bank 0 col 008, auto precharge 0
# tb_soc_ddr3_top.mem_core.data_task: at time 39024150.0 ps READ @ DQS MultiPurpose Register 0, col = 6,  data = 0
# tb_soc_ddr3_top.mem_core.data_task: at time 39025483.0 ps READ @ DQS MultiPurpose Register 0, col = 7,  data = 1
# tb_soc_ddr3_top.mem_core.data_task: at time 39026817.0 ps READ @ DQS MultiPurpose Register 0, col = 0,  data = 0
# tb_soc_ddr3_top.mem_core.data_task: at time 39028150.0 ps READ @ DQS MultiPurpose Register 0, col = 1,  data = 1
# tb_soc_ddr3_top.mem_core.data_task: at time 39029483.0 ps READ @ DQS MultiPurpose Register 0, col = 2,  data = 0
# tb_soc_ddr3_top.mem_core.data_task: at time 39030817.0 ps READ @ DQS MultiPurpose Register 0, col = 3,  data = 1
# tb_soc_ddr3_top.mem_core.data_task: at time 39032150.0 ps READ @ DQS MultiPurpose Register 0, col = 4,  data = 0
# tb_soc_ddr3_top.mem_core.data_task: at time 39033483.0 ps READ @ DQS MultiPurpose Register 0, col = 5,  data = 1
# tb_soc_ddr3_top.mem_core.cmd_task: at time 39033483.0 ps INFO: Read      bank 0 col 008, auto precharge 0
# tb_soc_ddr3_top.mem_core.data_task: at time 39034817.0 ps READ @ DQS MultiPurpose Register 0, col = 6,  data = 0
# tb_soc_ddr3_top.mem_core.data_task: at time 39036150.0 ps READ @ DQS MultiPurpose Register 0, col = 7,  data = 1
# tb_soc_ddr3_top.mem_core.data_task: at time 39037483.0 ps READ @ DQS MultiPurpose Register 0, col = 0,  data = 0
# tb_soc_ddr3_top.mem_core.data_task: at time 39038817.0 ps READ @ DQS MultiPurpose Register 0, col = 1,  data = 1
# tb_soc_ddr3_top.mem_core.data_task: at time 39040150.0 ps READ @ DQS MultiPurpose Register 0, col = 2,  data = 0
# tb_soc_ddr3_top.mem_core.data_task: at time 39041483.0 ps READ @ DQS MultiPurpose Register 0, col = 3,  data = 1
# tb_soc_ddr3_top.mem_core.data_task: at time 39042817.0 ps READ @ DQS MultiPurpose Register 0, col = 4,  data = 0
# tb_soc_ddr3_top.mem_core.data_task: at time 39044150.0 ps READ @ DQS MultiPurpose Register 0, col = 5,  data = 1
# tb_soc_ddr3_top.mem_core.cmd_task: at time 39044150.0 ps INFO: Read      bank 0 col 008, auto precharge 0
# tb_soc_ddr3_top.mem_core.data_task: at time 39045483.0 ps READ @ DQS MultiPurpose Register 0, col = 6,  data = 0
# tb_soc_ddr3_top.mem_core.data_task: at time 39046817.0 ps READ @ DQS MultiPurpose Register 0, col = 7,  data = 1
# tb_soc_ddr3_top.mem_core.data_task: at time 39048150.0 ps READ @ DQS MultiPurpose Register 0, col = 0,  data = 0
# tb_soc_ddr3_top.mem_core.data_task: at time 39049483.0 ps READ @ DQS MultiPurpose Register 0, col = 1,  data = 1
# tb_soc_ddr3_top.mem_core.data_task: at time 39050817.0 ps READ @ DQS MultiPurpose Register 0, col = 2,  data = 0
# tb_soc_ddr3_top.mem_core.data_task: at time 39052150.0 ps READ @ DQS MultiPurpose Register 0, col = 3,  data = 1
# tb_soc_ddr3_top.mem_core.data_task: at time 39053483.0 ps READ @ DQS MultiPurpose Register 0, col = 4,  data = 0
# tb_soc_ddr3_top.mem_core.data_task: at time 39054817.0 ps READ @ DQS MultiPurpose Register 0, col = 5,  data = 1
# tb_soc_ddr3_top.mem_core.cmd_task: at time 39054817.0 ps INFO: Read      bank 0 col 008, auto precharge 0
# tb_soc_ddr3_top.mem_core.data_task: at time 39056150.0 ps READ @ DQS MultiPurpose Register 0, col = 6,  data = 0
# tb_soc_ddr3_top.mem_core.data_task: at time 39057483.0 ps READ @ DQS MultiPurpose Register 0, col = 7,  data = 1
# tb_soc_ddr3_top.mem_core.data_task: at time 39058817.0 ps READ @ DQS MultiPurpose Register 0, col = 0,  data = 0
# tb_soc_ddr3_top.mem_core.data_task: at time 39060150.0 ps READ @ DQS MultiPurpose Register 0, col = 1,  data = 1
# tb_soc_ddr3_top.mem_core.data_task: at time 39061483.0 ps READ @ DQS MultiPurpose Register 0, col = 2,  data = 0
# tb_soc_ddr3_top.mem_core.data_task: at time 39062817.0 ps READ @ DQS MultiPurpose Register 0, col = 3,  data = 1
# tb_soc_ddr3_top.mem_core.data_task: at time 39064150.0 ps READ @ DQS MultiPurpose Register 0, col = 4,  data = 0
# tb_soc_ddr3_top.mem_core.data_task: at time 39065483.0 ps READ @ DQS MultiPurpose Register 0, col = 5,  data = 1
# tb_soc_ddr3_top.mem_core.cmd_task: at time 39065483.0 ps INFO: Read      bank 0 col 008, auto precharge 0
# tb_soc_ddr3_top.mem_core.data_task: at time 39066817.0 ps READ @ DQS MultiPurpose Register 0, col = 6,  data = 0
# tb_soc_ddr3_top.mem_core.data_task: at time 39068150.0 ps READ @ DQS MultiPurpose Register 0, col = 7,  data = 1
# tb_soc_ddr3_top.mem_core.data_task: at time 39069483.0 ps READ @ DQS MultiPurpose Register 0, col = 0,  data = 0
# tb_soc_ddr3_top.mem_core.data_task: at time 39070817.0 ps READ @ DQS MultiPurpose Register 0, col = 1,  data = 1
# tb_soc_ddr3_top.mem_core.data_task: at time 39072150.0 ps READ @ DQS MultiPurpose Register 0, col = 2,  data = 0
# tb_soc_ddr3_top.mem_core.data_task: at time 39073483.0 ps READ @ DQS MultiPurpose Register 0, col = 3,  data = 1
# tb_soc_ddr3_top.mem_core.data_task: at time 39074817.0 ps READ @ DQS MultiPurpose Register 0, col = 4,  data = 0
# tb_soc_ddr3_top.mem_core.data_task: at time 39076150.0 ps READ @ DQS MultiPurpose Register 0, col = 5,  data = 1
# tb_soc_ddr3_top.mem_core.data_task: at time 39077483.0 ps READ @ DQS MultiPurpose Register 0, col = 6,  data = 0
# tb_soc_ddr3_top.mem_core.data_task: at time 39078817.0 ps READ @ DQS MultiPurpose Register 0, col = 7,  data = 1
# tb_soc_ddr3_top.mem_core.data_task: at time 39080150.0 ps READ @ DQS MultiPurpose Register 0, col = 0,  data = 0
# tb_soc_ddr3_top.mem_core.data_task: at time 39081483.0 ps READ @ DQS MultiPurpose Register 0, col = 1,  data = 1
# tb_soc_ddr3_top.mem_core.data_task: at time 39082817.0 ps READ @ DQS MultiPurpose Register 0, col = 2,  data = 0
# tb_soc_ddr3_top.mem_core.data_task: at time 39084150.0 ps READ @ DQS MultiPurpose Register 0, col = 3,  data = 1
# tb_soc_ddr3_top.mem_core.data_task: at time 39085483.0 ps READ @ DQS MultiPurpose Register 0, col = 4,  data = 0
# tb_soc_ddr3_top.mem_core.data_task: at time 39086817.0 ps READ @ DQS MultiPurpose Register 0, col = 5,  data = 1
# tb_soc_ddr3_top.mem_core.data_task: at time 39088150.0 ps READ @ DQS MultiPurpose Register 0, col = 6,  data = 0
# tb_soc_ddr3_top.mem_core.data_task: at time 39089483.0 ps READ @ DQS MultiPurpose Register 0, col = 7,  data = 1
# tb_soc_ddr3_top.mem_core.data_task: at time 39090817.0 ps READ @ DQS MultiPurpose Register 0, col = 0,  data = 0
# tb_soc_ddr3_top.mem_core.data_task: at time 39092150.0 ps READ @ DQS MultiPurpose Register 0, col = 1,  data = 1
# tb_soc_ddr3_top.mem_core.data_task: at time 39093483.0 ps READ @ DQS MultiPurpose Register 0, col = 2,  data = 0
# tb_soc_ddr3_top.mem_core.data_task: at time 39094817.0 ps READ @ DQS MultiPurpose Register 0, col = 3,  data = 1
# tb_soc_ddr3_top.mem_core.data_task: at time 39096150.0 ps READ @ DQS MultiPurpose Register 0, col = 4,  data = 0
# tb_soc_ddr3_top.mem_core.data_task: at time 39097483.0 ps READ @ DQS MultiPurpose Register 0, col = 5,  data = 1
# tb_soc_ddr3_top.mem_core.data_task: at time 39098817.0 ps READ @ DQS MultiPurpose Register 0, col = 6,  data = 0
# tb_soc_ddr3_top.mem_core.data_task: at time 39100150.0 ps READ @ DQS MultiPurpose Register 0, col = 7,  data = 1
# tb_soc_ddr3_top.mem_core.cmd_task: at time 39449483.0 ps INFO: Read      bank 0 col 008, auto precharge 0
# tb_soc_ddr3_top.mem_core.cmd_task: at time 39460150.0 ps INFO: Read      bank 0 col 008, auto precharge 0
# tb_soc_ddr3_top.mem_core.cmd_task: at time 39470817.0 ps INFO: Read      bank 0 col 008, auto precharge 0
# tb_soc_ddr3_top.mem_core.data_task: at time 39474817.0 ps READ @ DQS MultiPurpose Register 0, col = 0,  data = 0
# tb_soc_ddr3_top.mem_core.data_task: at time 39476150.0 ps READ @ DQS MultiPurpose Register 0, col = 1,  data = 1
# tb_soc_ddr3_top.mem_core.data_task: at time 39477483.0 ps READ @ DQS MultiPurpose Register 0, col = 2,  data = 0
# tb_soc_ddr3_top.mem_core.data_task: at time 39478817.0 ps READ @ DQS MultiPurpose Register 0, col = 3,  data = 1
# tb_soc_ddr3_top.mem_core.data_task: at time 39480150.0 ps READ @ DQS MultiPurpose Register 0, col = 4,  data = 0
# tb_soc_ddr3_top.mem_core.data_task: at time 39481483.0 ps READ @ DQS MultiPurpose Register 0, col = 5,  data = 1
# tb_soc_ddr3_top.mem_core.cmd_task: at time 39481483.0 ps INFO: Read      bank 0 col 008, auto precharge 0
# tb_soc_ddr3_top.mem_core.data_task: at time 39482817.0 ps READ @ DQS MultiPurpose Register 0, col = 6,  data = 0
# tb_soc_ddr3_top.mem_core.data_task: at time 39484150.0 ps READ @ DQS MultiPurpose Register 0, col = 7,  data = 1
# tb_soc_ddr3_top.mem_core.data_task: at time 39485483.0 ps READ @ DQS MultiPurpose Register 0, col = 0,  data = 0
# tb_soc_ddr3_top.mem_core.data_task: at time 39486817.0 ps READ @ DQS MultiPurpose Register 0, col = 1,  data = 1
# tb_soc_ddr3_top.mem_core.data_task: at time 39488150.0 ps READ @ DQS MultiPurpose Register 0, col = 2,  data = 0
# tb_soc_ddr3_top.mem_core.data_task: at time 39489483.0 ps READ @ DQS MultiPurpose Register 0, col = 3,  data = 1
# tb_soc_ddr3_top.mem_core.data_task: at time 39490817.0 ps READ @ DQS MultiPurpose Register 0, col = 4,  data = 0
# tb_soc_ddr3_top.mem_core.data_task: at time 39492150.0 ps READ @ DQS MultiPurpose Register 0, col = 5,  data = 1
# tb_soc_ddr3_top.mem_core.cmd_task: at time 39492150.0 ps INFO: Read      bank 0 col 008, auto precharge 0
# tb_soc_ddr3_top.mem_core.data_task: at time 39493483.0 ps READ @ DQS MultiPurpose Register 0, col = 6,  data = 0
# tb_soc_ddr3_top.mem_core.data_task: at time 39494817.0 ps READ @ DQS MultiPurpose Register 0, col = 7,  data = 1
# tb_soc_ddr3_top.mem_core.data_task: at time 39496150.0 ps READ @ DQS MultiPurpose Register 0, col = 0,  data = 0
# tb_soc_ddr3_top.mem_core.data_task: at time 39497483.0 ps READ @ DQS MultiPurpose Register 0, col = 1,  data = 1
# tb_soc_ddr3_top.mem_core.data_task: at time 39498817.0 ps READ @ DQS MultiPurpose Register 0, col = 2,  data = 0
# tb_soc_ddr3_top.mem_core.data_task: at time 39500150.0 ps READ @ DQS MultiPurpose Register 0, col = 3,  data = 1
# tb_soc_ddr3_top.mem_core.data_task: at time 39501483.0 ps READ @ DQS MultiPurpose Register 0, col = 4,  data = 0
# tb_soc_ddr3_top.mem_core.data_task: at time 39502817.0 ps READ @ DQS MultiPurpose Register 0, col = 5,  data = 1
# tb_soc_ddr3_top.mem_core.cmd_task: at time 39502817.0 ps INFO: Read      bank 0 col 008, auto precharge 0
# tb_soc_ddr3_top.mem_core.data_task: at time 39504150.0 ps READ @ DQS MultiPurpose Register 0, col = 6,  data = 0
# tb_soc_ddr3_top.mem_core.data_task: at time 39505483.0 ps READ @ DQS MultiPurpose Register 0, col = 7,  data = 1
# tb_soc_ddr3_top.mem_core.data_task: at time 39506817.0 ps READ @ DQS MultiPurpose Register 0, col = 0,  data = 0
# tb_soc_ddr3_top.mem_core.data_task: at time 39508150.0 ps READ @ DQS MultiPurpose Register 0, col = 1,  data = 1
# tb_soc_ddr3_top.mem_core.data_task: at time 39509483.0 ps READ @ DQS MultiPurpose Register 0, col = 2,  data = 0
# tb_soc_ddr3_top.mem_core.data_task: at time 39510817.0 ps READ @ DQS MultiPurpose Register 0, col = 3,  data = 1
# tb_soc_ddr3_top.mem_core.data_task: at time 39512150.0 ps READ @ DQS MultiPurpose Register 0, col = 4,  data = 0
# tb_soc_ddr3_top.mem_core.data_task: at time 39513483.0 ps READ @ DQS MultiPurpose Register 0, col = 5,  data = 1
# tb_soc_ddr3_top.mem_core.cmd_task: at time 39513483.0 ps INFO: Read      bank 0 col 008, auto precharge 0
# tb_soc_ddr3_top.mem_core.data_task: at time 39514817.0 ps READ @ DQS MultiPurpose Register 0, col = 6,  data = 0
# tb_soc_ddr3_top.mem_core.data_task: at time 39516150.0 ps READ @ DQS MultiPurpose Register 0, col = 7,  data = 1
# tb_soc_ddr3_top.mem_core.data_task: at time 39517483.0 ps READ @ DQS MultiPurpose Register 0, col = 0,  data = 0
# tb_soc_ddr3_top.mem_core.data_task: at time 39518817.0 ps READ @ DQS MultiPurpose Register 0, col = 1,  data = 1
# tb_soc_ddr3_top.mem_core.data_task: at time 39520150.0 ps READ @ DQS MultiPurpose Register 0, col = 2,  data = 0
# tb_soc_ddr3_top.mem_core.data_task: at time 39521483.0 ps READ @ DQS MultiPurpose Register 0, col = 3,  data = 1
# tb_soc_ddr3_top.mem_core.data_task: at time 39522817.0 ps READ @ DQS MultiPurpose Register 0, col = 4,  data = 0
# tb_soc_ddr3_top.mem_core.data_task: at time 39524150.0 ps READ @ DQS MultiPurpose Register 0, col = 5,  data = 1
# tb_soc_ddr3_top.mem_core.cmd_task: at time 39524150.0 ps INFO: Read      bank 0 col 008, auto precharge 0
# tb_soc_ddr3_top.mem_core.data_task: at time 39525483.0 ps READ @ DQS MultiPurpose Register 0, col = 6,  data = 0
# tb_soc_ddr3_top.mem_core.data_task: at time 39526817.0 ps READ @ DQS MultiPurpose Register 0, col = 7,  data = 1
# tb_soc_ddr3_top.mem_core.data_task: at time 39528150.0 ps READ @ DQS MultiPurpose Register 0, col = 0,  data = 0
# tb_soc_ddr3_top.mem_core.data_task: at time 39529483.0 ps READ @ DQS MultiPurpose Register 0, col = 1,  data = 1
# tb_soc_ddr3_top.mem_core.data_task: at time 39530817.0 ps READ @ DQS MultiPurpose Register 0, col = 2,  data = 0
# tb_soc_ddr3_top.mem_core.data_task: at time 39532150.0 ps READ @ DQS MultiPurpose Register 0, col = 3,  data = 1
# tb_soc_ddr3_top.mem_core.data_task: at time 39533483.0 ps READ @ DQS MultiPurpose Register 0, col = 4,  data = 0
# tb_soc_ddr3_top.mem_core.data_task: at time 39534817.0 ps READ @ DQS MultiPurpose Register 0, col = 5,  data = 1
# tb_soc_ddr3_top.mem_core.cmd_task: at time 39534817.0 ps INFO: Read      bank 0 col 008, auto precharge 0
# tb_soc_ddr3_top.mem_core.data_task: at time 39536150.0 ps READ @ DQS MultiPurpose Register 0, col = 6,  data = 0
# tb_soc_ddr3_top.mem_core.data_task: at time 39537483.0 ps READ @ DQS MultiPurpose Register 0, col = 7,  data = 1
# tb_soc_ddr3_top.mem_core.data_task: at time 39538817.0 ps READ @ DQS MultiPurpose Register 0, col = 0,  data = 0
# tb_soc_ddr3_top.mem_core.data_task: at time 39540150.0 ps READ @ DQS MultiPurpose Register 0, col = 1,  data = 1
# tb_soc_ddr3_top.mem_core.data_task: at time 39541483.0 ps READ @ DQS MultiPurpose Register 0, col = 2,  data = 0
# tb_soc_ddr3_top.mem_core.data_task: at time 39542817.0 ps READ @ DQS MultiPurpose Register 0, col = 3,  data = 1
# tb_soc_ddr3_top.mem_core.data_task: at time 39544150.0 ps READ @ DQS MultiPurpose Register 0, col = 4,  data = 0
# tb_soc_ddr3_top.mem_core.data_task: at time 39545483.0 ps READ @ DQS MultiPurpose Register 0, col = 5,  data = 1
# tb_soc_ddr3_top.mem_core.cmd_task: at time 39545483.0 ps INFO: Read      bank 0 col 008, auto precharge 0
# tb_soc_ddr3_top.mem_core.data_task: at time 39546817.0 ps READ @ DQS MultiPurpose Register 0, col = 6,  data = 0
# tb_soc_ddr3_top.mem_core.data_task: at time 39548150.0 ps READ @ DQS MultiPurpose Register 0, col = 7,  data = 1
# tb_soc_ddr3_top.mem_core.data_task: at time 39549483.0 ps READ @ DQS MultiPurpose Register 0, col = 0,  data = 0
# tb_soc_ddr3_top.mem_core.data_task: at time 39550817.0 ps READ @ DQS MultiPurpose Register 0, col = 1,  data = 1
# tb_soc_ddr3_top.mem_core.data_task: at time 39552150.0 ps READ @ DQS MultiPurpose Register 0, col = 2,  data = 0
# tb_soc_ddr3_top.mem_core.data_task: at time 39553483.0 ps READ @ DQS MultiPurpose Register 0, col = 3,  data = 1
# tb_soc_ddr3_top.mem_core.data_task: at time 39554817.0 ps READ @ DQS MultiPurpose Register 0, col = 4,  data = 0
# tb_soc_ddr3_top.mem_core.data_task: at time 39556150.0 ps READ @ DQS MultiPurpose Register 0, col = 5,  data = 1
# tb_soc_ddr3_top.mem_core.data_task: at time 39557483.0 ps READ @ DQS MultiPurpose Register 0, col = 6,  data = 0
# tb_soc_ddr3_top.mem_core.data_task: at time 39558817.0 ps READ @ DQS MultiPurpose Register 0, col = 7,  data = 1
# tb_soc_ddr3_top.mem_core.data_task: at time 39560150.0 ps READ @ DQS MultiPurpose Register 0, col = 0,  data = 0
# tb_soc_ddr3_top.mem_core.data_task: at time 39561483.0 ps READ @ DQS MultiPurpose Register 0, col = 1,  data = 1
# tb_soc_ddr3_top.mem_core.data_task: at time 39562817.0 ps READ @ DQS MultiPurpose Register 0, col = 2,  data = 0
# tb_soc_ddr3_top.mem_core.data_task: at time 39564150.0 ps READ @ DQS MultiPurpose Register 0, col = 3,  data = 1
# tb_soc_ddr3_top.mem_core.data_task: at time 39565483.0 ps READ @ DQS MultiPurpose Register 0, col = 4,  data = 0
# tb_soc_ddr3_top.mem_core.data_task: at time 39566817.0 ps READ @ DQS MultiPurpose Register 0, col = 5,  data = 1
# tb_soc_ddr3_top.mem_core.data_task: at time 39568150.0 ps READ @ DQS MultiPurpose Register 0, col = 6,  data = 0
# tb_soc_ddr3_top.mem_core.data_task: at time 39569483.0 ps READ @ DQS MultiPurpose Register 0, col = 7,  data = 1
# tb_soc_ddr3_top.mem_core.data_task: at time 39570817.0 ps READ @ DQS MultiPurpose Register 0, col = 0,  data = 0
# tb_soc_ddr3_top.mem_core.data_task: at time 39572150.0 ps READ @ DQS MultiPurpose Register 0, col = 1,  data = 1
# tb_soc_ddr3_top.mem_core.data_task: at time 39573483.0 ps READ @ DQS MultiPurpose Register 0, col = 2,  data = 0
# tb_soc_ddr3_top.mem_core.data_task: at time 39574817.0 ps READ @ DQS MultiPurpose Register 0, col = 3,  data = 1
# tb_soc_ddr3_top.mem_core.data_task: at time 39576150.0 ps READ @ DQS MultiPurpose Register 0, col = 4,  data = 0
# tb_soc_ddr3_top.mem_core.data_task: at time 39577483.0 ps READ @ DQS MultiPurpose Register 0, col = 5,  data = 1
# tb_soc_ddr3_top.mem_core.data_task: at time 39578817.0 ps READ @ DQS MultiPurpose Register 0, col = 6,  data = 0
# tb_soc_ddr3_top.mem_core.data_task: at time 39580150.0 ps READ @ DQS MultiPurpose Register 0, col = 7,  data = 1
# tb_soc_ddr3_top.mem_core.cmd_task: at time 39982817.0 ps INFO: Read      bank 0 col 008, auto precharge 0
# tb_soc_ddr3_top.mem_core.cmd_task: at time 39993483.0 ps INFO: Read      bank 0 col 008, auto precharge 0
# tb_soc_ddr3_top.mem_core.cmd_task: at time 40004150.0 ps INFO: Read      bank 0 col 008, auto precharge 0
# tb_soc_ddr3_top.mem_core.data_task: at time 40008150.0 ps READ @ DQS MultiPurpose Register 0, col = 0,  data = 0
# tb_soc_ddr3_top.mem_core.data_task: at time 40009483.0 ps READ @ DQS MultiPurpose Register 0, col = 1,  data = 1
# tb_soc_ddr3_top.mem_core.data_task: at time 40010817.0 ps READ @ DQS MultiPurpose Register 0, col = 2,  data = 0
# tb_soc_ddr3_top.mem_core.data_task: at time 40012150.0 ps READ @ DQS MultiPurpose Register 0, col = 3,  data = 1
# tb_soc_ddr3_top.mem_core.data_task: at time 40013483.0 ps READ @ DQS MultiPurpose Register 0, col = 4,  data = 0
# tb_soc_ddr3_top.mem_core.data_task: at time 40014817.0 ps READ @ DQS MultiPurpose Register 0, col = 5,  data = 1
# tb_soc_ddr3_top.mem_core.cmd_task: at time 40014817.0 ps INFO: Read      bank 0 col 008, auto precharge 0
# tb_soc_ddr3_top.mem_core.data_task: at time 40016150.0 ps READ @ DQS MultiPurpose Register 0, col = 6,  data = 0
# tb_soc_ddr3_top.mem_core.data_task: at time 40017483.0 ps READ @ DQS MultiPurpose Register 0, col = 7,  data = 1
# tb_soc_ddr3_top.mem_core.data_task: at time 40018817.0 ps READ @ DQS MultiPurpose Register 0, col = 0,  data = 0
# tb_soc_ddr3_top.mem_core.data_task: at time 40020150.0 ps READ @ DQS MultiPurpose Register 0, col = 1,  data = 1
# tb_soc_ddr3_top.mem_core.data_task: at time 40021483.0 ps READ @ DQS MultiPurpose Register 0, col = 2,  data = 0
# tb_soc_ddr3_top.mem_core.data_task: at time 40022817.0 ps READ @ DQS MultiPurpose Register 0, col = 3,  data = 1
# tb_soc_ddr3_top.mem_core.data_task: at time 40024150.0 ps READ @ DQS MultiPurpose Register 0, col = 4,  data = 0
# tb_soc_ddr3_top.mem_core.data_task: at time 40025483.0 ps READ @ DQS MultiPurpose Register 0, col = 5,  data = 1
# tb_soc_ddr3_top.mem_core.cmd_task: at time 40025483.0 ps INFO: Read      bank 0 col 008, auto precharge 0
# tb_soc_ddr3_top.mem_core.data_task: at time 40026817.0 ps READ @ DQS MultiPurpose Register 0, col = 6,  data = 0
# tb_soc_ddr3_top.mem_core.data_task: at time 40028150.0 ps READ @ DQS MultiPurpose Register 0, col = 7,  data = 1
# tb_soc_ddr3_top.mem_core.data_task: at time 40029483.0 ps READ @ DQS MultiPurpose Register 0, col = 0,  data = 0
# tb_soc_ddr3_top.mem_core.data_task: at time 40030817.0 ps READ @ DQS MultiPurpose Register 0, col = 1,  data = 1
# tb_soc_ddr3_top.mem_core.data_task: at time 40032150.0 ps READ @ DQS MultiPurpose Register 0, col = 2,  data = 0
# tb_soc_ddr3_top.mem_core.data_task: at time 40033483.0 ps READ @ DQS MultiPurpose Register 0, col = 3,  data = 1
# tb_soc_ddr3_top.mem_core.data_task: at time 40034817.0 ps READ @ DQS MultiPurpose Register 0, col = 4,  data = 0
# tb_soc_ddr3_top.mem_core.data_task: at time 40036150.0 ps READ @ DQS MultiPurpose Register 0, col = 5,  data = 1
# tb_soc_ddr3_top.mem_core.cmd_task: at time 40036150.0 ps INFO: Read      bank 0 col 008, auto precharge 0
# tb_soc_ddr3_top.mem_core.data_task: at time 40037483.0 ps READ @ DQS MultiPurpose Register 0, col = 6,  data = 0
# tb_soc_ddr3_top.mem_core.data_task: at time 40038817.0 ps READ @ DQS MultiPurpose Register 0, col = 7,  data = 1
# tb_soc_ddr3_top.mem_core.data_task: at time 40040150.0 ps READ @ DQS MultiPurpose Register 0, col = 0,  data = 0
# tb_soc_ddr3_top.mem_core.data_task: at time 40041483.0 ps READ @ DQS MultiPurpose Register 0, col = 1,  data = 1
# tb_soc_ddr3_top.mem_core.data_task: at time 40042817.0 ps READ @ DQS MultiPurpose Register 0, col = 2,  data = 0
# tb_soc_ddr3_top.mem_core.data_task: at time 40044150.0 ps READ @ DQS MultiPurpose Register 0, col = 3,  data = 1
# tb_soc_ddr3_top.mem_core.data_task: at time 40045483.0 ps READ @ DQS MultiPurpose Register 0, col = 4,  data = 0
# tb_soc_ddr3_top.mem_core.data_task: at time 40046817.0 ps READ @ DQS MultiPurpose Register 0, col = 5,  data = 1
# tb_soc_ddr3_top.mem_core.cmd_task: at time 40046817.0 ps INFO: Read      bank 0 col 008, auto precharge 0
# tb_soc_ddr3_top.mem_core.data_task: at time 40048150.0 ps READ @ DQS MultiPurpose Register 0, col = 6,  data = 0
# tb_soc_ddr3_top.mem_core.data_task: at time 40049483.0 ps READ @ DQS MultiPurpose Register 0, col = 7,  data = 1
# tb_soc_ddr3_top.mem_core.data_task: at time 40050817.0 ps READ @ DQS MultiPurpose Register 0, col = 0,  data = 0
# tb_soc_ddr3_top.mem_core.data_task: at time 40052150.0 ps READ @ DQS MultiPurpose Register 0, col = 1,  data = 1
# tb_soc_ddr3_top.mem_core.data_task: at time 40053483.0 ps READ @ DQS MultiPurpose Register 0, col = 2,  data = 0
# tb_soc_ddr3_top.mem_core.data_task: at time 40054817.0 ps READ @ DQS MultiPurpose Register 0, col = 3,  data = 1
# tb_soc_ddr3_top.mem_core.data_task: at time 40056150.0 ps READ @ DQS MultiPurpose Register 0, col = 4,  data = 0
# tb_soc_ddr3_top.mem_core.data_task: at time 40057483.0 ps READ @ DQS MultiPurpose Register 0, col = 5,  data = 1
# tb_soc_ddr3_top.mem_core.cmd_task: at time 40057483.0 ps INFO: Read      bank 0 col 008, auto precharge 0
# tb_soc_ddr3_top.mem_core.data_task: at time 40058817.0 ps READ @ DQS MultiPurpose Register 0, col = 6,  data = 0
# tb_soc_ddr3_top.mem_core.data_task: at time 40060150.0 ps READ @ DQS MultiPurpose Register 0, col = 7,  data = 1
# tb_soc_ddr3_top.mem_core.data_task: at time 40061483.0 ps READ @ DQS MultiPurpose Register 0, col = 0,  data = 0
# tb_soc_ddr3_top.mem_core.data_task: at time 40062817.0 ps READ @ DQS MultiPurpose Register 0, col = 1,  data = 1
# tb_soc_ddr3_top.mem_core.data_task: at time 40064150.0 ps READ @ DQS MultiPurpose Register 0, col = 2,  data = 0
# tb_soc_ddr3_top.mem_core.data_task: at time 40065483.0 ps READ @ DQS MultiPurpose Register 0, col = 3,  data = 1
# tb_soc_ddr3_top.mem_core.data_task: at time 40066817.0 ps READ @ DQS MultiPurpose Register 0, col = 4,  data = 0
# tb_soc_ddr3_top.mem_core.data_task: at time 40068150.0 ps READ @ DQS MultiPurpose Register 0, col = 5,  data = 1
# tb_soc_ddr3_top.mem_core.cmd_task: at time 40068150.0 ps INFO: Read      bank 0 col 008, auto precharge 0
# tb_soc_ddr3_top.mem_core.data_task: at time 40069483.0 ps READ @ DQS MultiPurpose Register 0, col = 6,  data = 0
# tb_soc_ddr3_top.mem_core.data_task: at time 40070817.0 ps READ @ DQS MultiPurpose Register 0, col = 7,  data = 1
# tb_soc_ddr3_top.mem_core.data_task: at time 40072150.0 ps READ @ DQS MultiPurpose Register 0, col = 0,  data = 0
# tb_soc_ddr3_top.mem_core.data_task: at time 40073483.0 ps READ @ DQS MultiPurpose Register 0, col = 1,  data = 1
# tb_soc_ddr3_top.mem_core.data_task: at time 40074817.0 ps READ @ DQS MultiPurpose Register 0, col = 2,  data = 0
# tb_soc_ddr3_top.mem_core.data_task: at time 40076150.0 ps READ @ DQS MultiPurpose Register 0, col = 3,  data = 1
# tb_soc_ddr3_top.mem_core.data_task: at time 40077483.0 ps READ @ DQS MultiPurpose Register 0, col = 4,  data = 0
# tb_soc_ddr3_top.mem_core.data_task: at time 40078817.0 ps READ @ DQS MultiPurpose Register 0, col = 5,  data = 1
# tb_soc_ddr3_top.mem_core.cmd_task: at time 40078817.0 ps INFO: Read      bank 0 col 008, auto precharge 0
# tb_soc_ddr3_top.mem_core.data_task: at time 40080150.0 ps READ @ DQS MultiPurpose Register 0, col = 6,  data = 0
# tb_soc_ddr3_top.mem_core.data_task: at time 40081483.0 ps READ @ DQS MultiPurpose Register 0, col = 7,  data = 1
# tb_soc_ddr3_top.mem_core.data_task: at time 40082817.0 ps READ @ DQS MultiPurpose Register 0, col = 0,  data = 0
# tb_soc_ddr3_top.mem_core.data_task: at time 40084150.0 ps READ @ DQS MultiPurpose Register 0, col = 1,  data = 1
# tb_soc_ddr3_top.mem_core.data_task: at time 40085483.0 ps READ @ DQS MultiPurpose Register 0, col = 2,  data = 0
# tb_soc_ddr3_top.mem_core.data_task: at time 40086817.0 ps READ @ DQS MultiPurpose Register 0, col = 3,  data = 1
# tb_soc_ddr3_top.mem_core.data_task: at time 40088150.0 ps READ @ DQS MultiPurpose Register 0, col = 4,  data = 0
# tb_soc_ddr3_top.mem_core.data_task: at time 40089483.0 ps READ @ DQS MultiPurpose Register 0, col = 5,  data = 1
# tb_soc_ddr3_top.mem_core.data_task: at time 40090817.0 ps READ @ DQS MultiPurpose Register 0, col = 6,  data = 0
# tb_soc_ddr3_top.mem_core.data_task: at time 40092150.0 ps READ @ DQS MultiPurpose Register 0, col = 7,  data = 1
# tb_soc_ddr3_top.mem_core.data_task: at time 40093483.0 ps READ @ DQS MultiPurpose Register 0, col = 0,  data = 0
# tb_soc_ddr3_top.mem_core.data_task: at time 40094817.0 ps READ @ DQS MultiPurpose Register 0, col = 1,  data = 1
# tb_soc_ddr3_top.mem_core.data_task: at time 40096150.0 ps READ @ DQS MultiPurpose Register 0, col = 2,  data = 0
# tb_soc_ddr3_top.mem_core.data_task: at time 40097483.0 ps READ @ DQS MultiPurpose Register 0, col = 3,  data = 1
# tb_soc_ddr3_top.mem_core.data_task: at time 40098817.0 ps READ @ DQS MultiPurpose Register 0, col = 4,  data = 0
# tb_soc_ddr3_top.mem_core.data_task: at time 40100150.0 ps READ @ DQS MultiPurpose Register 0, col = 5,  data = 1
# tb_soc_ddr3_top.mem_core.data_task: at time 40101483.0 ps READ @ DQS MultiPurpose Register 0, col = 6,  data = 0
# tb_soc_ddr3_top.mem_core.data_task: at time 40102817.0 ps READ @ DQS MultiPurpose Register 0, col = 7,  data = 1
# tb_soc_ddr3_top.mem_core.data_task: at time 40104150.0 ps READ @ DQS MultiPurpose Register 0, col = 0,  data = 0
# tb_soc_ddr3_top.mem_core.data_task: at time 40105483.0 ps READ @ DQS MultiPurpose Register 0, col = 1,  data = 1
# tb_soc_ddr3_top.mem_core.data_task: at time 40106817.0 ps READ @ DQS MultiPurpose Register 0, col = 2,  data = 0
# tb_soc_ddr3_top.mem_core.data_task: at time 40108150.0 ps READ @ DQS MultiPurpose Register 0, col = 3,  data = 1
# tb_soc_ddr3_top.mem_core.data_task: at time 40109483.0 ps READ @ DQS MultiPurpose Register 0, col = 4,  data = 0
# tb_soc_ddr3_top.mem_core.data_task: at time 40110817.0 ps READ @ DQS MultiPurpose Register 0, col = 5,  data = 1
# tb_soc_ddr3_top.mem_core.data_task: at time 40112150.0 ps READ @ DQS MultiPurpose Register 0, col = 6,  data = 0
# tb_soc_ddr3_top.mem_core.data_task: at time 40113483.0 ps READ @ DQS MultiPurpose Register 0, col = 7,  data = 1
# tb_soc_ddr3_top.mem_core.cmd_task: at time 40462817.0 ps INFO: Read      bank 0 col 008, auto precharge 0
# tb_soc_ddr3_top.mem_core.cmd_task: at time 40473483.0 ps INFO: Read      bank 0 col 008, auto precharge 0
# tb_soc_ddr3_top.mem_core.cmd_task: at time 40484150.0 ps INFO: Read      bank 0 col 008, auto precharge 0
# tb_soc_ddr3_top.mem_core.data_task: at time 40488150.0 ps READ @ DQS MultiPurpose Register 0, col = 0,  data = 0
# tb_soc_ddr3_top.mem_core.data_task: at time 40489483.0 ps READ @ DQS MultiPurpose Register 0, col = 1,  data = 1
# tb_soc_ddr3_top.mem_core.data_task: at time 40490817.0 ps READ @ DQS MultiPurpose Register 0, col = 2,  data = 0
# tb_soc_ddr3_top.mem_core.data_task: at time 40492150.0 ps READ @ DQS MultiPurpose Register 0, col = 3,  data = 1
# tb_soc_ddr3_top.mem_core.data_task: at time 40493483.0 ps READ @ DQS MultiPurpose Register 0, col = 4,  data = 0
# tb_soc_ddr3_top.mem_core.data_task: at time 40494817.0 ps READ @ DQS MultiPurpose Register 0, col = 5,  data = 1
# tb_soc_ddr3_top.mem_core.cmd_task: at time 40494817.0 ps INFO: Read      bank 0 col 008, auto precharge 0
# tb_soc_ddr3_top.mem_core.data_task: at time 40496150.0 ps READ @ DQS MultiPurpose Register 0, col = 6,  data = 0
# tb_soc_ddr3_top.mem_core.data_task: at time 40497483.0 ps READ @ DQS MultiPurpose Register 0, col = 7,  data = 1
# tb_soc_ddr3_top.mem_core.data_task: at time 40498817.0 ps READ @ DQS MultiPurpose Register 0, col = 0,  data = 0
# tb_soc_ddr3_top.mem_core.data_task: at time 40500150.0 ps READ @ DQS MultiPurpose Register 0, col = 1,  data = 1
# tb_soc_ddr3_top.mem_core.data_task: at time 40501483.0 ps READ @ DQS MultiPurpose Register 0, col = 2,  data = 0
# tb_soc_ddr3_top.mem_core.data_task: at time 40502817.0 ps READ @ DQS MultiPurpose Register 0, col = 3,  data = 1
# tb_soc_ddr3_top.mem_core.data_task: at time 40504150.0 ps READ @ DQS MultiPurpose Register 0, col = 4,  data = 0
# tb_soc_ddr3_top.mem_core.data_task: at time 40505483.0 ps READ @ DQS MultiPurpose Register 0, col = 5,  data = 1
# tb_soc_ddr3_top.mem_core.cmd_task: at time 40505483.0 ps INFO: Read      bank 0 col 008, auto precharge 0
# tb_soc_ddr3_top.mem_core.data_task: at time 40506817.0 ps READ @ DQS MultiPurpose Register 0, col = 6,  data = 0
# tb_soc_ddr3_top.mem_core.data_task: at time 40508150.0 ps READ @ DQS MultiPurpose Register 0, col = 7,  data = 1
# tb_soc_ddr3_top.mem_core.data_task: at time 40509483.0 ps READ @ DQS MultiPurpose Register 0, col = 0,  data = 0
# tb_soc_ddr3_top.mem_core.data_task: at time 40510817.0 ps READ @ DQS MultiPurpose Register 0, col = 1,  data = 1
# tb_soc_ddr3_top.mem_core.data_task: at time 40512150.0 ps READ @ DQS MultiPurpose Register 0, col = 2,  data = 0
# tb_soc_ddr3_top.mem_core.data_task: at time 40513483.0 ps READ @ DQS MultiPurpose Register 0, col = 3,  data = 1
# tb_soc_ddr3_top.mem_core.data_task: at time 40514817.0 ps READ @ DQS MultiPurpose Register 0, col = 4,  data = 0
# tb_soc_ddr3_top.mem_core.data_task: at time 40516150.0 ps READ @ DQS MultiPurpose Register 0, col = 5,  data = 1
# tb_soc_ddr3_top.mem_core.cmd_task: at time 40516150.0 ps INFO: Read      bank 0 col 008, auto precharge 0
# tb_soc_ddr3_top.mem_core.data_task: at time 40517483.0 ps READ @ DQS MultiPurpose Register 0, col = 6,  data = 0
# tb_soc_ddr3_top.mem_core.data_task: at time 40518817.0 ps READ @ DQS MultiPurpose Register 0, col = 7,  data = 1
# tb_soc_ddr3_top.mem_core.data_task: at time 40520150.0 ps READ @ DQS MultiPurpose Register 0, col = 0,  data = 0
# tb_soc_ddr3_top.mem_core.data_task: at time 40521483.0 ps READ @ DQS MultiPurpose Register 0, col = 1,  data = 1
# tb_soc_ddr3_top.mem_core.data_task: at time 40522817.0 ps READ @ DQS MultiPurpose Register 0, col = 2,  data = 0
# tb_soc_ddr3_top.mem_core.data_task: at time 40524150.0 ps READ @ DQS MultiPurpose Register 0, col = 3,  data = 1
# tb_soc_ddr3_top.mem_core.data_task: at time 40525483.0 ps READ @ DQS MultiPurpose Register 0, col = 4,  data = 0
# tb_soc_ddr3_top.mem_core.data_task: at time 40526817.0 ps READ @ DQS MultiPurpose Register 0, col = 5,  data = 1
# tb_soc_ddr3_top.mem_core.cmd_task: at time 40526817.0 ps INFO: Read      bank 0 col 008, auto precharge 0
# tb_soc_ddr3_top.mem_core.data_task: at time 40528150.0 ps READ @ DQS MultiPurpose Register 0, col = 6,  data = 0
# tb_soc_ddr3_top.mem_core.data_task: at time 40529483.0 ps READ @ DQS MultiPurpose Register 0, col = 7,  data = 1
# tb_soc_ddr3_top.mem_core.data_task: at time 40530817.0 ps READ @ DQS MultiPurpose Register 0, col = 0,  data = 0
# tb_soc_ddr3_top.mem_core.data_task: at time 40532150.0 ps READ @ DQS MultiPurpose Register 0, col = 1,  data = 1
# tb_soc_ddr3_top.mem_core.data_task: at time 40533483.0 ps READ @ DQS MultiPurpose Register 0, col = 2,  data = 0
# tb_soc_ddr3_top.mem_core.data_task: at time 40534817.0 ps READ @ DQS MultiPurpose Register 0, col = 3,  data = 1
# tb_soc_ddr3_top.mem_core.data_task: at time 40536150.0 ps READ @ DQS MultiPurpose Register 0, col = 4,  data = 0
# tb_soc_ddr3_top.mem_core.data_task: at time 40537483.0 ps READ @ DQS MultiPurpose Register 0, col = 5,  data = 1
# tb_soc_ddr3_top.mem_core.cmd_task: at time 40537483.0 ps INFO: Read      bank 0 col 008, auto precharge 0
# tb_soc_ddr3_top.mem_core.data_task: at time 40538817.0 ps READ @ DQS MultiPurpose Register 0, col = 6,  data = 0
# tb_soc_ddr3_top.mem_core.data_task: at time 40540150.0 ps READ @ DQS MultiPurpose Register 0, col = 7,  data = 1
# tb_soc_ddr3_top.mem_core.data_task: at time 40541483.0 ps READ @ DQS MultiPurpose Register 0, col = 0,  data = 0
# tb_soc_ddr3_top.mem_core.data_task: at time 40542817.0 ps READ @ DQS MultiPurpose Register 0, col = 1,  data = 1
# tb_soc_ddr3_top.mem_core.data_task: at time 40544150.0 ps READ @ DQS MultiPurpose Register 0, col = 2,  data = 0
# tb_soc_ddr3_top.mem_core.data_task: at time 40545483.0 ps READ @ DQS MultiPurpose Register 0, col = 3,  data = 1
# tb_soc_ddr3_top.mem_core.data_task: at time 40546817.0 ps READ @ DQS MultiPurpose Register 0, col = 4,  data = 0
# tb_soc_ddr3_top.mem_core.data_task: at time 40548150.0 ps READ @ DQS MultiPurpose Register 0, col = 5,  data = 1
# tb_soc_ddr3_top.mem_core.cmd_task: at time 40548150.0 ps INFO: Read      bank 0 col 008, auto precharge 0
# tb_soc_ddr3_top.mem_core.data_task: at time 40549483.0 ps READ @ DQS MultiPurpose Register 0, col = 6,  data = 0
# tb_soc_ddr3_top.mem_core.data_task: at time 40550817.0 ps READ @ DQS MultiPurpose Register 0, col = 7,  data = 1
# tb_soc_ddr3_top.mem_core.data_task: at time 40552150.0 ps READ @ DQS MultiPurpose Register 0, col = 0,  data = 0
# tb_soc_ddr3_top.mem_core.data_task: at time 40553483.0 ps READ @ DQS MultiPurpose Register 0, col = 1,  data = 1
# tb_soc_ddr3_top.mem_core.data_task: at time 40554817.0 ps READ @ DQS MultiPurpose Register 0, col = 2,  data = 0
# tb_soc_ddr3_top.mem_core.data_task: at time 40556150.0 ps READ @ DQS MultiPurpose Register 0, col = 3,  data = 1
# tb_soc_ddr3_top.mem_core.data_task: at time 40557483.0 ps READ @ DQS MultiPurpose Register 0, col = 4,  data = 0
# tb_soc_ddr3_top.mem_core.data_task: at time 40558817.0 ps READ @ DQS MultiPurpose Register 0, col = 5,  data = 1
# tb_soc_ddr3_top.mem_core.cmd_task: at time 40558817.0 ps INFO: Read      bank 0 col 008, auto precharge 0
# tb_soc_ddr3_top.mem_core.data_task: at time 40560150.0 ps READ @ DQS MultiPurpose Register 0, col = 6,  data = 0
# tb_soc_ddr3_top.mem_core.data_task: at time 40561483.0 ps READ @ DQS MultiPurpose Register 0, col = 7,  data = 1
# tb_soc_ddr3_top.mem_core.data_task: at time 40562817.0 ps READ @ DQS MultiPurpose Register 0, col = 0,  data = 0
# tb_soc_ddr3_top.mem_core.data_task: at time 40564150.0 ps READ @ DQS MultiPurpose Register 0, col = 1,  data = 1
# tb_soc_ddr3_top.mem_core.data_task: at time 40565483.0 ps READ @ DQS MultiPurpose Register 0, col = 2,  data = 0
# tb_soc_ddr3_top.mem_core.data_task: at time 40566817.0 ps READ @ DQS MultiPurpose Register 0, col = 3,  data = 1
# tb_soc_ddr3_top.mem_core.data_task: at time 40568150.0 ps READ @ DQS MultiPurpose Register 0, col = 4,  data = 0
# tb_soc_ddr3_top.mem_core.data_task: at time 40569483.0 ps READ @ DQS MultiPurpose Register 0, col = 5,  data = 1
# tb_soc_ddr3_top.mem_core.data_task: at time 40570817.0 ps READ @ DQS MultiPurpose Register 0, col = 6,  data = 0
# tb_soc_ddr3_top.mem_core.data_task: at time 40572150.0 ps READ @ DQS MultiPurpose Register 0, col = 7,  data = 1
# tb_soc_ddr3_top.mem_core.data_task: at time 40573483.0 ps READ @ DQS MultiPurpose Register 0, col = 0,  data = 0
# tb_soc_ddr3_top.mem_core.data_task: at time 40574817.0 ps READ @ DQS MultiPurpose Register 0, col = 1,  data = 1
# tb_soc_ddr3_top.mem_core.data_task: at time 40576150.0 ps READ @ DQS MultiPurpose Register 0, col = 2,  data = 0
# tb_soc_ddr3_top.mem_core.data_task: at time 40577483.0 ps READ @ DQS MultiPurpose Register 0, col = 3,  data = 1
# tb_soc_ddr3_top.mem_core.data_task: at time 40578817.0 ps READ @ DQS MultiPurpose Register 0, col = 4,  data = 0
# tb_soc_ddr3_top.mem_core.data_task: at time 40580150.0 ps READ @ DQS MultiPurpose Register 0, col = 5,  data = 1
# tb_soc_ddr3_top.mem_core.data_task: at time 40581483.0 ps READ @ DQS MultiPurpose Register 0, col = 6,  data = 0
# tb_soc_ddr3_top.mem_core.data_task: at time 40582817.0 ps READ @ DQS MultiPurpose Register 0, col = 7,  data = 1
# tb_soc_ddr3_top.mem_core.data_task: at time 40584150.0 ps READ @ DQS MultiPurpose Register 0, col = 0,  data = 0
# tb_soc_ddr3_top.mem_core.data_task: at time 40585483.0 ps READ @ DQS MultiPurpose Register 0, col = 1,  data = 1
# tb_soc_ddr3_top.mem_core.data_task: at time 40586817.0 ps READ @ DQS MultiPurpose Register 0, col = 2,  data = 0
# tb_soc_ddr3_top.mem_core.data_task: at time 40588150.0 ps READ @ DQS MultiPurpose Register 0, col = 3,  data = 1
# tb_soc_ddr3_top.mem_core.data_task: at time 40589483.0 ps READ @ DQS MultiPurpose Register 0, col = 4,  data = 0
# tb_soc_ddr3_top.mem_core.data_task: at time 40590817.0 ps READ @ DQS MultiPurpose Register 0, col = 5,  data = 1
# tb_soc_ddr3_top.mem_core.data_task: at time 40592150.0 ps READ @ DQS MultiPurpose Register 0, col = 6,  data = 0
# tb_soc_ddr3_top.mem_core.data_task: at time 40593483.0 ps READ @ DQS MultiPurpose Register 0, col = 7,  data = 1
# tb_soc_ddr3_top.mem_core.cmd_task: at time 40942817.0 ps INFO: Read      bank 0 col 008, auto precharge 0
# tb_soc_ddr3_top.mem_core.cmd_task: at time 40953483.0 ps INFO: Read      bank 0 col 008, auto precharge 0
# tb_soc_ddr3_top.mem_core.cmd_task: at time 40964150.0 ps INFO: Read      bank 0 col 008, auto precharge 0
# tb_soc_ddr3_top.mem_core.data_task: at time 40968150.0 ps READ @ DQS MultiPurpose Register 0, col = 0,  data = 0
# tb_soc_ddr3_top.mem_core.data_task: at time 40969483.0 ps READ @ DQS MultiPurpose Register 0, col = 1,  data = 1
# tb_soc_ddr3_top.mem_core.data_task: at time 40970817.0 ps READ @ DQS MultiPurpose Register 0, col = 2,  data = 0
# tb_soc_ddr3_top.mem_core.data_task: at time 40972150.0 ps READ @ DQS MultiPurpose Register 0, col = 3,  data = 1
# tb_soc_ddr3_top.mem_core.data_task: at time 40973483.0 ps READ @ DQS MultiPurpose Register 0, col = 4,  data = 0
# tb_soc_ddr3_top.mem_core.data_task: at time 40974817.0 ps READ @ DQS MultiPurpose Register 0, col = 5,  data = 1
# tb_soc_ddr3_top.mem_core.cmd_task: at time 40974817.0 ps INFO: Read      bank 0 col 008, auto precharge 0
# tb_soc_ddr3_top.mem_core.data_task: at time 40976150.0 ps READ @ DQS MultiPurpose Register 0, col = 6,  data = 0
# tb_soc_ddr3_top.mem_core.data_task: at time 40977483.0 ps READ @ DQS MultiPurpose Register 0, col = 7,  data = 1
# tb_soc_ddr3_top.mem_core.data_task: at time 40978817.0 ps READ @ DQS MultiPurpose Register 0, col = 0,  data = 0
# tb_soc_ddr3_top.mem_core.data_task: at time 40980150.0 ps READ @ DQS MultiPurpose Register 0, col = 1,  data = 1
# tb_soc_ddr3_top.mem_core.data_task: at time 40981483.0 ps READ @ DQS MultiPurpose Register 0, col = 2,  data = 0
# tb_soc_ddr3_top.mem_core.data_task: at time 40982817.0 ps READ @ DQS MultiPurpose Register 0, col = 3,  data = 1
# tb_soc_ddr3_top.mem_core.data_task: at time 40984150.0 ps READ @ DQS MultiPurpose Register 0, col = 4,  data = 0
# tb_soc_ddr3_top.mem_core.data_task: at time 40985483.0 ps READ @ DQS MultiPurpose Register 0, col = 5,  data = 1
# tb_soc_ddr3_top.mem_core.cmd_task: at time 40985483.0 ps INFO: Read      bank 0 col 008, auto precharge 0
# tb_soc_ddr3_top.mem_core.data_task: at time 40986817.0 ps READ @ DQS MultiPurpose Register 0, col = 6,  data = 0
# tb_soc_ddr3_top.mem_core.data_task: at time 40988150.0 ps READ @ DQS MultiPurpose Register 0, col = 7,  data = 1
# tb_soc_ddr3_top.mem_core.data_task: at time 40989483.0 ps READ @ DQS MultiPurpose Register 0, col = 0,  data = 0
# tb_soc_ddr3_top.mem_core.data_task: at time 40990817.0 ps READ @ DQS MultiPurpose Register 0, col = 1,  data = 1
# tb_soc_ddr3_top.mem_core.data_task: at time 40992150.0 ps READ @ DQS MultiPurpose Register 0, col = 2,  data = 0
# tb_soc_ddr3_top.mem_core.data_task: at time 40993483.0 ps READ @ DQS MultiPurpose Register 0, col = 3,  data = 1
# tb_soc_ddr3_top.mem_core.data_task: at time 40994817.0 ps READ @ DQS MultiPurpose Register 0, col = 4,  data = 0
# tb_soc_ddr3_top.mem_core.data_task: at time 40996150.0 ps READ @ DQS MultiPurpose Register 0, col = 5,  data = 1
# tb_soc_ddr3_top.mem_core.cmd_task: at time 40996150.0 ps INFO: Read      bank 0 col 008, auto precharge 0
# tb_soc_ddr3_top.mem_core.data_task: at time 40997483.0 ps READ @ DQS MultiPurpose Register 0, col = 6,  data = 0
# tb_soc_ddr3_top.mem_core.data_task: at time 40998817.0 ps READ @ DQS MultiPurpose Register 0, col = 7,  data = 1
# tb_soc_ddr3_top.mem_core.data_task: at time 41000150.0 ps READ @ DQS MultiPurpose Register 0, col = 0,  data = 0
# tb_soc_ddr3_top.mem_core.data_task: at time 41001483.0 ps READ @ DQS MultiPurpose Register 0, col = 1,  data = 1
# tb_soc_ddr3_top.mem_core.data_task: at time 41002817.0 ps READ @ DQS MultiPurpose Register 0, col = 2,  data = 0
# tb_soc_ddr3_top.mem_core.data_task: at time 41004150.0 ps READ @ DQS MultiPurpose Register 0, col = 3,  data = 1
# tb_soc_ddr3_top.mem_core.data_task: at time 41005483.0 ps READ @ DQS MultiPurpose Register 0, col = 4,  data = 0
# tb_soc_ddr3_top.mem_core.data_task: at time 41006817.0 ps READ @ DQS MultiPurpose Register 0, col = 5,  data = 1
# tb_soc_ddr3_top.mem_core.cmd_task: at time 41006817.0 ps INFO: Read      bank 0 col 008, auto precharge 0
# tb_soc_ddr3_top.mem_core.data_task: at time 41008150.0 ps READ @ DQS MultiPurpose Register 0, col = 6,  data = 0
# tb_soc_ddr3_top.mem_core.data_task: at time 41009483.0 ps READ @ DQS MultiPurpose Register 0, col = 7,  data = 1
# tb_soc_ddr3_top.mem_core.data_task: at time 41010817.0 ps READ @ DQS MultiPurpose Register 0, col = 0,  data = 0
# tb_soc_ddr3_top.mem_core.data_task: at time 41012150.0 ps READ @ DQS MultiPurpose Register 0, col = 1,  data = 1
# tb_soc_ddr3_top.mem_core.data_task: at time 41013483.0 ps READ @ DQS MultiPurpose Register 0, col = 2,  data = 0
# tb_soc_ddr3_top.mem_core.data_task: at time 41014817.0 ps READ @ DQS MultiPurpose Register 0, col = 3,  data = 1
# tb_soc_ddr3_top.mem_core.data_task: at time 41016150.0 ps READ @ DQS MultiPurpose Register 0, col = 4,  data = 0
# tb_soc_ddr3_top.mem_core.data_task: at time 41017483.0 ps READ @ DQS MultiPurpose Register 0, col = 5,  data = 1
# tb_soc_ddr3_top.mem_core.cmd_task: at time 41017483.0 ps INFO: Read      bank 0 col 008, auto precharge 0
# tb_soc_ddr3_top.mem_core.data_task: at time 41018817.0 ps READ @ DQS MultiPurpose Register 0, col = 6,  data = 0
# tb_soc_ddr3_top.mem_core.data_task: at time 41020150.0 ps READ @ DQS MultiPurpose Register 0, col = 7,  data = 1
# tb_soc_ddr3_top.mem_core.data_task: at time 41021483.0 ps READ @ DQS MultiPurpose Register 0, col = 0,  data = 0
# tb_soc_ddr3_top.mem_core.data_task: at time 41022817.0 ps READ @ DQS MultiPurpose Register 0, col = 1,  data = 1
# tb_soc_ddr3_top.mem_core.data_task: at time 41024150.0 ps READ @ DQS MultiPurpose Register 0, col = 2,  data = 0
# tb_soc_ddr3_top.mem_core.data_task: at time 41025483.0 ps READ @ DQS MultiPurpose Register 0, col = 3,  data = 1
# tb_soc_ddr3_top.mem_core.data_task: at time 41026817.0 ps READ @ DQS MultiPurpose Register 0, col = 4,  data = 0
# tb_soc_ddr3_top.mem_core.data_task: at time 41028150.0 ps READ @ DQS MultiPurpose Register 0, col = 5,  data = 1
# tb_soc_ddr3_top.mem_core.cmd_task: at time 41028150.0 ps INFO: Read      bank 0 col 008, auto precharge 0
# tb_soc_ddr3_top.mem_core.data_task: at time 41029483.0 ps READ @ DQS MultiPurpose Register 0, col = 6,  data = 0
# tb_soc_ddr3_top.mem_core.data_task: at time 41030817.0 ps READ @ DQS MultiPurpose Register 0, col = 7,  data = 1
# tb_soc_ddr3_top.mem_core.data_task: at time 41032150.0 ps READ @ DQS MultiPurpose Register 0, col = 0,  data = 0
# tb_soc_ddr3_top.mem_core.data_task: at time 41033483.0 ps READ @ DQS MultiPurpose Register 0, col = 1,  data = 1
# tb_soc_ddr3_top.mem_core.data_task: at time 41034817.0 ps READ @ DQS MultiPurpose Register 0, col = 2,  data = 0
# tb_soc_ddr3_top.mem_core.data_task: at time 41036150.0 ps READ @ DQS MultiPurpose Register 0, col = 3,  data = 1
# tb_soc_ddr3_top.mem_core.data_task: at time 41037483.0 ps READ @ DQS MultiPurpose Register 0, col = 4,  data = 0
# tb_soc_ddr3_top.mem_core.data_task: at time 41038817.0 ps READ @ DQS MultiPurpose Register 0, col = 5,  data = 1
# tb_soc_ddr3_top.mem_core.cmd_task: at time 41038817.0 ps INFO: Read      bank 0 col 008, auto precharge 0
# tb_soc_ddr3_top.mem_core.data_task: at time 41040150.0 ps READ @ DQS MultiPurpose Register 0, col = 6,  data = 0
# tb_soc_ddr3_top.mem_core.data_task: at time 41041483.0 ps READ @ DQS MultiPurpose Register 0, col = 7,  data = 1
# tb_soc_ddr3_top.mem_core.data_task: at time 41042817.0 ps READ @ DQS MultiPurpose Register 0, col = 0,  data = 0
# tb_soc_ddr3_top.mem_core.data_task: at time 41044150.0 ps READ @ DQS MultiPurpose Register 0, col = 1,  data = 1
# tb_soc_ddr3_top.mem_core.data_task: at time 41045483.0 ps READ @ DQS MultiPurpose Register 0, col = 2,  data = 0
# tb_soc_ddr3_top.mem_core.data_task: at time 41046817.0 ps READ @ DQS MultiPurpose Register 0, col = 3,  data = 1
# tb_soc_ddr3_top.mem_core.data_task: at time 41048150.0 ps READ @ DQS MultiPurpose Register 0, col = 4,  data = 0
# tb_soc_ddr3_top.mem_core.data_task: at time 41049483.0 ps READ @ DQS MultiPurpose Register 0, col = 5,  data = 1
# tb_soc_ddr3_top.mem_core.data_task: at time 41050817.0 ps READ @ DQS MultiPurpose Register 0, col = 6,  data = 0
# tb_soc_ddr3_top.mem_core.data_task: at time 41052150.0 ps READ @ DQS MultiPurpose Register 0, col = 7,  data = 1
# tb_soc_ddr3_top.mem_core.data_task: at time 41053483.0 ps READ @ DQS MultiPurpose Register 0, col = 0,  data = 0
# tb_soc_ddr3_top.mem_core.data_task: at time 41054817.0 ps READ @ DQS MultiPurpose Register 0, col = 1,  data = 1
# tb_soc_ddr3_top.mem_core.data_task: at time 41056150.0 ps READ @ DQS MultiPurpose Register 0, col = 2,  data = 0
# tb_soc_ddr3_top.mem_core.data_task: at time 41057483.0 ps READ @ DQS MultiPurpose Register 0, col = 3,  data = 1
# tb_soc_ddr3_top.mem_core.data_task: at time 41058817.0 ps READ @ DQS MultiPurpose Register 0, col = 4,  data = 0
# tb_soc_ddr3_top.mem_core.data_task: at time 41060150.0 ps READ @ DQS MultiPurpose Register 0, col = 5,  data = 1
# tb_soc_ddr3_top.mem_core.data_task: at time 41061483.0 ps READ @ DQS MultiPurpose Register 0, col = 6,  data = 0
# tb_soc_ddr3_top.mem_core.data_task: at time 41062817.0 ps READ @ DQS MultiPurpose Register 0, col = 7,  data = 1
# tb_soc_ddr3_top.mem_core.data_task: at time 41064150.0 ps READ @ DQS MultiPurpose Register 0, col = 0,  data = 0
# tb_soc_ddr3_top.mem_core.data_task: at time 41065483.0 ps READ @ DQS MultiPurpose Register 0, col = 1,  data = 1
# tb_soc_ddr3_top.mem_core.data_task: at time 41066817.0 ps READ @ DQS MultiPurpose Register 0, col = 2,  data = 0
# tb_soc_ddr3_top.mem_core.data_task: at time 41068150.0 ps READ @ DQS MultiPurpose Register 0, col = 3,  data = 1
# tb_soc_ddr3_top.mem_core.data_task: at time 41069483.0 ps READ @ DQS MultiPurpose Register 0, col = 4,  data = 0
# tb_soc_ddr3_top.mem_core.data_task: at time 41070817.0 ps READ @ DQS MultiPurpose Register 0, col = 5,  data = 1
# tb_soc_ddr3_top.mem_core.data_task: at time 41072150.0 ps READ @ DQS MultiPurpose Register 0, col = 6,  data = 0
# tb_soc_ddr3_top.mem_core.data_task: at time 41073483.0 ps READ @ DQS MultiPurpose Register 0, col = 7,  data = 1
# tb_soc_ddr3_top.mem_core.cmd_task: at time 41422817.0 ps INFO: Read      bank 0 col 008, auto precharge 0
# tb_soc_ddr3_top.mem_core.cmd_task: at time 41433483.0 ps INFO: Read      bank 0 col 008, auto precharge 0
# tb_soc_ddr3_top.mem_core.cmd_task: at time 41444150.0 ps INFO: Read      bank 0 col 008, auto precharge 0
# tb_soc_ddr3_top.mem_core.data_task: at time 41448150.0 ps READ @ DQS MultiPurpose Register 0, col = 0,  data = 0
# tb_soc_ddr3_top.mem_core.data_task: at time 41449483.0 ps READ @ DQS MultiPurpose Register 0, col = 1,  data = 1
# tb_soc_ddr3_top.mem_core.data_task: at time 41450817.0 ps READ @ DQS MultiPurpose Register 0, col = 2,  data = 0
# tb_soc_ddr3_top.mem_core.data_task: at time 41452150.0 ps READ @ DQS MultiPurpose Register 0, col = 3,  data = 1
# tb_soc_ddr3_top.mem_core.data_task: at time 41453483.0 ps READ @ DQS MultiPurpose Register 0, col = 4,  data = 0
# tb_soc_ddr3_top.mem_core.data_task: at time 41454817.0 ps READ @ DQS MultiPurpose Register 0, col = 5,  data = 1
# tb_soc_ddr3_top.mem_core.cmd_task: at time 41454817.0 ps INFO: Read      bank 0 col 008, auto precharge 0
# tb_soc_ddr3_top.mem_core.data_task: at time 41456150.0 ps READ @ DQS MultiPurpose Register 0, col = 6,  data = 0
# tb_soc_ddr3_top.mem_core.data_task: at time 41457483.0 ps READ @ DQS MultiPurpose Register 0, col = 7,  data = 1
# tb_soc_ddr3_top.mem_core.data_task: at time 41458817.0 ps READ @ DQS MultiPurpose Register 0, col = 0,  data = 0
# tb_soc_ddr3_top.mem_core.data_task: at time 41460150.0 ps READ @ DQS MultiPurpose Register 0, col = 1,  data = 1
# tb_soc_ddr3_top.mem_core.data_task: at time 41461483.0 ps READ @ DQS MultiPurpose Register 0, col = 2,  data = 0
# tb_soc_ddr3_top.mem_core.data_task: at time 41462817.0 ps READ @ DQS MultiPurpose Register 0, col = 3,  data = 1
# tb_soc_ddr3_top.mem_core.data_task: at time 41464150.0 ps READ @ DQS MultiPurpose Register 0, col = 4,  data = 0
# tb_soc_ddr3_top.mem_core.data_task: at time 41465483.0 ps READ @ DQS MultiPurpose Register 0, col = 5,  data = 1
# tb_soc_ddr3_top.mem_core.cmd_task: at time 41465483.0 ps INFO: Read      bank 0 col 008, auto precharge 0
# tb_soc_ddr3_top.mem_core.data_task: at time 41466817.0 ps READ @ DQS MultiPurpose Register 0, col = 6,  data = 0
# tb_soc_ddr3_top.mem_core.data_task: at time 41468150.0 ps READ @ DQS MultiPurpose Register 0, col = 7,  data = 1
# tb_soc_ddr3_top.mem_core.data_task: at time 41469483.0 ps READ @ DQS MultiPurpose Register 0, col = 0,  data = 0
# tb_soc_ddr3_top.mem_core.data_task: at time 41470817.0 ps READ @ DQS MultiPurpose Register 0, col = 1,  data = 1
# tb_soc_ddr3_top.mem_core.data_task: at time 41472150.0 ps READ @ DQS MultiPurpose Register 0, col = 2,  data = 0
# tb_soc_ddr3_top.mem_core.data_task: at time 41473483.0 ps READ @ DQS MultiPurpose Register 0, col = 3,  data = 1
# tb_soc_ddr3_top.mem_core.data_task: at time 41474817.0 ps READ @ DQS MultiPurpose Register 0, col = 4,  data = 0
# tb_soc_ddr3_top.mem_core.data_task: at time 41476150.0 ps READ @ DQS MultiPurpose Register 0, col = 5,  data = 1
# tb_soc_ddr3_top.mem_core.cmd_task: at time 41476150.0 ps INFO: Read      bank 0 col 008, auto precharge 0
# tb_soc_ddr3_top.mem_core.data_task: at time 41477483.0 ps READ @ DQS MultiPurpose Register 0, col = 6,  data = 0
# tb_soc_ddr3_top.mem_core.data_task: at time 41478817.0 ps READ @ DQS MultiPurpose Register 0, col = 7,  data = 1
# tb_soc_ddr3_top.mem_core.data_task: at time 41480150.0 ps READ @ DQS MultiPurpose Register 0, col = 0,  data = 0
# tb_soc_ddr3_top.mem_core.data_task: at time 41481483.0 ps READ @ DQS MultiPurpose Register 0, col = 1,  data = 1
# tb_soc_ddr3_top.mem_core.data_task: at time 41482817.0 ps READ @ DQS MultiPurpose Register 0, col = 2,  data = 0
# tb_soc_ddr3_top.mem_core.data_task: at time 41484150.0 ps READ @ DQS MultiPurpose Register 0, col = 3,  data = 1
# tb_soc_ddr3_top.mem_core.data_task: at time 41485483.0 ps READ @ DQS MultiPurpose Register 0, col = 4,  data = 0
# tb_soc_ddr3_top.mem_core.data_task: at time 41486817.0 ps READ @ DQS MultiPurpose Register 0, col = 5,  data = 1
# tb_soc_ddr3_top.mem_core.cmd_task: at time 41486817.0 ps INFO: Read      bank 0 col 008, auto precharge 0
# tb_soc_ddr3_top.mem_core.data_task: at time 41488150.0 ps READ @ DQS MultiPurpose Register 0, col = 6,  data = 0
# tb_soc_ddr3_top.mem_core.data_task: at time 41489483.0 ps READ @ DQS MultiPurpose Register 0, col = 7,  data = 1
# tb_soc_ddr3_top.mem_core.data_task: at time 41490817.0 ps READ @ DQS MultiPurpose Register 0, col = 0,  data = 0
# tb_soc_ddr3_top.mem_core.data_task: at time 41492150.0 ps READ @ DQS MultiPurpose Register 0, col = 1,  data = 1
# tb_soc_ddr3_top.mem_core.data_task: at time 41493483.0 ps READ @ DQS MultiPurpose Register 0, col = 2,  data = 0
# tb_soc_ddr3_top.mem_core.data_task: at time 41494817.0 ps READ @ DQS MultiPurpose Register 0, col = 3,  data = 1
# tb_soc_ddr3_top.mem_core.data_task: at time 41496150.0 ps READ @ DQS MultiPurpose Register 0, col = 4,  data = 0
# tb_soc_ddr3_top.mem_core.data_task: at time 41497483.0 ps READ @ DQS MultiPurpose Register 0, col = 5,  data = 1
# tb_soc_ddr3_top.mem_core.cmd_task: at time 41497483.0 ps INFO: Read      bank 0 col 008, auto precharge 0
# tb_soc_ddr3_top.mem_core.data_task: at time 41498817.0 ps READ @ DQS MultiPurpose Register 0, col = 6,  data = 0
# tb_soc_ddr3_top.mem_core.data_task: at time 41500150.0 ps READ @ DQS MultiPurpose Register 0, col = 7,  data = 1
# tb_soc_ddr3_top.mem_core.data_task: at time 41501483.0 ps READ @ DQS MultiPurpose Register 0, col = 0,  data = 0
# tb_soc_ddr3_top.mem_core.data_task: at time 41502817.0 ps READ @ DQS MultiPurpose Register 0, col = 1,  data = 1
# tb_soc_ddr3_top.mem_core.data_task: at time 41504150.0 ps READ @ DQS MultiPurpose Register 0, col = 2,  data = 0
# tb_soc_ddr3_top.mem_core.data_task: at time 41505483.0 ps READ @ DQS MultiPurpose Register 0, col = 3,  data = 1
# tb_soc_ddr3_top.mem_core.data_task: at time 41506817.0 ps READ @ DQS MultiPurpose Register 0, col = 4,  data = 0
# tb_soc_ddr3_top.mem_core.data_task: at time 41508150.0 ps READ @ DQS MultiPurpose Register 0, col = 5,  data = 1
# tb_soc_ddr3_top.mem_core.cmd_task: at time 41508150.0 ps INFO: Read      bank 0 col 008, auto precharge 0
# tb_soc_ddr3_top.mem_core.data_task: at time 41509483.0 ps READ @ DQS MultiPurpose Register 0, col = 6,  data = 0
# tb_soc_ddr3_top.mem_core.data_task: at time 41510817.0 ps READ @ DQS MultiPurpose Register 0, col = 7,  data = 1
# tb_soc_ddr3_top.mem_core.data_task: at time 41512150.0 ps READ @ DQS MultiPurpose Register 0, col = 0,  data = 0
# tb_soc_ddr3_top.mem_core.data_task: at time 41513483.0 ps READ @ DQS MultiPurpose Register 0, col = 1,  data = 1
# tb_soc_ddr3_top.mem_core.data_task: at time 41514817.0 ps READ @ DQS MultiPurpose Register 0, col = 2,  data = 0
# tb_soc_ddr3_top.mem_core.data_task: at time 41516150.0 ps READ @ DQS MultiPurpose Register 0, col = 3,  data = 1
# tb_soc_ddr3_top.mem_core.data_task: at time 41517483.0 ps READ @ DQS MultiPurpose Register 0, col = 4,  data = 0
# tb_soc_ddr3_top.mem_core.data_task: at time 41518817.0 ps READ @ DQS MultiPurpose Register 0, col = 5,  data = 1
# tb_soc_ddr3_top.mem_core.cmd_task: at time 41518817.0 ps INFO: Read      bank 0 col 008, auto precharge 0
# tb_soc_ddr3_top.mem_core.data_task: at time 41520150.0 ps READ @ DQS MultiPurpose Register 0, col = 6,  data = 0
# tb_soc_ddr3_top.mem_core.data_task: at time 41521483.0 ps READ @ DQS MultiPurpose Register 0, col = 7,  data = 1
# tb_soc_ddr3_top.mem_core.data_task: at time 41522817.0 ps READ @ DQS MultiPurpose Register 0, col = 0,  data = 0
# tb_soc_ddr3_top.mem_core.data_task: at time 41524150.0 ps READ @ DQS MultiPurpose Register 0, col = 1,  data = 1
# tb_soc_ddr3_top.mem_core.data_task: at time 41525483.0 ps READ @ DQS MultiPurpose Register 0, col = 2,  data = 0
# tb_soc_ddr3_top.mem_core.data_task: at time 41526817.0 ps READ @ DQS MultiPurpose Register 0, col = 3,  data = 1
# tb_soc_ddr3_top.mem_core.data_task: at time 41528150.0 ps READ @ DQS MultiPurpose Register 0, col = 4,  data = 0
# tb_soc_ddr3_top.mem_core.data_task: at time 41529483.0 ps READ @ DQS MultiPurpose Register 0, col = 5,  data = 1
# tb_soc_ddr3_top.mem_core.data_task: at time 41530817.0 ps READ @ DQS MultiPurpose Register 0, col = 6,  data = 0
# tb_soc_ddr3_top.mem_core.data_task: at time 41532150.0 ps READ @ DQS MultiPurpose Register 0, col = 7,  data = 1
# tb_soc_ddr3_top.mem_core.data_task: at time 41533483.0 ps READ @ DQS MultiPurpose Register 0, col = 0,  data = 0
# tb_soc_ddr3_top.mem_core.data_task: at time 41534817.0 ps READ @ DQS MultiPurpose Register 0, col = 1,  data = 1
# tb_soc_ddr3_top.mem_core.data_task: at time 41536150.0 ps READ @ DQS MultiPurpose Register 0, col = 2,  data = 0
# tb_soc_ddr3_top.mem_core.data_task: at time 41537483.0 ps READ @ DQS MultiPurpose Register 0, col = 3,  data = 1
# tb_soc_ddr3_top.mem_core.data_task: at time 41538817.0 ps READ @ DQS MultiPurpose Register 0, col = 4,  data = 0
# tb_soc_ddr3_top.mem_core.data_task: at time 41540150.0 ps READ @ DQS MultiPurpose Register 0, col = 5,  data = 1
# tb_soc_ddr3_top.mem_core.data_task: at time 41541483.0 ps READ @ DQS MultiPurpose Register 0, col = 6,  data = 0
# tb_soc_ddr3_top.mem_core.data_task: at time 41542817.0 ps READ @ DQS MultiPurpose Register 0, col = 7,  data = 1
# tb_soc_ddr3_top.mem_core.data_task: at time 41544150.0 ps READ @ DQS MultiPurpose Register 0, col = 0,  data = 0
# tb_soc_ddr3_top.mem_core.data_task: at time 41545483.0 ps READ @ DQS MultiPurpose Register 0, col = 1,  data = 1
# tb_soc_ddr3_top.mem_core.data_task: at time 41546817.0 ps READ @ DQS MultiPurpose Register 0, col = 2,  data = 0
# tb_soc_ddr3_top.mem_core.data_task: at time 41548150.0 ps READ @ DQS MultiPurpose Register 0, col = 3,  data = 1
# tb_soc_ddr3_top.mem_core.data_task: at time 41549483.0 ps READ @ DQS MultiPurpose Register 0, col = 4,  data = 0
# tb_soc_ddr3_top.mem_core.data_task: at time 41550817.0 ps READ @ DQS MultiPurpose Register 0, col = 5,  data = 1
# tb_soc_ddr3_top.mem_core.data_task: at time 41552150.0 ps READ @ DQS MultiPurpose Register 0, col = 6,  data = 0
# tb_soc_ddr3_top.mem_core.data_task: at time 41553483.0 ps READ @ DQS MultiPurpose Register 0, col = 7,  data = 1
# tb_soc_ddr3_top.mem_core.cmd_task: at time 41902817.0 ps INFO: Read      bank 0 col 008, auto precharge 0
# tb_soc_ddr3_top.mem_core.cmd_task: at time 41913483.0 ps INFO: Read      bank 0 col 008, auto precharge 0
# tb_soc_ddr3_top.mem_core.cmd_task: at time 41924150.0 ps INFO: Read      bank 0 col 008, auto precharge 0
# tb_soc_ddr3_top.mem_core.data_task: at time 41928150.0 ps READ @ DQS MultiPurpose Register 0, col = 0,  data = 0
# tb_soc_ddr3_top.mem_core.data_task: at time 41929483.0 ps READ @ DQS MultiPurpose Register 0, col = 1,  data = 1
# tb_soc_ddr3_top.mem_core.data_task: at time 41930817.0 ps READ @ DQS MultiPurpose Register 0, col = 2,  data = 0
# tb_soc_ddr3_top.mem_core.data_task: at time 41932150.0 ps READ @ DQS MultiPurpose Register 0, col = 3,  data = 1
# tb_soc_ddr3_top.mem_core.data_task: at time 41933483.0 ps READ @ DQS MultiPurpose Register 0, col = 4,  data = 0
# tb_soc_ddr3_top.mem_core.data_task: at time 41934817.0 ps READ @ DQS MultiPurpose Register 0, col = 5,  data = 1
# tb_soc_ddr3_top.mem_core.cmd_task: at time 41934817.0 ps INFO: Read      bank 0 col 008, auto precharge 0
# tb_soc_ddr3_top.mem_core.data_task: at time 41936150.0 ps READ @ DQS MultiPurpose Register 0, col = 6,  data = 0
# tb_soc_ddr3_top.mem_core.data_task: at time 41937483.0 ps READ @ DQS MultiPurpose Register 0, col = 7,  data = 1
# tb_soc_ddr3_top.mem_core.data_task: at time 41938817.0 ps READ @ DQS MultiPurpose Register 0, col = 0,  data = 0
# tb_soc_ddr3_top.mem_core.data_task: at time 41940150.0 ps READ @ DQS MultiPurpose Register 0, col = 1,  data = 1
# tb_soc_ddr3_top.mem_core.data_task: at time 41941483.0 ps READ @ DQS MultiPurpose Register 0, col = 2,  data = 0
# tb_soc_ddr3_top.mem_core.data_task: at time 41942817.0 ps READ @ DQS MultiPurpose Register 0, col = 3,  data = 1
# tb_soc_ddr3_top.mem_core.data_task: at time 41944150.0 ps READ @ DQS MultiPurpose Register 0, col = 4,  data = 0
# tb_soc_ddr3_top.mem_core.data_task: at time 41945483.0 ps READ @ DQS MultiPurpose Register 0, col = 5,  data = 1
# tb_soc_ddr3_top.mem_core.cmd_task: at time 41945483.0 ps INFO: Read      bank 0 col 008, auto precharge 0
# tb_soc_ddr3_top.mem_core.data_task: at time 41946817.0 ps READ @ DQS MultiPurpose Register 0, col = 6,  data = 0
# tb_soc_ddr3_top.mem_core.data_task: at time 41948150.0 ps READ @ DQS MultiPurpose Register 0, col = 7,  data = 1
# tb_soc_ddr3_top.mem_core.data_task: at time 41949483.0 ps READ @ DQS MultiPurpose Register 0, col = 0,  data = 0
# tb_soc_ddr3_top.mem_core.data_task: at time 41950817.0 ps READ @ DQS MultiPurpose Register 0, col = 1,  data = 1
# tb_soc_ddr3_top.mem_core.data_task: at time 41952150.0 ps READ @ DQS MultiPurpose Register 0, col = 2,  data = 0
# tb_soc_ddr3_top.mem_core.data_task: at time 41953483.0 ps READ @ DQS MultiPurpose Register 0, col = 3,  data = 1
# tb_soc_ddr3_top.mem_core.data_task: at time 41954817.0 ps READ @ DQS MultiPurpose Register 0, col = 4,  data = 0
# tb_soc_ddr3_top.mem_core.data_task: at time 41956150.0 ps READ @ DQS MultiPurpose Register 0, col = 5,  data = 1
# tb_soc_ddr3_top.mem_core.cmd_task: at time 41956150.0 ps INFO: Read      bank 0 col 008, auto precharge 0
# tb_soc_ddr3_top.mem_core.data_task: at time 41957483.0 ps READ @ DQS MultiPurpose Register 0, col = 6,  data = 0
# tb_soc_ddr3_top.mem_core.data_task: at time 41958817.0 ps READ @ DQS MultiPurpose Register 0, col = 7,  data = 1
# tb_soc_ddr3_top.mem_core.data_task: at time 41960150.0 ps READ @ DQS MultiPurpose Register 0, col = 0,  data = 0
# tb_soc_ddr3_top.mem_core.data_task: at time 41961483.0 ps READ @ DQS MultiPurpose Register 0, col = 1,  data = 1
# tb_soc_ddr3_top.mem_core.data_task: at time 41962817.0 ps READ @ DQS MultiPurpose Register 0, col = 2,  data = 0
# tb_soc_ddr3_top.mem_core.data_task: at time 41964150.0 ps READ @ DQS MultiPurpose Register 0, col = 3,  data = 1
# tb_soc_ddr3_top.mem_core.data_task: at time 41965483.0 ps READ @ DQS MultiPurpose Register 0, col = 4,  data = 0
# tb_soc_ddr3_top.mem_core.data_task: at time 41966817.0 ps READ @ DQS MultiPurpose Register 0, col = 5,  data = 1
# tb_soc_ddr3_top.mem_core.cmd_task: at time 41966817.0 ps INFO: Read      bank 0 col 008, auto precharge 0
# tb_soc_ddr3_top.mem_core.data_task: at time 41968150.0 ps READ @ DQS MultiPurpose Register 0, col = 6,  data = 0
# tb_soc_ddr3_top.mem_core.data_task: at time 41969483.0 ps READ @ DQS MultiPurpose Register 0, col = 7,  data = 1
# tb_soc_ddr3_top.mem_core.data_task: at time 41970817.0 ps READ @ DQS MultiPurpose Register 0, col = 0,  data = 0
# tb_soc_ddr3_top.mem_core.data_task: at time 41972150.0 ps READ @ DQS MultiPurpose Register 0, col = 1,  data = 1
# tb_soc_ddr3_top.mem_core.data_task: at time 41973483.0 ps READ @ DQS MultiPurpose Register 0, col = 2,  data = 0
# tb_soc_ddr3_top.mem_core.data_task: at time 41974817.0 ps READ @ DQS MultiPurpose Register 0, col = 3,  data = 1
# tb_soc_ddr3_top.mem_core.data_task: at time 41976150.0 ps READ @ DQS MultiPurpose Register 0, col = 4,  data = 0
# tb_soc_ddr3_top.mem_core.data_task: at time 41977483.0 ps READ @ DQS MultiPurpose Register 0, col = 5,  data = 1
# tb_soc_ddr3_top.mem_core.cmd_task: at time 41977483.0 ps INFO: Read      bank 0 col 008, auto precharge 0
# tb_soc_ddr3_top.mem_core.data_task: at time 41978817.0 ps READ @ DQS MultiPurpose Register 0, col = 6,  data = 0
# tb_soc_ddr3_top.mem_core.data_task: at time 41980150.0 ps READ @ DQS MultiPurpose Register 0, col = 7,  data = 1
# tb_soc_ddr3_top.mem_core.data_task: at time 41981483.0 ps READ @ DQS MultiPurpose Register 0, col = 0,  data = 0
# tb_soc_ddr3_top.mem_core.data_task: at time 41982817.0 ps READ @ DQS MultiPurpose Register 0, col = 1,  data = 1
# tb_soc_ddr3_top.mem_core.data_task: at time 41984150.0 ps READ @ DQS MultiPurpose Register 0, col = 2,  data = 0
# tb_soc_ddr3_top.mem_core.data_task: at time 41985483.0 ps READ @ DQS MultiPurpose Register 0, col = 3,  data = 1
# tb_soc_ddr3_top.mem_core.data_task: at time 41986817.0 ps READ @ DQS MultiPurpose Register 0, col = 4,  data = 0
# tb_soc_ddr3_top.mem_core.data_task: at time 41988150.0 ps READ @ DQS MultiPurpose Register 0, col = 5,  data = 1
# tb_soc_ddr3_top.mem_core.cmd_task: at time 41988150.0 ps INFO: Read      bank 0 col 008, auto precharge 0
# tb_soc_ddr3_top.mem_core.data_task: at time 41989483.0 ps READ @ DQS MultiPurpose Register 0, col = 6,  data = 0
# tb_soc_ddr3_top.mem_core.data_task: at time 41990817.0 ps READ @ DQS MultiPurpose Register 0, col = 7,  data = 1
# tb_soc_ddr3_top.mem_core.data_task: at time 41992150.0 ps READ @ DQS MultiPurpose Register 0, col = 0,  data = 0
# tb_soc_ddr3_top.mem_core.data_task: at time 41993483.0 ps READ @ DQS MultiPurpose Register 0, col = 1,  data = 1
# tb_soc_ddr3_top.mem_core.data_task: at time 41994817.0 ps READ @ DQS MultiPurpose Register 0, col = 2,  data = 0
# tb_soc_ddr3_top.mem_core.data_task: at time 41996150.0 ps READ @ DQS MultiPurpose Register 0, col = 3,  data = 1
# tb_soc_ddr3_top.mem_core.data_task: at time 41997483.0 ps READ @ DQS MultiPurpose Register 0, col = 4,  data = 0
# tb_soc_ddr3_top.mem_core.data_task: at time 41998817.0 ps READ @ DQS MultiPurpose Register 0, col = 5,  data = 1
# tb_soc_ddr3_top.mem_core.cmd_task: at time 41998817.0 ps INFO: Read      bank 0 col 008, auto precharge 0
# tb_soc_ddr3_top.mem_core.data_task: at time 42000150.0 ps READ @ DQS MultiPurpose Register 0, col = 6,  data = 0
# tb_soc_ddr3_top.mem_core.data_task: at time 42001483.0 ps READ @ DQS MultiPurpose Register 0, col = 7,  data = 1
# tb_soc_ddr3_top.mem_core.data_task: at time 42002817.0 ps READ @ DQS MultiPurpose Register 0, col = 0,  data = 0
# tb_soc_ddr3_top.mem_core.data_task: at time 42004150.0 ps READ @ DQS MultiPurpose Register 0, col = 1,  data = 1
# tb_soc_ddr3_top.mem_core.data_task: at time 42005483.0 ps READ @ DQS MultiPurpose Register 0, col = 2,  data = 0
# tb_soc_ddr3_top.mem_core.data_task: at time 42006817.0 ps READ @ DQS MultiPurpose Register 0, col = 3,  data = 1
# tb_soc_ddr3_top.mem_core.data_task: at time 42008150.0 ps READ @ DQS MultiPurpose Register 0, col = 4,  data = 0
# tb_soc_ddr3_top.mem_core.data_task: at time 42009483.0 ps READ @ DQS MultiPurpose Register 0, col = 5,  data = 1
# tb_soc_ddr3_top.mem_core.data_task: at time 42010817.0 ps READ @ DQS MultiPurpose Register 0, col = 6,  data = 0
# tb_soc_ddr3_top.mem_core.data_task: at time 42012150.0 ps READ @ DQS MultiPurpose Register 0, col = 7,  data = 1
# tb_soc_ddr3_top.mem_core.data_task: at time 42013483.0 ps READ @ DQS MultiPurpose Register 0, col = 0,  data = 0
# tb_soc_ddr3_top.mem_core.data_task: at time 42014817.0 ps READ @ DQS MultiPurpose Register 0, col = 1,  data = 1
# tb_soc_ddr3_top.mem_core.data_task: at time 42016150.0 ps READ @ DQS MultiPurpose Register 0, col = 2,  data = 0
# tb_soc_ddr3_top.mem_core.data_task: at time 42017483.0 ps READ @ DQS MultiPurpose Register 0, col = 3,  data = 1
# tb_soc_ddr3_top.mem_core.data_task: at time 42018817.0 ps READ @ DQS MultiPurpose Register 0, col = 4,  data = 0
# tb_soc_ddr3_top.mem_core.data_task: at time 42020150.0 ps READ @ DQS MultiPurpose Register 0, col = 5,  data = 1
# tb_soc_ddr3_top.mem_core.data_task: at time 42021483.0 ps READ @ DQS MultiPurpose Register 0, col = 6,  data = 0
# tb_soc_ddr3_top.mem_core.data_task: at time 42022817.0 ps READ @ DQS MultiPurpose Register 0, col = 7,  data = 1
# tb_soc_ddr3_top.mem_core.data_task: at time 42024150.0 ps READ @ DQS MultiPurpose Register 0, col = 0,  data = 0
# tb_soc_ddr3_top.mem_core.data_task: at time 42025483.0 ps READ @ DQS MultiPurpose Register 0, col = 1,  data = 1
# tb_soc_ddr3_top.mem_core.data_task: at time 42026817.0 ps READ @ DQS MultiPurpose Register 0, col = 2,  data = 0
# tb_soc_ddr3_top.mem_core.data_task: at time 42028150.0 ps READ @ DQS MultiPurpose Register 0, col = 3,  data = 1
# tb_soc_ddr3_top.mem_core.data_task: at time 42029483.0 ps READ @ DQS MultiPurpose Register 0, col = 4,  data = 0
# tb_soc_ddr3_top.mem_core.data_task: at time 42030817.0 ps READ @ DQS MultiPurpose Register 0, col = 5,  data = 1
# tb_soc_ddr3_top.mem_core.data_task: at time 42032150.0 ps READ @ DQS MultiPurpose Register 0, col = 6,  data = 0
# tb_soc_ddr3_top.mem_core.data_task: at time 42033483.0 ps READ @ DQS MultiPurpose Register 0, col = 7,  data = 1
# tb_soc_ddr3_top.mem_core.cmd_task: at time 42382817.0 ps INFO: Read      bank 0 col 008, auto precharge 0
# tb_soc_ddr3_top.mem_core.cmd_task: at time 42393483.0 ps INFO: Read      bank 0 col 008, auto precharge 0
# tb_soc_ddr3_top.mem_core.cmd_task: at time 42404150.0 ps INFO: Read      bank 0 col 008, auto precharge 0
# tb_soc_ddr3_top.mem_core.data_task: at time 42408150.0 ps READ @ DQS MultiPurpose Register 0, col = 0,  data = 0
# tb_soc_ddr3_top.mem_core.data_task: at time 42409483.0 ps READ @ DQS MultiPurpose Register 0, col = 1,  data = 1
# tb_soc_ddr3_top.mem_core.data_task: at time 42410817.0 ps READ @ DQS MultiPurpose Register 0, col = 2,  data = 0
# tb_soc_ddr3_top.mem_core.data_task: at time 42412150.0 ps READ @ DQS MultiPurpose Register 0, col = 3,  data = 1
# tb_soc_ddr3_top.mem_core.data_task: at time 42413483.0 ps READ @ DQS MultiPurpose Register 0, col = 4,  data = 0
# tb_soc_ddr3_top.mem_core.data_task: at time 42414817.0 ps READ @ DQS MultiPurpose Register 0, col = 5,  data = 1
# tb_soc_ddr3_top.mem_core.cmd_task: at time 42414817.0 ps INFO: Read      bank 0 col 008, auto precharge 0
# tb_soc_ddr3_top.mem_core.data_task: at time 42416150.0 ps READ @ DQS MultiPurpose Register 0, col = 6,  data = 0
# tb_soc_ddr3_top.mem_core.data_task: at time 42417483.0 ps READ @ DQS MultiPurpose Register 0, col = 7,  data = 1
# tb_soc_ddr3_top.mem_core.data_task: at time 42418817.0 ps READ @ DQS MultiPurpose Register 0, col = 0,  data = 0
# tb_soc_ddr3_top.mem_core.data_task: at time 42420150.0 ps READ @ DQS MultiPurpose Register 0, col = 1,  data = 1
# tb_soc_ddr3_top.mem_core.data_task: at time 42421483.0 ps READ @ DQS MultiPurpose Register 0, col = 2,  data = 0
# tb_soc_ddr3_top.mem_core.data_task: at time 42422817.0 ps READ @ DQS MultiPurpose Register 0, col = 3,  data = 1
# tb_soc_ddr3_top.mem_core.data_task: at time 42424150.0 ps READ @ DQS MultiPurpose Register 0, col = 4,  data = 0
# tb_soc_ddr3_top.mem_core.data_task: at time 42425483.0 ps READ @ DQS MultiPurpose Register 0, col = 5,  data = 1
# tb_soc_ddr3_top.mem_core.cmd_task: at time 42425483.0 ps INFO: Read      bank 0 col 008, auto precharge 0
# tb_soc_ddr3_top.mem_core.data_task: at time 42426817.0 ps READ @ DQS MultiPurpose Register 0, col = 6,  data = 0
# tb_soc_ddr3_top.mem_core.data_task: at time 42428150.0 ps READ @ DQS MultiPurpose Register 0, col = 7,  data = 1
# tb_soc_ddr3_top.mem_core.data_task: at time 42429483.0 ps READ @ DQS MultiPurpose Register 0, col = 0,  data = 0
# tb_soc_ddr3_top.mem_core.data_task: at time 42430817.0 ps READ @ DQS MultiPurpose Register 0, col = 1,  data = 1
# tb_soc_ddr3_top.mem_core.data_task: at time 42432150.0 ps READ @ DQS MultiPurpose Register 0, col = 2,  data = 0
# tb_soc_ddr3_top.mem_core.data_task: at time 42433483.0 ps READ @ DQS MultiPurpose Register 0, col = 3,  data = 1
# tb_soc_ddr3_top.mem_core.data_task: at time 42434817.0 ps READ @ DQS MultiPurpose Register 0, col = 4,  data = 0
# tb_soc_ddr3_top.mem_core.data_task: at time 42436150.0 ps READ @ DQS MultiPurpose Register 0, col = 5,  data = 1
# tb_soc_ddr3_top.mem_core.cmd_task: at time 42436150.0 ps INFO: Read      bank 0 col 008, auto precharge 0
# tb_soc_ddr3_top.mem_core.data_task: at time 42437483.0 ps READ @ DQS MultiPurpose Register 0, col = 6,  data = 0
# tb_soc_ddr3_top.mem_core.data_task: at time 42438817.0 ps READ @ DQS MultiPurpose Register 0, col = 7,  data = 1
# tb_soc_ddr3_top.mem_core.data_task: at time 42440150.0 ps READ @ DQS MultiPurpose Register 0, col = 0,  data = 0
# tb_soc_ddr3_top.mem_core.data_task: at time 42441483.0 ps READ @ DQS MultiPurpose Register 0, col = 1,  data = 1
# tb_soc_ddr3_top.mem_core.data_task: at time 42442817.0 ps READ @ DQS MultiPurpose Register 0, col = 2,  data = 0
# tb_soc_ddr3_top.mem_core.data_task: at time 42444150.0 ps READ @ DQS MultiPurpose Register 0, col = 3,  data = 1
# tb_soc_ddr3_top.mem_core.data_task: at time 42445483.0 ps READ @ DQS MultiPurpose Register 0, col = 4,  data = 0
# tb_soc_ddr3_top.mem_core.data_task: at time 42446817.0 ps READ @ DQS MultiPurpose Register 0, col = 5,  data = 1
# tb_soc_ddr3_top.mem_core.cmd_task: at time 42446817.0 ps INFO: Read      bank 0 col 008, auto precharge 0
# tb_soc_ddr3_top.mem_core.data_task: at time 42448150.0 ps READ @ DQS MultiPurpose Register 0, col = 6,  data = 0
# tb_soc_ddr3_top.mem_core.data_task: at time 42449483.0 ps READ @ DQS MultiPurpose Register 0, col = 7,  data = 1
# tb_soc_ddr3_top.mem_core.data_task: at time 42450817.0 ps READ @ DQS MultiPurpose Register 0, col = 0,  data = 0
# tb_soc_ddr3_top.mem_core.data_task: at time 42452150.0 ps READ @ DQS MultiPurpose Register 0, col = 1,  data = 1
# tb_soc_ddr3_top.mem_core.data_task: at time 42453483.0 ps READ @ DQS MultiPurpose Register 0, col = 2,  data = 0
# tb_soc_ddr3_top.mem_core.data_task: at time 42454817.0 ps READ @ DQS MultiPurpose Register 0, col = 3,  data = 1
# tb_soc_ddr3_top.mem_core.data_task: at time 42456150.0 ps READ @ DQS MultiPurpose Register 0, col = 4,  data = 0
# tb_soc_ddr3_top.mem_core.data_task: at time 42457483.0 ps READ @ DQS MultiPurpose Register 0, col = 5,  data = 1
# tb_soc_ddr3_top.mem_core.cmd_task: at time 42457483.0 ps INFO: Read      bank 0 col 008, auto precharge 0
# tb_soc_ddr3_top.mem_core.data_task: at time 42458817.0 ps READ @ DQS MultiPurpose Register 0, col = 6,  data = 0
# tb_soc_ddr3_top.mem_core.data_task: at time 42460150.0 ps READ @ DQS MultiPurpose Register 0, col = 7,  data = 1
# tb_soc_ddr3_top.mem_core.data_task: at time 42461483.0 ps READ @ DQS MultiPurpose Register 0, col = 0,  data = 0
# tb_soc_ddr3_top.mem_core.data_task: at time 42462817.0 ps READ @ DQS MultiPurpose Register 0, col = 1,  data = 1
# tb_soc_ddr3_top.mem_core.data_task: at time 42464150.0 ps READ @ DQS MultiPurpose Register 0, col = 2,  data = 0
# tb_soc_ddr3_top.mem_core.data_task: at time 42465483.0 ps READ @ DQS MultiPurpose Register 0, col = 3,  data = 1
# tb_soc_ddr3_top.mem_core.data_task: at time 42466817.0 ps READ @ DQS MultiPurpose Register 0, col = 4,  data = 0
# tb_soc_ddr3_top.mem_core.data_task: at time 42468150.0 ps READ @ DQS MultiPurpose Register 0, col = 5,  data = 1
# tb_soc_ddr3_top.mem_core.cmd_task: at time 42468150.0 ps INFO: Read      bank 0 col 008, auto precharge 0
# tb_soc_ddr3_top.mem_core.data_task: at time 42469483.0 ps READ @ DQS MultiPurpose Register 0, col = 6,  data = 0
# tb_soc_ddr3_top.mem_core.data_task: at time 42470817.0 ps READ @ DQS MultiPurpose Register 0, col = 7,  data = 1
# tb_soc_ddr3_top.mem_core.data_task: at time 42472150.0 ps READ @ DQS MultiPurpose Register 0, col = 0,  data = 0
# tb_soc_ddr3_top.mem_core.data_task: at time 42473483.0 ps READ @ DQS MultiPurpose Register 0, col = 1,  data = 1
# tb_soc_ddr3_top.mem_core.data_task: at time 42474817.0 ps READ @ DQS MultiPurpose Register 0, col = 2,  data = 0
# tb_soc_ddr3_top.mem_core.data_task: at time 42476150.0 ps READ @ DQS MultiPurpose Register 0, col = 3,  data = 1
# tb_soc_ddr3_top.mem_core.data_task: at time 42477483.0 ps READ @ DQS MultiPurpose Register 0, col = 4,  data = 0
# tb_soc_ddr3_top.mem_core.data_task: at time 42478817.0 ps READ @ DQS MultiPurpose Register 0, col = 5,  data = 1
# tb_soc_ddr3_top.mem_core.cmd_task: at time 42478817.0 ps INFO: Read      bank 0 col 008, auto precharge 0
# tb_soc_ddr3_top.mem_core.data_task: at time 42480150.0 ps READ @ DQS MultiPurpose Register 0, col = 6,  data = 0
# tb_soc_ddr3_top.mem_core.data_task: at time 42481483.0 ps READ @ DQS MultiPurpose Register 0, col = 7,  data = 1
# tb_soc_ddr3_top.mem_core.data_task: at time 42482817.0 ps READ @ DQS MultiPurpose Register 0, col = 0,  data = 0
# tb_soc_ddr3_top.mem_core.data_task: at time 42484150.0 ps READ @ DQS MultiPurpose Register 0, col = 1,  data = 1
# tb_soc_ddr3_top.mem_core.data_task: at time 42485483.0 ps READ @ DQS MultiPurpose Register 0, col = 2,  data = 0
# tb_soc_ddr3_top.mem_core.data_task: at time 42486817.0 ps READ @ DQS MultiPurpose Register 0, col = 3,  data = 1
# tb_soc_ddr3_top.mem_core.data_task: at time 42488150.0 ps READ @ DQS MultiPurpose Register 0, col = 4,  data = 0
# tb_soc_ddr3_top.mem_core.data_task: at time 42489483.0 ps READ @ DQS MultiPurpose Register 0, col = 5,  data = 1
# tb_soc_ddr3_top.mem_core.data_task: at time 42490817.0 ps READ @ DQS MultiPurpose Register 0, col = 6,  data = 0
# tb_soc_ddr3_top.mem_core.data_task: at time 42492150.0 ps READ @ DQS MultiPurpose Register 0, col = 7,  data = 1
# tb_soc_ddr3_top.mem_core.data_task: at time 42493483.0 ps READ @ DQS MultiPurpose Register 0, col = 0,  data = 0
# tb_soc_ddr3_top.mem_core.data_task: at time 42494817.0 ps READ @ DQS MultiPurpose Register 0, col = 1,  data = 1
# tb_soc_ddr3_top.mem_core.data_task: at time 42496150.0 ps READ @ DQS MultiPurpose Register 0, col = 2,  data = 0
# tb_soc_ddr3_top.mem_core.data_task: at time 42497483.0 ps READ @ DQS MultiPurpose Register 0, col = 3,  data = 1
# tb_soc_ddr3_top.mem_core.data_task: at time 42498817.0 ps READ @ DQS MultiPurpose Register 0, col = 4,  data = 0
# tb_soc_ddr3_top.mem_core.data_task: at time 42500150.0 ps READ @ DQS MultiPurpose Register 0, col = 5,  data = 1
# tb_soc_ddr3_top.mem_core.data_task: at time 42501483.0 ps READ @ DQS MultiPurpose Register 0, col = 6,  data = 0
# tb_soc_ddr3_top.mem_core.data_task: at time 42502817.0 ps READ @ DQS MultiPurpose Register 0, col = 7,  data = 1
# tb_soc_ddr3_top.mem_core.data_task: at time 42504150.0 ps READ @ DQS MultiPurpose Register 0, col = 0,  data = 0
# tb_soc_ddr3_top.mem_core.data_task: at time 42505483.0 ps READ @ DQS MultiPurpose Register 0, col = 1,  data = 1
# tb_soc_ddr3_top.mem_core.data_task: at time 42506817.0 ps READ @ DQS MultiPurpose Register 0, col = 2,  data = 0
# tb_soc_ddr3_top.mem_core.data_task: at time 42508150.0 ps READ @ DQS MultiPurpose Register 0, col = 3,  data = 1
# tb_soc_ddr3_top.mem_core.data_task: at time 42509483.0 ps READ @ DQS MultiPurpose Register 0, col = 4,  data = 0
# tb_soc_ddr3_top.mem_core.data_task: at time 42510817.0 ps READ @ DQS MultiPurpose Register 0, col = 5,  data = 1
# tb_soc_ddr3_top.mem_core.data_task: at time 42512150.0 ps READ @ DQS MultiPurpose Register 0, col = 6,  data = 0
# tb_soc_ddr3_top.mem_core.data_task: at time 42513483.0 ps READ @ DQS MultiPurpose Register 0, col = 7,  data = 1
# tb_soc_ddr3_top.mem_core.cmd_task: at time 42862817.0 ps INFO: Read      bank 0 col 008, auto precharge 0
# tb_soc_ddr3_top.mem_core.cmd_task: at time 42873483.0 ps INFO: Read      bank 0 col 008, auto precharge 0
# tb_soc_ddr3_top.mem_core.cmd_task: at time 42884150.0 ps INFO: Read      bank 0 col 008, auto precharge 0
# tb_soc_ddr3_top.mem_core.data_task: at time 42888150.0 ps READ @ DQS MultiPurpose Register 0, col = 0,  data = 0
# tb_soc_ddr3_top.mem_core.data_task: at time 42889483.0 ps READ @ DQS MultiPurpose Register 0, col = 1,  data = 1
# tb_soc_ddr3_top.mem_core.data_task: at time 42890817.0 ps READ @ DQS MultiPurpose Register 0, col = 2,  data = 0
# tb_soc_ddr3_top.mem_core.data_task: at time 42892150.0 ps READ @ DQS MultiPurpose Register 0, col = 3,  data = 1
# tb_soc_ddr3_top.mem_core.data_task: at time 42893483.0 ps READ @ DQS MultiPurpose Register 0, col = 4,  data = 0
# tb_soc_ddr3_top.mem_core.data_task: at time 42894817.0 ps READ @ DQS MultiPurpose Register 0, col = 5,  data = 1
# tb_soc_ddr3_top.mem_core.cmd_task: at time 42894817.0 ps INFO: Read      bank 0 col 008, auto precharge 0
# tb_soc_ddr3_top.mem_core.data_task: at time 42896150.0 ps READ @ DQS MultiPurpose Register 0, col = 6,  data = 0
# tb_soc_ddr3_top.mem_core.data_task: at time 42897483.0 ps READ @ DQS MultiPurpose Register 0, col = 7,  data = 1
# tb_soc_ddr3_top.mem_core.data_task: at time 42898817.0 ps READ @ DQS MultiPurpose Register 0, col = 0,  data = 0
# tb_soc_ddr3_top.mem_core.data_task: at time 42900150.0 ps READ @ DQS MultiPurpose Register 0, col = 1,  data = 1
# tb_soc_ddr3_top.mem_core.data_task: at time 42901483.0 ps READ @ DQS MultiPurpose Register 0, col = 2,  data = 0
# tb_soc_ddr3_top.mem_core.data_task: at time 42902817.0 ps READ @ DQS MultiPurpose Register 0, col = 3,  data = 1
# tb_soc_ddr3_top.mem_core.data_task: at time 42904150.0 ps READ @ DQS MultiPurpose Register 0, col = 4,  data = 0
# tb_soc_ddr3_top.mem_core.data_task: at time 42905483.0 ps READ @ DQS MultiPurpose Register 0, col = 5,  data = 1
# tb_soc_ddr3_top.mem_core.cmd_task: at time 42905483.0 ps INFO: Read      bank 0 col 008, auto precharge 0
# tb_soc_ddr3_top.mem_core.data_task: at time 42906817.0 ps READ @ DQS MultiPurpose Register 0, col = 6,  data = 0
# tb_soc_ddr3_top.mem_core.data_task: at time 42908150.0 ps READ @ DQS MultiPurpose Register 0, col = 7,  data = 1
# tb_soc_ddr3_top.mem_core.data_task: at time 42909483.0 ps READ @ DQS MultiPurpose Register 0, col = 0,  data = 0
# tb_soc_ddr3_top.mem_core.data_task: at time 42910817.0 ps READ @ DQS MultiPurpose Register 0, col = 1,  data = 1
# tb_soc_ddr3_top.mem_core.data_task: at time 42912150.0 ps READ @ DQS MultiPurpose Register 0, col = 2,  data = 0
# tb_soc_ddr3_top.mem_core.data_task: at time 42913483.0 ps READ @ DQS MultiPurpose Register 0, col = 3,  data = 1
# tb_soc_ddr3_top.mem_core.data_task: at time 42914817.0 ps READ @ DQS MultiPurpose Register 0, col = 4,  data = 0
# tb_soc_ddr3_top.mem_core.data_task: at time 42916150.0 ps READ @ DQS MultiPurpose Register 0, col = 5,  data = 1
# tb_soc_ddr3_top.mem_core.cmd_task: at time 42916150.0 ps INFO: Read      bank 0 col 008, auto precharge 0
# tb_soc_ddr3_top.mem_core.data_task: at time 42917483.0 ps READ @ DQS MultiPurpose Register 0, col = 6,  data = 0
# tb_soc_ddr3_top.mem_core.data_task: at time 42918817.0 ps READ @ DQS MultiPurpose Register 0, col = 7,  data = 1
# tb_soc_ddr3_top.mem_core.data_task: at time 42920150.0 ps READ @ DQS MultiPurpose Register 0, col = 0,  data = 0
# tb_soc_ddr3_top.mem_core.data_task: at time 42921483.0 ps READ @ DQS MultiPurpose Register 0, col = 1,  data = 1
# tb_soc_ddr3_top.mem_core.data_task: at time 42922817.0 ps READ @ DQS MultiPurpose Register 0, col = 2,  data = 0
# tb_soc_ddr3_top.mem_core.data_task: at time 42924150.0 ps READ @ DQS MultiPurpose Register 0, col = 3,  data = 1
# tb_soc_ddr3_top.mem_core.data_task: at time 42925483.0 ps READ @ DQS MultiPurpose Register 0, col = 4,  data = 0
# tb_soc_ddr3_top.mem_core.data_task: at time 42926817.0 ps READ @ DQS MultiPurpose Register 0, col = 5,  data = 1
# tb_soc_ddr3_top.mem_core.cmd_task: at time 42926817.0 ps INFO: Read      bank 0 col 008, auto precharge 0
# tb_soc_ddr3_top.mem_core.data_task: at time 42928150.0 ps READ @ DQS MultiPurpose Register 0, col = 6,  data = 0
# tb_soc_ddr3_top.mem_core.data_task: at time 42929483.0 ps READ @ DQS MultiPurpose Register 0, col = 7,  data = 1
# tb_soc_ddr3_top.mem_core.data_task: at time 42930817.0 ps READ @ DQS MultiPurpose Register 0, col = 0,  data = 0
# tb_soc_ddr3_top.mem_core.data_task: at time 42932150.0 ps READ @ DQS MultiPurpose Register 0, col = 1,  data = 1
# tb_soc_ddr3_top.mem_core.data_task: at time 42933483.0 ps READ @ DQS MultiPurpose Register 0, col = 2,  data = 0
# tb_soc_ddr3_top.mem_core.data_task: at time 42934817.0 ps READ @ DQS MultiPurpose Register 0, col = 3,  data = 1
# tb_soc_ddr3_top.mem_core.data_task: at time 42936150.0 ps READ @ DQS MultiPurpose Register 0, col = 4,  data = 0
# tb_soc_ddr3_top.mem_core.data_task: at time 42937483.0 ps READ @ DQS MultiPurpose Register 0, col = 5,  data = 1
# tb_soc_ddr3_top.mem_core.cmd_task: at time 42937483.0 ps INFO: Read      bank 0 col 008, auto precharge 0
# tb_soc_ddr3_top.mem_core.data_task: at time 42938817.0 ps READ @ DQS MultiPurpose Register 0, col = 6,  data = 0
# tb_soc_ddr3_top.mem_core.data_task: at time 42940150.0 ps READ @ DQS MultiPurpose Register 0, col = 7,  data = 1
# tb_soc_ddr3_top.mem_core.data_task: at time 42941483.0 ps READ @ DQS MultiPurpose Register 0, col = 0,  data = 0
# tb_soc_ddr3_top.mem_core.data_task: at time 42942817.0 ps READ @ DQS MultiPurpose Register 0, col = 1,  data = 1
# tb_soc_ddr3_top.mem_core.data_task: at time 42944150.0 ps READ @ DQS MultiPurpose Register 0, col = 2,  data = 0
# tb_soc_ddr3_top.mem_core.data_task: at time 42945483.0 ps READ @ DQS MultiPurpose Register 0, col = 3,  data = 1
# tb_soc_ddr3_top.mem_core.data_task: at time 42946817.0 ps READ @ DQS MultiPurpose Register 0, col = 4,  data = 0
# tb_soc_ddr3_top.mem_core.data_task: at time 42948150.0 ps READ @ DQS MultiPurpose Register 0, col = 5,  data = 1
# tb_soc_ddr3_top.mem_core.cmd_task: at time 42948150.0 ps INFO: Read      bank 0 col 008, auto precharge 0
# tb_soc_ddr3_top.mem_core.data_task: at time 42949483.0 ps READ @ DQS MultiPurpose Register 0, col = 6,  data = 0
# tb_soc_ddr3_top.mem_core.data_task: at time 42950817.0 ps READ @ DQS MultiPurpose Register 0, col = 7,  data = 1
# tb_soc_ddr3_top.mem_core.data_task: at time 42952150.0 ps READ @ DQS MultiPurpose Register 0, col = 0,  data = 0
# tb_soc_ddr3_top.mem_core.data_task: at time 42953483.0 ps READ @ DQS MultiPurpose Register 0, col = 1,  data = 1
# tb_soc_ddr3_top.mem_core.data_task: at time 42954817.0 ps READ @ DQS MultiPurpose Register 0, col = 2,  data = 0
# tb_soc_ddr3_top.mem_core.data_task: at time 42956150.0 ps READ @ DQS MultiPurpose Register 0, col = 3,  data = 1
# tb_soc_ddr3_top.mem_core.data_task: at time 42957483.0 ps READ @ DQS MultiPurpose Register 0, col = 4,  data = 0
# tb_soc_ddr3_top.mem_core.data_task: at time 42958817.0 ps READ @ DQS MultiPurpose Register 0, col = 5,  data = 1
# tb_soc_ddr3_top.mem_core.cmd_task: at time 42958817.0 ps INFO: Read      bank 0 col 008, auto precharge 0
# tb_soc_ddr3_top.mem_core.data_task: at time 42960150.0 ps READ @ DQS MultiPurpose Register 0, col = 6,  data = 0
# tb_soc_ddr3_top.mem_core.data_task: at time 42961483.0 ps READ @ DQS MultiPurpose Register 0, col = 7,  data = 1
# tb_soc_ddr3_top.mem_core.data_task: at time 42962817.0 ps READ @ DQS MultiPurpose Register 0, col = 0,  data = 0
# tb_soc_ddr3_top.mem_core.data_task: at time 42964150.0 ps READ @ DQS MultiPurpose Register 0, col = 1,  data = 1
# tb_soc_ddr3_top.mem_core.data_task: at time 42965483.0 ps READ @ DQS MultiPurpose Register 0, col = 2,  data = 0
# tb_soc_ddr3_top.mem_core.data_task: at time 42966817.0 ps READ @ DQS MultiPurpose Register 0, col = 3,  data = 1
# tb_soc_ddr3_top.mem_core.data_task: at time 42968150.0 ps READ @ DQS MultiPurpose Register 0, col = 4,  data = 0
# tb_soc_ddr3_top.mem_core.data_task: at time 42969483.0 ps READ @ DQS MultiPurpose Register 0, col = 5,  data = 1
# tb_soc_ddr3_top.mem_core.data_task: at time 42970817.0 ps READ @ DQS MultiPurpose Register 0, col = 6,  data = 0
# tb_soc_ddr3_top.mem_core.data_task: at time 42972150.0 ps READ @ DQS MultiPurpose Register 0, col = 7,  data = 1
# tb_soc_ddr3_top.mem_core.data_task: at time 42973483.0 ps READ @ DQS MultiPurpose Register 0, col = 0,  data = 0
# tb_soc_ddr3_top.mem_core.data_task: at time 42974817.0 ps READ @ DQS MultiPurpose Register 0, col = 1,  data = 1
# tb_soc_ddr3_top.mem_core.data_task: at time 42976150.0 ps READ @ DQS MultiPurpose Register 0, col = 2,  data = 0
# tb_soc_ddr3_top.mem_core.data_task: at time 42977483.0 ps READ @ DQS MultiPurpose Register 0, col = 3,  data = 1
# tb_soc_ddr3_top.mem_core.data_task: at time 42978817.0 ps READ @ DQS MultiPurpose Register 0, col = 4,  data = 0
# tb_soc_ddr3_top.mem_core.data_task: at time 42980150.0 ps READ @ DQS MultiPurpose Register 0, col = 5,  data = 1
# tb_soc_ddr3_top.mem_core.data_task: at time 42981483.0 ps READ @ DQS MultiPurpose Register 0, col = 6,  data = 0
# tb_soc_ddr3_top.mem_core.data_task: at time 42982817.0 ps READ @ DQS MultiPurpose Register 0, col = 7,  data = 1
# tb_soc_ddr3_top.mem_core.data_task: at time 42984150.0 ps READ @ DQS MultiPurpose Register 0, col = 0,  data = 0
# tb_soc_ddr3_top.mem_core.data_task: at time 42985483.0 ps READ @ DQS MultiPurpose Register 0, col = 1,  data = 1
# tb_soc_ddr3_top.mem_core.data_task: at time 42986817.0 ps READ @ DQS MultiPurpose Register 0, col = 2,  data = 0
# tb_soc_ddr3_top.mem_core.data_task: at time 42988150.0 ps READ @ DQS MultiPurpose Register 0, col = 3,  data = 1
# tb_soc_ddr3_top.mem_core.data_task: at time 42989483.0 ps READ @ DQS MultiPurpose Register 0, col = 4,  data = 0
# tb_soc_ddr3_top.mem_core.data_task: at time 42990817.0 ps READ @ DQS MultiPurpose Register 0, col = 5,  data = 1
# tb_soc_ddr3_top.mem_core.data_task: at time 42992150.0 ps READ @ DQS MultiPurpose Register 0, col = 6,  data = 0
# tb_soc_ddr3_top.mem_core.data_task: at time 42993483.0 ps READ @ DQS MultiPurpose Register 0, col = 7,  data = 1
# tb_soc_ddr3_top.mem_core.cmd_task: at time 43342817.0 ps INFO: Read      bank 0 col 008, auto precharge 0
# tb_soc_ddr3_top.mem_core.cmd_task: at time 43353483.0 ps INFO: Read      bank 0 col 008, auto precharge 0
# tb_soc_ddr3_top.mem_core.cmd_task: at time 43364150.0 ps INFO: Read      bank 0 col 008, auto precharge 0
# tb_soc_ddr3_top.mem_core.data_task: at time 43368150.0 ps READ @ DQS MultiPurpose Register 0, col = 0,  data = 0
# tb_soc_ddr3_top.mem_core.data_task: at time 43369483.0 ps READ @ DQS MultiPurpose Register 0, col = 1,  data = 1
# tb_soc_ddr3_top.mem_core.data_task: at time 43370817.0 ps READ @ DQS MultiPurpose Register 0, col = 2,  data = 0
# tb_soc_ddr3_top.mem_core.data_task: at time 43372150.0 ps READ @ DQS MultiPurpose Register 0, col = 3,  data = 1
# tb_soc_ddr3_top.mem_core.data_task: at time 43373483.0 ps READ @ DQS MultiPurpose Register 0, col = 4,  data = 0
# tb_soc_ddr3_top.mem_core.data_task: at time 43374817.0 ps READ @ DQS MultiPurpose Register 0, col = 5,  data = 1
# tb_soc_ddr3_top.mem_core.cmd_task: at time 43374817.0 ps INFO: Read      bank 0 col 008, auto precharge 0
# tb_soc_ddr3_top.mem_core.data_task: at time 43376150.0 ps READ @ DQS MultiPurpose Register 0, col = 6,  data = 0
# tb_soc_ddr3_top.mem_core.data_task: at time 43377483.0 ps READ @ DQS MultiPurpose Register 0, col = 7,  data = 1
# tb_soc_ddr3_top.mem_core.data_task: at time 43378817.0 ps READ @ DQS MultiPurpose Register 0, col = 0,  data = 0
# tb_soc_ddr3_top.mem_core.data_task: at time 43380150.0 ps READ @ DQS MultiPurpose Register 0, col = 1,  data = 1
# tb_soc_ddr3_top.mem_core.data_task: at time 43381483.0 ps READ @ DQS MultiPurpose Register 0, col = 2,  data = 0
# tb_soc_ddr3_top.mem_core.data_task: at time 43382817.0 ps READ @ DQS MultiPurpose Register 0, col = 3,  data = 1
# tb_soc_ddr3_top.mem_core.data_task: at time 43384150.0 ps READ @ DQS MultiPurpose Register 0, col = 4,  data = 0
# tb_soc_ddr3_top.mem_core.data_task: at time 43385483.0 ps READ @ DQS MultiPurpose Register 0, col = 5,  data = 1
# tb_soc_ddr3_top.mem_core.cmd_task: at time 43385483.0 ps INFO: Read      bank 0 col 008, auto precharge 0
# tb_soc_ddr3_top.mem_core.data_task: at time 43386817.0 ps READ @ DQS MultiPurpose Register 0, col = 6,  data = 0
# tb_soc_ddr3_top.mem_core.data_task: at time 43388150.0 ps READ @ DQS MultiPurpose Register 0, col = 7,  data = 1
# tb_soc_ddr3_top.mem_core.data_task: at time 43389483.0 ps READ @ DQS MultiPurpose Register 0, col = 0,  data = 0
# tb_soc_ddr3_top.mem_core.data_task: at time 43390817.0 ps READ @ DQS MultiPurpose Register 0, col = 1,  data = 1
# tb_soc_ddr3_top.mem_core.data_task: at time 43392150.0 ps READ @ DQS MultiPurpose Register 0, col = 2,  data = 0
# tb_soc_ddr3_top.mem_core.data_task: at time 43393483.0 ps READ @ DQS MultiPurpose Register 0, col = 3,  data = 1
# tb_soc_ddr3_top.mem_core.data_task: at time 43394817.0 ps READ @ DQS MultiPurpose Register 0, col = 4,  data = 0
# tb_soc_ddr3_top.mem_core.data_task: at time 43396150.0 ps READ @ DQS MultiPurpose Register 0, col = 5,  data = 1
# tb_soc_ddr3_top.mem_core.cmd_task: at time 43396150.0 ps INFO: Read      bank 0 col 008, auto precharge 0
# tb_soc_ddr3_top.mem_core.data_task: at time 43397483.0 ps READ @ DQS MultiPurpose Register 0, col = 6,  data = 0
# tb_soc_ddr3_top.mem_core.data_task: at time 43398817.0 ps READ @ DQS MultiPurpose Register 0, col = 7,  data = 1
# tb_soc_ddr3_top.mem_core.data_task: at time 43400150.0 ps READ @ DQS MultiPurpose Register 0, col = 0,  data = 0
# tb_soc_ddr3_top.mem_core.data_task: at time 43401483.0 ps READ @ DQS MultiPurpose Register 0, col = 1,  data = 1
# tb_soc_ddr3_top.mem_core.data_task: at time 43402817.0 ps READ @ DQS MultiPurpose Register 0, col = 2,  data = 0
# tb_soc_ddr3_top.mem_core.data_task: at time 43404150.0 ps READ @ DQS MultiPurpose Register 0, col = 3,  data = 1
# tb_soc_ddr3_top.mem_core.data_task: at time 43405483.0 ps READ @ DQS MultiPurpose Register 0, col = 4,  data = 0
# tb_soc_ddr3_top.mem_core.data_task: at time 43406817.0 ps READ @ DQS MultiPurpose Register 0, col = 5,  data = 1
# tb_soc_ddr3_top.mem_core.cmd_task: at time 43406817.0 ps INFO: Read      bank 0 col 008, auto precharge 0
# tb_soc_ddr3_top.mem_core.data_task: at time 43408150.0 ps READ @ DQS MultiPurpose Register 0, col = 6,  data = 0
# tb_soc_ddr3_top.mem_core.data_task: at time 43409483.0 ps READ @ DQS MultiPurpose Register 0, col = 7,  data = 1
# tb_soc_ddr3_top.mem_core.data_task: at time 43410817.0 ps READ @ DQS MultiPurpose Register 0, col = 0,  data = 0
# tb_soc_ddr3_top.mem_core.data_task: at time 43412150.0 ps READ @ DQS MultiPurpose Register 0, col = 1,  data = 1
# tb_soc_ddr3_top.mem_core.data_task: at time 43413483.0 ps READ @ DQS MultiPurpose Register 0, col = 2,  data = 0
# tb_soc_ddr3_top.mem_core.data_task: at time 43414817.0 ps READ @ DQS MultiPurpose Register 0, col = 3,  data = 1
# tb_soc_ddr3_top.mem_core.data_task: at time 43416150.0 ps READ @ DQS MultiPurpose Register 0, col = 4,  data = 0
# tb_soc_ddr3_top.mem_core.data_task: at time 43417483.0 ps READ @ DQS MultiPurpose Register 0, col = 5,  data = 1
# tb_soc_ddr3_top.mem_core.cmd_task: at time 43417483.0 ps INFO: Read      bank 0 col 008, auto precharge 0
# tb_soc_ddr3_top.mem_core.data_task: at time 43418817.0 ps READ @ DQS MultiPurpose Register 0, col = 6,  data = 0
# tb_soc_ddr3_top.mem_core.data_task: at time 43420150.0 ps READ @ DQS MultiPurpose Register 0, col = 7,  data = 1
# tb_soc_ddr3_top.mem_core.data_task: at time 43421483.0 ps READ @ DQS MultiPurpose Register 0, col = 0,  data = 0
# tb_soc_ddr3_top.mem_core.data_task: at time 43422817.0 ps READ @ DQS MultiPurpose Register 0, col = 1,  data = 1
# tb_soc_ddr3_top.mem_core.data_task: at time 43424150.0 ps READ @ DQS MultiPurpose Register 0, col = 2,  data = 0
# tb_soc_ddr3_top.mem_core.data_task: at time 43425483.0 ps READ @ DQS MultiPurpose Register 0, col = 3,  data = 1
# tb_soc_ddr3_top.mem_core.data_task: at time 43426817.0 ps READ @ DQS MultiPurpose Register 0, col = 4,  data = 0
# tb_soc_ddr3_top.mem_core.data_task: at time 43428150.0 ps READ @ DQS MultiPurpose Register 0, col = 5,  data = 1
# tb_soc_ddr3_top.mem_core.cmd_task: at time 43428150.0 ps INFO: Read      bank 0 col 008, auto precharge 0
# tb_soc_ddr3_top.mem_core.data_task: at time 43429483.0 ps READ @ DQS MultiPurpose Register 0, col = 6,  data = 0
# tb_soc_ddr3_top.mem_core.data_task: at time 43430817.0 ps READ @ DQS MultiPurpose Register 0, col = 7,  data = 1
# tb_soc_ddr3_top.mem_core.data_task: at time 43432150.0 ps READ @ DQS MultiPurpose Register 0, col = 0,  data = 0
# tb_soc_ddr3_top.mem_core.data_task: at time 43433483.0 ps READ @ DQS MultiPurpose Register 0, col = 1,  data = 1
# tb_soc_ddr3_top.mem_core.data_task: at time 43434817.0 ps READ @ DQS MultiPurpose Register 0, col = 2,  data = 0
# tb_soc_ddr3_top.mem_core.data_task: at time 43436150.0 ps READ @ DQS MultiPurpose Register 0, col = 3,  data = 1
# tb_soc_ddr3_top.mem_core.data_task: at time 43437483.0 ps READ @ DQS MultiPurpose Register 0, col = 4,  data = 0
# tb_soc_ddr3_top.mem_core.data_task: at time 43438817.0 ps READ @ DQS MultiPurpose Register 0, col = 5,  data = 1
# tb_soc_ddr3_top.mem_core.cmd_task: at time 43438817.0 ps INFO: Read      bank 0 col 008, auto precharge 0
# tb_soc_ddr3_top.mem_core.data_task: at time 43440150.0 ps READ @ DQS MultiPurpose Register 0, col = 6,  data = 0
# tb_soc_ddr3_top.mem_core.data_task: at time 43441483.0 ps READ @ DQS MultiPurpose Register 0, col = 7,  data = 1
# tb_soc_ddr3_top.mem_core.data_task: at time 43442817.0 ps READ @ DQS MultiPurpose Register 0, col = 0,  data = 0
# tb_soc_ddr3_top.mem_core.data_task: at time 43444150.0 ps READ @ DQS MultiPurpose Register 0, col = 1,  data = 1
# tb_soc_ddr3_top.mem_core.data_task: at time 43445483.0 ps READ @ DQS MultiPurpose Register 0, col = 2,  data = 0
# tb_soc_ddr3_top.mem_core.data_task: at time 43446817.0 ps READ @ DQS MultiPurpose Register 0, col = 3,  data = 1
# tb_soc_ddr3_top.mem_core.data_task: at time 43448150.0 ps READ @ DQS MultiPurpose Register 0, col = 4,  data = 0
# tb_soc_ddr3_top.mem_core.data_task: at time 43449483.0 ps READ @ DQS MultiPurpose Register 0, col = 5,  data = 1
# tb_soc_ddr3_top.mem_core.data_task: at time 43450817.0 ps READ @ DQS MultiPurpose Register 0, col = 6,  data = 0
# tb_soc_ddr3_top.mem_core.data_task: at time 43452150.0 ps READ @ DQS MultiPurpose Register 0, col = 7,  data = 1
# tb_soc_ddr3_top.mem_core.data_task: at time 43453483.0 ps READ @ DQS MultiPurpose Register 0, col = 0,  data = 0
# tb_soc_ddr3_top.mem_core.data_task: at time 43454817.0 ps READ @ DQS MultiPurpose Register 0, col = 1,  data = 1
# tb_soc_ddr3_top.mem_core.data_task: at time 43456150.0 ps READ @ DQS MultiPurpose Register 0, col = 2,  data = 0
# tb_soc_ddr3_top.mem_core.data_task: at time 43457483.0 ps READ @ DQS MultiPurpose Register 0, col = 3,  data = 1
# tb_soc_ddr3_top.mem_core.data_task: at time 43458817.0 ps READ @ DQS MultiPurpose Register 0, col = 4,  data = 0
# tb_soc_ddr3_top.mem_core.data_task: at time 43460150.0 ps READ @ DQS MultiPurpose Register 0, col = 5,  data = 1
# tb_soc_ddr3_top.mem_core.data_task: at time 43461483.0 ps READ @ DQS MultiPurpose Register 0, col = 6,  data = 0
# tb_soc_ddr3_top.mem_core.data_task: at time 43462817.0 ps READ @ DQS MultiPurpose Register 0, col = 7,  data = 1
# tb_soc_ddr3_top.mem_core.data_task: at time 43464150.0 ps READ @ DQS MultiPurpose Register 0, col = 0,  data = 0
# tb_soc_ddr3_top.mem_core.data_task: at time 43465483.0 ps READ @ DQS MultiPurpose Register 0, col = 1,  data = 1
# tb_soc_ddr3_top.mem_core.data_task: at time 43466817.0 ps READ @ DQS MultiPurpose Register 0, col = 2,  data = 0
# tb_soc_ddr3_top.mem_core.data_task: at time 43468150.0 ps READ @ DQS MultiPurpose Register 0, col = 3,  data = 1
# tb_soc_ddr3_top.mem_core.data_task: at time 43469483.0 ps READ @ DQS MultiPurpose Register 0, col = 4,  data = 0
# tb_soc_ddr3_top.mem_core.data_task: at time 43470817.0 ps READ @ DQS MultiPurpose Register 0, col = 5,  data = 1
# tb_soc_ddr3_top.mem_core.data_task: at time 43472150.0 ps READ @ DQS MultiPurpose Register 0, col = 6,  data = 0
# tb_soc_ddr3_top.mem_core.data_task: at time 43473483.0 ps READ @ DQS MultiPurpose Register 0, col = 7,  data = 1
# tb_soc_ddr3_top.mem_core.cmd_task: at time 43822817.0 ps INFO: Read      bank 0 col 008, auto precharge 0
# tb_soc_ddr3_top.mem_core.cmd_task: at time 43833483.0 ps INFO: Read      bank 0 col 008, auto precharge 0
# tb_soc_ddr3_top.mem_core.cmd_task: at time 43844150.0 ps INFO: Read      bank 0 col 008, auto precharge 0
# tb_soc_ddr3_top.mem_core.data_task: at time 43848150.0 ps READ @ DQS MultiPurpose Register 0, col = 0,  data = 0
# tb_soc_ddr3_top.mem_core.data_task: at time 43849483.0 ps READ @ DQS MultiPurpose Register 0, col = 1,  data = 1
# tb_soc_ddr3_top.mem_core.data_task: at time 43850817.0 ps READ @ DQS MultiPurpose Register 0, col = 2,  data = 0
# tb_soc_ddr3_top.mem_core.data_task: at time 43852150.0 ps READ @ DQS MultiPurpose Register 0, col = 3,  data = 1
# tb_soc_ddr3_top.mem_core.data_task: at time 43853483.0 ps READ @ DQS MultiPurpose Register 0, col = 4,  data = 0
# tb_soc_ddr3_top.mem_core.data_task: at time 43854817.0 ps READ @ DQS MultiPurpose Register 0, col = 5,  data = 1
# tb_soc_ddr3_top.mem_core.cmd_task: at time 43854817.0 ps INFO: Read      bank 0 col 008, auto precharge 0
# tb_soc_ddr3_top.mem_core.data_task: at time 43856150.0 ps READ @ DQS MultiPurpose Register 0, col = 6,  data = 0
# tb_soc_ddr3_top.mem_core.data_task: at time 43857483.0 ps READ @ DQS MultiPurpose Register 0, col = 7,  data = 1
# tb_soc_ddr3_top.mem_core.data_task: at time 43858817.0 ps READ @ DQS MultiPurpose Register 0, col = 0,  data = 0
# tb_soc_ddr3_top.mem_core.data_task: at time 43860150.0 ps READ @ DQS MultiPurpose Register 0, col = 1,  data = 1
# tb_soc_ddr3_top.mem_core.data_task: at time 43861483.0 ps READ @ DQS MultiPurpose Register 0, col = 2,  data = 0
# tb_soc_ddr3_top.mem_core.data_task: at time 43862817.0 ps READ @ DQS MultiPurpose Register 0, col = 3,  data = 1
# tb_soc_ddr3_top.mem_core.data_task: at time 43864150.0 ps READ @ DQS MultiPurpose Register 0, col = 4,  data = 0
# tb_soc_ddr3_top.mem_core.data_task: at time 43865483.0 ps READ @ DQS MultiPurpose Register 0, col = 5,  data = 1
# tb_soc_ddr3_top.mem_core.cmd_task: at time 43865483.0 ps INFO: Read      bank 0 col 008, auto precharge 0
# tb_soc_ddr3_top.mem_core.data_task: at time 43866817.0 ps READ @ DQS MultiPurpose Register 0, col = 6,  data = 0
# tb_soc_ddr3_top.mem_core.data_task: at time 43868150.0 ps READ @ DQS MultiPurpose Register 0, col = 7,  data = 1
# tb_soc_ddr3_top.mem_core.data_task: at time 43869483.0 ps READ @ DQS MultiPurpose Register 0, col = 0,  data = 0
# tb_soc_ddr3_top.mem_core.data_task: at time 43870817.0 ps READ @ DQS MultiPurpose Register 0, col = 1,  data = 1
# tb_soc_ddr3_top.mem_core.data_task: at time 43872150.0 ps READ @ DQS MultiPurpose Register 0, col = 2,  data = 0
# tb_soc_ddr3_top.mem_core.data_task: at time 43873483.0 ps READ @ DQS MultiPurpose Register 0, col = 3,  data = 1
# tb_soc_ddr3_top.mem_core.data_task: at time 43874817.0 ps READ @ DQS MultiPurpose Register 0, col = 4,  data = 0
# tb_soc_ddr3_top.mem_core.data_task: at time 43876150.0 ps READ @ DQS MultiPurpose Register 0, col = 5,  data = 1
# tb_soc_ddr3_top.mem_core.cmd_task: at time 43876150.0 ps INFO: Read      bank 0 col 008, auto precharge 0
# tb_soc_ddr3_top.mem_core.data_task: at time 43877483.0 ps READ @ DQS MultiPurpose Register 0, col = 6,  data = 0
# tb_soc_ddr3_top.mem_core.data_task: at time 43878817.0 ps READ @ DQS MultiPurpose Register 0, col = 7,  data = 1
# tb_soc_ddr3_top.mem_core.data_task: at time 43880150.0 ps READ @ DQS MultiPurpose Register 0, col = 0,  data = 0
# tb_soc_ddr3_top.mem_core.data_task: at time 43881483.0 ps READ @ DQS MultiPurpose Register 0, col = 1,  data = 1
# tb_soc_ddr3_top.mem_core.data_task: at time 43882817.0 ps READ @ DQS MultiPurpose Register 0, col = 2,  data = 0
# tb_soc_ddr3_top.mem_core.data_task: at time 43884150.0 ps READ @ DQS MultiPurpose Register 0, col = 3,  data = 1
# tb_soc_ddr3_top.mem_core.data_task: at time 43885483.0 ps READ @ DQS MultiPurpose Register 0, col = 4,  data = 0
# tb_soc_ddr3_top.mem_core.data_task: at time 43886817.0 ps READ @ DQS MultiPurpose Register 0, col = 5,  data = 1
# tb_soc_ddr3_top.mem_core.cmd_task: at time 43886817.0 ps INFO: Read      bank 0 col 008, auto precharge 0
# tb_soc_ddr3_top.mem_core.data_task: at time 43888150.0 ps READ @ DQS MultiPurpose Register 0, col = 6,  data = 0
# tb_soc_ddr3_top.mem_core.data_task: at time 43889483.0 ps READ @ DQS MultiPurpose Register 0, col = 7,  data = 1
# tb_soc_ddr3_top.mem_core.data_task: at time 43890817.0 ps READ @ DQS MultiPurpose Register 0, col = 0,  data = 0
# tb_soc_ddr3_top.mem_core.data_task: at time 43892150.0 ps READ @ DQS MultiPurpose Register 0, col = 1,  data = 1
# tb_soc_ddr3_top.mem_core.data_task: at time 43893483.0 ps READ @ DQS MultiPurpose Register 0, col = 2,  data = 0
# tb_soc_ddr3_top.mem_core.data_task: at time 43894817.0 ps READ @ DQS MultiPurpose Register 0, col = 3,  data = 1
# tb_soc_ddr3_top.mem_core.data_task: at time 43896150.0 ps READ @ DQS MultiPurpose Register 0, col = 4,  data = 0
# tb_soc_ddr3_top.mem_core.data_task: at time 43897483.0 ps READ @ DQS MultiPurpose Register 0, col = 5,  data = 1
# tb_soc_ddr3_top.mem_core.cmd_task: at time 43897483.0 ps INFO: Read      bank 0 col 008, auto precharge 0
# tb_soc_ddr3_top.mem_core.data_task: at time 43898817.0 ps READ @ DQS MultiPurpose Register 0, col = 6,  data = 0
# tb_soc_ddr3_top.mem_core.data_task: at time 43900150.0 ps READ @ DQS MultiPurpose Register 0, col = 7,  data = 1
# tb_soc_ddr3_top.mem_core.data_task: at time 43901483.0 ps READ @ DQS MultiPurpose Register 0, col = 0,  data = 0
# tb_soc_ddr3_top.mem_core.data_task: at time 43902817.0 ps READ @ DQS MultiPurpose Register 0, col = 1,  data = 1
# tb_soc_ddr3_top.mem_core.data_task: at time 43904150.0 ps READ @ DQS MultiPurpose Register 0, col = 2,  data = 0
# tb_soc_ddr3_top.mem_core.data_task: at time 43905483.0 ps READ @ DQS MultiPurpose Register 0, col = 3,  data = 1
# tb_soc_ddr3_top.mem_core.data_task: at time 43906817.0 ps READ @ DQS MultiPurpose Register 0, col = 4,  data = 0
# tb_soc_ddr3_top.mem_core.data_task: at time 43908150.0 ps READ @ DQS MultiPurpose Register 0, col = 5,  data = 1
# tb_soc_ddr3_top.mem_core.cmd_task: at time 43908150.0 ps INFO: Read      bank 0 col 008, auto precharge 0
# tb_soc_ddr3_top.mem_core.data_task: at time 43909483.0 ps READ @ DQS MultiPurpose Register 0, col = 6,  data = 0
# tb_soc_ddr3_top.mem_core.data_task: at time 43910817.0 ps READ @ DQS MultiPurpose Register 0, col = 7,  data = 1
# tb_soc_ddr3_top.mem_core.data_task: at time 43912150.0 ps READ @ DQS MultiPurpose Register 0, col = 0,  data = 0
# tb_soc_ddr3_top.mem_core.data_task: at time 43913483.0 ps READ @ DQS MultiPurpose Register 0, col = 1,  data = 1
# tb_soc_ddr3_top.mem_core.data_task: at time 43914817.0 ps READ @ DQS MultiPurpose Register 0, col = 2,  data = 0
# tb_soc_ddr3_top.mem_core.data_task: at time 43916150.0 ps READ @ DQS MultiPurpose Register 0, col = 3,  data = 1
# tb_soc_ddr3_top.mem_core.data_task: at time 43917483.0 ps READ @ DQS MultiPurpose Register 0, col = 4,  data = 0
# tb_soc_ddr3_top.mem_core.data_task: at time 43918817.0 ps READ @ DQS MultiPurpose Register 0, col = 5,  data = 1
# tb_soc_ddr3_top.mem_core.cmd_task: at time 43918817.0 ps INFO: Read      bank 0 col 008, auto precharge 0
# tb_soc_ddr3_top.mem_core.data_task: at time 43920150.0 ps READ @ DQS MultiPurpose Register 0, col = 6,  data = 0
# tb_soc_ddr3_top.mem_core.data_task: at time 43921483.0 ps READ @ DQS MultiPurpose Register 0, col = 7,  data = 1
# tb_soc_ddr3_top.mem_core.data_task: at time 43922817.0 ps READ @ DQS MultiPurpose Register 0, col = 0,  data = 0
# tb_soc_ddr3_top.mem_core.data_task: at time 43924150.0 ps READ @ DQS MultiPurpose Register 0, col = 1,  data = 1
# tb_soc_ddr3_top.mem_core.data_task: at time 43925483.0 ps READ @ DQS MultiPurpose Register 0, col = 2,  data = 0
# tb_soc_ddr3_top.mem_core.data_task: at time 43926817.0 ps READ @ DQS MultiPurpose Register 0, col = 3,  data = 1
# tb_soc_ddr3_top.mem_core.data_task: at time 43928150.0 ps READ @ DQS MultiPurpose Register 0, col = 4,  data = 0
# tb_soc_ddr3_top.mem_core.data_task: at time 43929483.0 ps READ @ DQS MultiPurpose Register 0, col = 5,  data = 1
# tb_soc_ddr3_top.mem_core.data_task: at time 43930817.0 ps READ @ DQS MultiPurpose Register 0, col = 6,  data = 0
# tb_soc_ddr3_top.mem_core.data_task: at time 43932150.0 ps READ @ DQS MultiPurpose Register 0, col = 7,  data = 1
# tb_soc_ddr3_top.mem_core.data_task: at time 43933483.0 ps READ @ DQS MultiPurpose Register 0, col = 0,  data = 0
# tb_soc_ddr3_top.mem_core.data_task: at time 43934817.0 ps READ @ DQS MultiPurpose Register 0, col = 1,  data = 1
# tb_soc_ddr3_top.mem_core.data_task: at time 43936150.0 ps READ @ DQS MultiPurpose Register 0, col = 2,  data = 0
# tb_soc_ddr3_top.mem_core.data_task: at time 43937483.0 ps READ @ DQS MultiPurpose Register 0, col = 3,  data = 1
# tb_soc_ddr3_top.mem_core.data_task: at time 43938817.0 ps READ @ DQS MultiPurpose Register 0, col = 4,  data = 0
# tb_soc_ddr3_top.mem_core.data_task: at time 43940150.0 ps READ @ DQS MultiPurpose Register 0, col = 5,  data = 1
# tb_soc_ddr3_top.mem_core.data_task: at time 43941483.0 ps READ @ DQS MultiPurpose Register 0, col = 6,  data = 0
# tb_soc_ddr3_top.mem_core.data_task: at time 43942817.0 ps READ @ DQS MultiPurpose Register 0, col = 7,  data = 1
# tb_soc_ddr3_top.mem_core.data_task: at time 43944150.0 ps READ @ DQS MultiPurpose Register 0, col = 0,  data = 0
# tb_soc_ddr3_top.mem_core.data_task: at time 43945483.0 ps READ @ DQS MultiPurpose Register 0, col = 1,  data = 1
# tb_soc_ddr3_top.mem_core.data_task: at time 43946817.0 ps READ @ DQS MultiPurpose Register 0, col = 2,  data = 0
# tb_soc_ddr3_top.mem_core.data_task: at time 43948150.0 ps READ @ DQS MultiPurpose Register 0, col = 3,  data = 1
# tb_soc_ddr3_top.mem_core.data_task: at time 43949483.0 ps READ @ DQS MultiPurpose Register 0, col = 4,  data = 0
# tb_soc_ddr3_top.mem_core.data_task: at time 43950817.0 ps READ @ DQS MultiPurpose Register 0, col = 5,  data = 1
# tb_soc_ddr3_top.mem_core.data_task: at time 43952150.0 ps READ @ DQS MultiPurpose Register 0, col = 6,  data = 0
# tb_soc_ddr3_top.mem_core.data_task: at time 43953483.0 ps READ @ DQS MultiPurpose Register 0, col = 7,  data = 1
# tb_soc_ddr3_top.mem_core.cmd_task: at time 44302817.0 ps INFO: Read      bank 0 col 008, auto precharge 0
# tb_soc_ddr3_top.mem_core.cmd_task: at time 44313483.0 ps INFO: Read      bank 0 col 008, auto precharge 0
# tb_soc_ddr3_top.mem_core.cmd_task: at time 44324150.0 ps INFO: Read      bank 0 col 008, auto precharge 0
# tb_soc_ddr3_top.mem_core.data_task: at time 44328150.0 ps READ @ DQS MultiPurpose Register 0, col = 0,  data = 0
# tb_soc_ddr3_top.mem_core.data_task: at time 44329483.0 ps READ @ DQS MultiPurpose Register 0, col = 1,  data = 1
# tb_soc_ddr3_top.mem_core.data_task: at time 44330817.0 ps READ @ DQS MultiPurpose Register 0, col = 2,  data = 0
# tb_soc_ddr3_top.mem_core.data_task: at time 44332150.0 ps READ @ DQS MultiPurpose Register 0, col = 3,  data = 1
# tb_soc_ddr3_top.mem_core.data_task: at time 44333483.0 ps READ @ DQS MultiPurpose Register 0, col = 4,  data = 0
# tb_soc_ddr3_top.mem_core.data_task: at time 44334817.0 ps READ @ DQS MultiPurpose Register 0, col = 5,  data = 1
# tb_soc_ddr3_top.mem_core.cmd_task: at time 44334817.0 ps INFO: Read      bank 0 col 008, auto precharge 0
# tb_soc_ddr3_top.mem_core.data_task: at time 44336150.0 ps READ @ DQS MultiPurpose Register 0, col = 6,  data = 0
# tb_soc_ddr3_top.mem_core.data_task: at time 44337483.0 ps READ @ DQS MultiPurpose Register 0, col = 7,  data = 1
# tb_soc_ddr3_top.mem_core.data_task: at time 44338817.0 ps READ @ DQS MultiPurpose Register 0, col = 0,  data = 0
# tb_soc_ddr3_top.mem_core.data_task: at time 44340150.0 ps READ @ DQS MultiPurpose Register 0, col = 1,  data = 1
# tb_soc_ddr3_top.mem_core.data_task: at time 44341483.0 ps READ @ DQS MultiPurpose Register 0, col = 2,  data = 0
# tb_soc_ddr3_top.mem_core.data_task: at time 44342817.0 ps READ @ DQS MultiPurpose Register 0, col = 3,  data = 1
# tb_soc_ddr3_top.mem_core.data_task: at time 44344150.0 ps READ @ DQS MultiPurpose Register 0, col = 4,  data = 0
# tb_soc_ddr3_top.mem_core.data_task: at time 44345483.0 ps READ @ DQS MultiPurpose Register 0, col = 5,  data = 1
# tb_soc_ddr3_top.mem_core.cmd_task: at time 44345483.0 ps INFO: Read      bank 0 col 008, auto precharge 0
# tb_soc_ddr3_top.mem_core.data_task: at time 44346817.0 ps READ @ DQS MultiPurpose Register 0, col = 6,  data = 0
# tb_soc_ddr3_top.mem_core.data_task: at time 44348150.0 ps READ @ DQS MultiPurpose Register 0, col = 7,  data = 1
# tb_soc_ddr3_top.mem_core.data_task: at time 44349483.0 ps READ @ DQS MultiPurpose Register 0, col = 0,  data = 0
# tb_soc_ddr3_top.mem_core.data_task: at time 44350817.0 ps READ @ DQS MultiPurpose Register 0, col = 1,  data = 1
# tb_soc_ddr3_top.mem_core.data_task: at time 44352150.0 ps READ @ DQS MultiPurpose Register 0, col = 2,  data = 0
# tb_soc_ddr3_top.mem_core.data_task: at time 44353483.0 ps READ @ DQS MultiPurpose Register 0, col = 3,  data = 1
# tb_soc_ddr3_top.mem_core.data_task: at time 44354817.0 ps READ @ DQS MultiPurpose Register 0, col = 4,  data = 0
# tb_soc_ddr3_top.mem_core.data_task: at time 44356150.0 ps READ @ DQS MultiPurpose Register 0, col = 5,  data = 1
# tb_soc_ddr3_top.mem_core.cmd_task: at time 44356150.0 ps INFO: Read      bank 0 col 008, auto precharge 0
# tb_soc_ddr3_top.mem_core.data_task: at time 44357483.0 ps READ @ DQS MultiPurpose Register 0, col = 6,  data = 0
# tb_soc_ddr3_top.mem_core.data_task: at time 44358817.0 ps READ @ DQS MultiPurpose Register 0, col = 7,  data = 1
# tb_soc_ddr3_top.mem_core.data_task: at time 44360150.0 ps READ @ DQS MultiPurpose Register 0, col = 0,  data = 0
# tb_soc_ddr3_top.mem_core.data_task: at time 44361483.0 ps READ @ DQS MultiPurpose Register 0, col = 1,  data = 1
# tb_soc_ddr3_top.mem_core.data_task: at time 44362817.0 ps READ @ DQS MultiPurpose Register 0, col = 2,  data = 0
# tb_soc_ddr3_top.mem_core.data_task: at time 44364150.0 ps READ @ DQS MultiPurpose Register 0, col = 3,  data = 1
# tb_soc_ddr3_top.mem_core.data_task: at time 44365483.0 ps READ @ DQS MultiPurpose Register 0, col = 4,  data = 0
# tb_soc_ddr3_top.mem_core.data_task: at time 44366817.0 ps READ @ DQS MultiPurpose Register 0, col = 5,  data = 1
# tb_soc_ddr3_top.mem_core.cmd_task: at time 44366817.0 ps INFO: Read      bank 0 col 008, auto precharge 0
# tb_soc_ddr3_top.mem_core.data_task: at time 44368150.0 ps READ @ DQS MultiPurpose Register 0, col = 6,  data = 0
# tb_soc_ddr3_top.mem_core.data_task: at time 44369483.0 ps READ @ DQS MultiPurpose Register 0, col = 7,  data = 1
# tb_soc_ddr3_top.mem_core.data_task: at time 44370817.0 ps READ @ DQS MultiPurpose Register 0, col = 0,  data = 0
# tb_soc_ddr3_top.mem_core.data_task: at time 44372150.0 ps READ @ DQS MultiPurpose Register 0, col = 1,  data = 1
# tb_soc_ddr3_top.mem_core.data_task: at time 44373483.0 ps READ @ DQS MultiPurpose Register 0, col = 2,  data = 0
# tb_soc_ddr3_top.mem_core.data_task: at time 44374817.0 ps READ @ DQS MultiPurpose Register 0, col = 3,  data = 1
# tb_soc_ddr3_top.mem_core.data_task: at time 44376150.0 ps READ @ DQS MultiPurpose Register 0, col = 4,  data = 0
# tb_soc_ddr3_top.mem_core.data_task: at time 44377483.0 ps READ @ DQS MultiPurpose Register 0, col = 5,  data = 1
# tb_soc_ddr3_top.mem_core.cmd_task: at time 44377483.0 ps INFO: Read      bank 0 col 008, auto precharge 0
# tb_soc_ddr3_top.mem_core.data_task: at time 44378817.0 ps READ @ DQS MultiPurpose Register 0, col = 6,  data = 0
# tb_soc_ddr3_top.mem_core.data_task: at time 44380150.0 ps READ @ DQS MultiPurpose Register 0, col = 7,  data = 1
# tb_soc_ddr3_top.mem_core.data_task: at time 44381483.0 ps READ @ DQS MultiPurpose Register 0, col = 0,  data = 0
# tb_soc_ddr3_top.mem_core.data_task: at time 44382817.0 ps READ @ DQS MultiPurpose Register 0, col = 1,  data = 1
# tb_soc_ddr3_top.mem_core.data_task: at time 44384150.0 ps READ @ DQS MultiPurpose Register 0, col = 2,  data = 0
# tb_soc_ddr3_top.mem_core.data_task: at time 44385483.0 ps READ @ DQS MultiPurpose Register 0, col = 3,  data = 1
# tb_soc_ddr3_top.mem_core.data_task: at time 44386817.0 ps READ @ DQS MultiPurpose Register 0, col = 4,  data = 0
# tb_soc_ddr3_top.mem_core.data_task: at time 44388150.0 ps READ @ DQS MultiPurpose Register 0, col = 5,  data = 1
# tb_soc_ddr3_top.mem_core.cmd_task: at time 44388150.0 ps INFO: Read      bank 0 col 008, auto precharge 0
# tb_soc_ddr3_top.mem_core.data_task: at time 44389483.0 ps READ @ DQS MultiPurpose Register 0, col = 6,  data = 0
# tb_soc_ddr3_top.mem_core.data_task: at time 44390817.0 ps READ @ DQS MultiPurpose Register 0, col = 7,  data = 1
# tb_soc_ddr3_top.mem_core.data_task: at time 44392150.0 ps READ @ DQS MultiPurpose Register 0, col = 0,  data = 0
# tb_soc_ddr3_top.mem_core.data_task: at time 44393483.0 ps READ @ DQS MultiPurpose Register 0, col = 1,  data = 1
# tb_soc_ddr3_top.mem_core.data_task: at time 44394817.0 ps READ @ DQS MultiPurpose Register 0, col = 2,  data = 0
# tb_soc_ddr3_top.mem_core.data_task: at time 44396150.0 ps READ @ DQS MultiPurpose Register 0, col = 3,  data = 1
# tb_soc_ddr3_top.mem_core.data_task: at time 44397483.0 ps READ @ DQS MultiPurpose Register 0, col = 4,  data = 0
# tb_soc_ddr3_top.mem_core.data_task: at time 44398817.0 ps READ @ DQS MultiPurpose Register 0, col = 5,  data = 1
# tb_soc_ddr3_top.mem_core.cmd_task: at time 44398817.0 ps INFO: Read      bank 0 col 008, auto precharge 0
# tb_soc_ddr3_top.mem_core.data_task: at time 44400150.0 ps READ @ DQS MultiPurpose Register 0, col = 6,  data = 0
# tb_soc_ddr3_top.mem_core.data_task: at time 44401483.0 ps READ @ DQS MultiPurpose Register 0, col = 7,  data = 1
# tb_soc_ddr3_top.mem_core.data_task: at time 44402817.0 ps READ @ DQS MultiPurpose Register 0, col = 0,  data = 0
# tb_soc_ddr3_top.mem_core.data_task: at time 44404150.0 ps READ @ DQS MultiPurpose Register 0, col = 1,  data = 1
# tb_soc_ddr3_top.mem_core.data_task: at time 44405483.0 ps READ @ DQS MultiPurpose Register 0, col = 2,  data = 0
# tb_soc_ddr3_top.mem_core.data_task: at time 44406817.0 ps READ @ DQS MultiPurpose Register 0, col = 3,  data = 1
# tb_soc_ddr3_top.mem_core.data_task: at time 44408150.0 ps READ @ DQS MultiPurpose Register 0, col = 4,  data = 0
# tb_soc_ddr3_top.mem_core.data_task: at time 44409483.0 ps READ @ DQS MultiPurpose Register 0, col = 5,  data = 1
# tb_soc_ddr3_top.mem_core.data_task: at time 44410817.0 ps READ @ DQS MultiPurpose Register 0, col = 6,  data = 0
# tb_soc_ddr3_top.mem_core.data_task: at time 44412150.0 ps READ @ DQS MultiPurpose Register 0, col = 7,  data = 1
# tb_soc_ddr3_top.mem_core.data_task: at time 44413483.0 ps READ @ DQS MultiPurpose Register 0, col = 0,  data = 0
# tb_soc_ddr3_top.mem_core.data_task: at time 44414817.0 ps READ @ DQS MultiPurpose Register 0, col = 1,  data = 1
# tb_soc_ddr3_top.mem_core.data_task: at time 44416150.0 ps READ @ DQS MultiPurpose Register 0, col = 2,  data = 0
# tb_soc_ddr3_top.mem_core.data_task: at time 44417483.0 ps READ @ DQS MultiPurpose Register 0, col = 3,  data = 1
# tb_soc_ddr3_top.mem_core.data_task: at time 44418817.0 ps READ @ DQS MultiPurpose Register 0, col = 4,  data = 0
# tb_soc_ddr3_top.mem_core.data_task: at time 44420150.0 ps READ @ DQS MultiPurpose Register 0, col = 5,  data = 1
# tb_soc_ddr3_top.mem_core.data_task: at time 44421483.0 ps READ @ DQS MultiPurpose Register 0, col = 6,  data = 0
# tb_soc_ddr3_top.mem_core.data_task: at time 44422817.0 ps READ @ DQS MultiPurpose Register 0, col = 7,  data = 1
# tb_soc_ddr3_top.mem_core.data_task: at time 44424150.0 ps READ @ DQS MultiPurpose Register 0, col = 0,  data = 0
# tb_soc_ddr3_top.mem_core.data_task: at time 44425483.0 ps READ @ DQS MultiPurpose Register 0, col = 1,  data = 1
# tb_soc_ddr3_top.mem_core.data_task: at time 44426817.0 ps READ @ DQS MultiPurpose Register 0, col = 2,  data = 0
# tb_soc_ddr3_top.mem_core.data_task: at time 44428150.0 ps READ @ DQS MultiPurpose Register 0, col = 3,  data = 1
# tb_soc_ddr3_top.mem_core.data_task: at time 44429483.0 ps READ @ DQS MultiPurpose Register 0, col = 4,  data = 0
# tb_soc_ddr3_top.mem_core.data_task: at time 44430817.0 ps READ @ DQS MultiPurpose Register 0, col = 5,  data = 1
# tb_soc_ddr3_top.mem_core.data_task: at time 44432150.0 ps READ @ DQS MultiPurpose Register 0, col = 6,  data = 0
# tb_soc_ddr3_top.mem_core.data_task: at time 44433483.0 ps READ @ DQS MultiPurpose Register 0, col = 7,  data = 1
# tb_soc_ddr3_top.mem_core.cmd_task: at time 44782817.0 ps INFO: Read      bank 0 col 008, auto precharge 0
# tb_soc_ddr3_top.mem_core.cmd_task: at time 44793483.0 ps INFO: Read      bank 0 col 008, auto precharge 0
# tb_soc_ddr3_top.mem_core.cmd_task: at time 44804150.0 ps INFO: Read      bank 0 col 008, auto precharge 0
# tb_soc_ddr3_top.mem_core.data_task: at time 44808150.0 ps READ @ DQS MultiPurpose Register 0, col = 0,  data = 0
# tb_soc_ddr3_top.mem_core.data_task: at time 44809483.0 ps READ @ DQS MultiPurpose Register 0, col = 1,  data = 1
# tb_soc_ddr3_top.mem_core.data_task: at time 44810817.0 ps READ @ DQS MultiPurpose Register 0, col = 2,  data = 0
# tb_soc_ddr3_top.mem_core.data_task: at time 44812150.0 ps READ @ DQS MultiPurpose Register 0, col = 3,  data = 1
# tb_soc_ddr3_top.mem_core.data_task: at time 44813483.0 ps READ @ DQS MultiPurpose Register 0, col = 4,  data = 0
# tb_soc_ddr3_top.mem_core.data_task: at time 44814817.0 ps READ @ DQS MultiPurpose Register 0, col = 5,  data = 1
# tb_soc_ddr3_top.mem_core.cmd_task: at time 44814817.0 ps INFO: Read      bank 0 col 008, auto precharge 0
# tb_soc_ddr3_top.mem_core.data_task: at time 44816150.0 ps READ @ DQS MultiPurpose Register 0, col = 6,  data = 0
# tb_soc_ddr3_top.mem_core.data_task: at time 44817483.0 ps READ @ DQS MultiPurpose Register 0, col = 7,  data = 1
# tb_soc_ddr3_top.mem_core.data_task: at time 44818817.0 ps READ @ DQS MultiPurpose Register 0, col = 0,  data = 0
# tb_soc_ddr3_top.mem_core.data_task: at time 44820150.0 ps READ @ DQS MultiPurpose Register 0, col = 1,  data = 1
# tb_soc_ddr3_top.mem_core.data_task: at time 44821483.0 ps READ @ DQS MultiPurpose Register 0, col = 2,  data = 0
# tb_soc_ddr3_top.mem_core.data_task: at time 44822817.0 ps READ @ DQS MultiPurpose Register 0, col = 3,  data = 1
# tb_soc_ddr3_top.mem_core.data_task: at time 44824150.0 ps READ @ DQS MultiPurpose Register 0, col = 4,  data = 0
# tb_soc_ddr3_top.mem_core.data_task: at time 44825483.0 ps READ @ DQS MultiPurpose Register 0, col = 5,  data = 1
# tb_soc_ddr3_top.mem_core.cmd_task: at time 44825483.0 ps INFO: Read      bank 0 col 008, auto precharge 0
# tb_soc_ddr3_top.mem_core.data_task: at time 44826817.0 ps READ @ DQS MultiPurpose Register 0, col = 6,  data = 0
# tb_soc_ddr3_top.mem_core.data_task: at time 44828150.0 ps READ @ DQS MultiPurpose Register 0, col = 7,  data = 1
# tb_soc_ddr3_top.mem_core.data_task: at time 44829483.0 ps READ @ DQS MultiPurpose Register 0, col = 0,  data = 0
# tb_soc_ddr3_top.mem_core.data_task: at time 44830817.0 ps READ @ DQS MultiPurpose Register 0, col = 1,  data = 1
# tb_soc_ddr3_top.mem_core.data_task: at time 44832150.0 ps READ @ DQS MultiPurpose Register 0, col = 2,  data = 0
# tb_soc_ddr3_top.mem_core.data_task: at time 44833483.0 ps READ @ DQS MultiPurpose Register 0, col = 3,  data = 1
# tb_soc_ddr3_top.mem_core.data_task: at time 44834817.0 ps READ @ DQS MultiPurpose Register 0, col = 4,  data = 0
# tb_soc_ddr3_top.mem_core.data_task: at time 44836150.0 ps READ @ DQS MultiPurpose Register 0, col = 5,  data = 1
# tb_soc_ddr3_top.mem_core.cmd_task: at time 44836150.0 ps INFO: Read      bank 0 col 008, auto precharge 0
# tb_soc_ddr3_top.mem_core.data_task: at time 44837483.0 ps READ @ DQS MultiPurpose Register 0, col = 6,  data = 0
# tb_soc_ddr3_top.mem_core.data_task: at time 44838817.0 ps READ @ DQS MultiPurpose Register 0, col = 7,  data = 1
# tb_soc_ddr3_top.mem_core.data_task: at time 44840150.0 ps READ @ DQS MultiPurpose Register 0, col = 0,  data = 0
# tb_soc_ddr3_top.mem_core.data_task: at time 44841483.0 ps READ @ DQS MultiPurpose Register 0, col = 1,  data = 1
# tb_soc_ddr3_top.mem_core.data_task: at time 44842817.0 ps READ @ DQS MultiPurpose Register 0, col = 2,  data = 0
# tb_soc_ddr3_top.mem_core.data_task: at time 44844150.0 ps READ @ DQS MultiPurpose Register 0, col = 3,  data = 1
# tb_soc_ddr3_top.mem_core.data_task: at time 44845483.0 ps READ @ DQS MultiPurpose Register 0, col = 4,  data = 0
# tb_soc_ddr3_top.mem_core.data_task: at time 44846817.0 ps READ @ DQS MultiPurpose Register 0, col = 5,  data = 1
# tb_soc_ddr3_top.mem_core.cmd_task: at time 44846817.0 ps INFO: Read      bank 0 col 008, auto precharge 0
# tb_soc_ddr3_top.mem_core.data_task: at time 44848150.0 ps READ @ DQS MultiPurpose Register 0, col = 6,  data = 0
# tb_soc_ddr3_top.mem_core.data_task: at time 44849483.0 ps READ @ DQS MultiPurpose Register 0, col = 7,  data = 1
# tb_soc_ddr3_top.mem_core.data_task: at time 44850817.0 ps READ @ DQS MultiPurpose Register 0, col = 0,  data = 0
# tb_soc_ddr3_top.mem_core.data_task: at time 44852150.0 ps READ @ DQS MultiPurpose Register 0, col = 1,  data = 1
# tb_soc_ddr3_top.mem_core.data_task: at time 44853483.0 ps READ @ DQS MultiPurpose Register 0, col = 2,  data = 0
# tb_soc_ddr3_top.mem_core.data_task: at time 44854817.0 ps READ @ DQS MultiPurpose Register 0, col = 3,  data = 1
# tb_soc_ddr3_top.mem_core.data_task: at time 44856150.0 ps READ @ DQS MultiPurpose Register 0, col = 4,  data = 0
# tb_soc_ddr3_top.mem_core.data_task: at time 44857483.0 ps READ @ DQS MultiPurpose Register 0, col = 5,  data = 1
# tb_soc_ddr3_top.mem_core.cmd_task: at time 44857483.0 ps INFO: Read      bank 0 col 008, auto precharge 0
# tb_soc_ddr3_top.mem_core.data_task: at time 44858817.0 ps READ @ DQS MultiPurpose Register 0, col = 6,  data = 0
# tb_soc_ddr3_top.mem_core.data_task: at time 44860150.0 ps READ @ DQS MultiPurpose Register 0, col = 7,  data = 1
# tb_soc_ddr3_top.mem_core.data_task: at time 44861483.0 ps READ @ DQS MultiPurpose Register 0, col = 0,  data = 0
# tb_soc_ddr3_top.mem_core.data_task: at time 44862817.0 ps READ @ DQS MultiPurpose Register 0, col = 1,  data = 1
# tb_soc_ddr3_top.mem_core.data_task: at time 44864150.0 ps READ @ DQS MultiPurpose Register 0, col = 2,  data = 0
# tb_soc_ddr3_top.mem_core.data_task: at time 44865483.0 ps READ @ DQS MultiPurpose Register 0, col = 3,  data = 1
# tb_soc_ddr3_top.mem_core.data_task: at time 44866817.0 ps READ @ DQS MultiPurpose Register 0, col = 4,  data = 0
# tb_soc_ddr3_top.mem_core.data_task: at time 44868150.0 ps READ @ DQS MultiPurpose Register 0, col = 5,  data = 1
# tb_soc_ddr3_top.mem_core.cmd_task: at time 44868150.0 ps INFO: Read      bank 0 col 008, auto precharge 0
# tb_soc_ddr3_top.mem_core.data_task: at time 44869483.0 ps READ @ DQS MultiPurpose Register 0, col = 6,  data = 0
# tb_soc_ddr3_top.mem_core.data_task: at time 44870817.0 ps READ @ DQS MultiPurpose Register 0, col = 7,  data = 1
# tb_soc_ddr3_top.mem_core.data_task: at time 44872150.0 ps READ @ DQS MultiPurpose Register 0, col = 0,  data = 0
# tb_soc_ddr3_top.mem_core.data_task: at time 44873483.0 ps READ @ DQS MultiPurpose Register 0, col = 1,  data = 1
# tb_soc_ddr3_top.mem_core.data_task: at time 44874817.0 ps READ @ DQS MultiPurpose Register 0, col = 2,  data = 0
# tb_soc_ddr3_top.mem_core.data_task: at time 44876150.0 ps READ @ DQS MultiPurpose Register 0, col = 3,  data = 1
# tb_soc_ddr3_top.mem_core.data_task: at time 44877483.0 ps READ @ DQS MultiPurpose Register 0, col = 4,  data = 0
# tb_soc_ddr3_top.mem_core.data_task: at time 44878817.0 ps READ @ DQS MultiPurpose Register 0, col = 5,  data = 1
# tb_soc_ddr3_top.mem_core.cmd_task: at time 44878817.0 ps INFO: Read      bank 0 col 008, auto precharge 0
# tb_soc_ddr3_top.mem_core.data_task: at time 44880150.0 ps READ @ DQS MultiPurpose Register 0, col = 6,  data = 0
# tb_soc_ddr3_top.mem_core.data_task: at time 44881483.0 ps READ @ DQS MultiPurpose Register 0, col = 7,  data = 1
# tb_soc_ddr3_top.mem_core.data_task: at time 44882817.0 ps READ @ DQS MultiPurpose Register 0, col = 0,  data = 0
# tb_soc_ddr3_top.mem_core.data_task: at time 44884150.0 ps READ @ DQS MultiPurpose Register 0, col = 1,  data = 1
# tb_soc_ddr3_top.mem_core.data_task: at time 44885483.0 ps READ @ DQS MultiPurpose Register 0, col = 2,  data = 0
# tb_soc_ddr3_top.mem_core.data_task: at time 44886817.0 ps READ @ DQS MultiPurpose Register 0, col = 3,  data = 1
# tb_soc_ddr3_top.mem_core.data_task: at time 44888150.0 ps READ @ DQS MultiPurpose Register 0, col = 4,  data = 0
# tb_soc_ddr3_top.mem_core.data_task: at time 44889483.0 ps READ @ DQS MultiPurpose Register 0, col = 5,  data = 1
# tb_soc_ddr3_top.mem_core.data_task: at time 44890817.0 ps READ @ DQS MultiPurpose Register 0, col = 6,  data = 0
# tb_soc_ddr3_top.mem_core.data_task: at time 44892150.0 ps READ @ DQS MultiPurpose Register 0, col = 7,  data = 1
# tb_soc_ddr3_top.mem_core.data_task: at time 44893483.0 ps READ @ DQS MultiPurpose Register 0, col = 0,  data = 0
# tb_soc_ddr3_top.mem_core.data_task: at time 44894817.0 ps READ @ DQS MultiPurpose Register 0, col = 1,  data = 1
# tb_soc_ddr3_top.mem_core.data_task: at time 44896150.0 ps READ @ DQS MultiPurpose Register 0, col = 2,  data = 0
# tb_soc_ddr3_top.mem_core.data_task: at time 44897483.0 ps READ @ DQS MultiPurpose Register 0, col = 3,  data = 1
# tb_soc_ddr3_top.mem_core.data_task: at time 44898817.0 ps READ @ DQS MultiPurpose Register 0, col = 4,  data = 0
# tb_soc_ddr3_top.mem_core.data_task: at time 44900150.0 ps READ @ DQS MultiPurpose Register 0, col = 5,  data = 1
# tb_soc_ddr3_top.mem_core.data_task: at time 44901483.0 ps READ @ DQS MultiPurpose Register 0, col = 6,  data = 0
# tb_soc_ddr3_top.mem_core.data_task: at time 44902817.0 ps READ @ DQS MultiPurpose Register 0, col = 7,  data = 1
# tb_soc_ddr3_top.mem_core.data_task: at time 44904150.0 ps READ @ DQS MultiPurpose Register 0, col = 0,  data = 0
# tb_soc_ddr3_top.mem_core.data_task: at time 44905483.0 ps READ @ DQS MultiPurpose Register 0, col = 1,  data = 1
# tb_soc_ddr3_top.mem_core.data_task: at time 44906817.0 ps READ @ DQS MultiPurpose Register 0, col = 2,  data = 0
# tb_soc_ddr3_top.mem_core.data_task: at time 44908150.0 ps READ @ DQS MultiPurpose Register 0, col = 3,  data = 1
# tb_soc_ddr3_top.mem_core.data_task: at time 44909483.0 ps READ @ DQS MultiPurpose Register 0, col = 4,  data = 0
# tb_soc_ddr3_top.mem_core.data_task: at time 44910817.0 ps READ @ DQS MultiPurpose Register 0, col = 5,  data = 1
# tb_soc_ddr3_top.mem_core.data_task: at time 44912150.0 ps READ @ DQS MultiPurpose Register 0, col = 6,  data = 0
# tb_soc_ddr3_top.mem_core.data_task: at time 44913483.0 ps READ @ DQS MultiPurpose Register 0, col = 7,  data = 1
# tb_soc_ddr3_top.mem_core.cmd_task: at time 45262817.0 ps INFO: Read      bank 0 col 008, auto precharge 0
# tb_soc_ddr3_top.mem_core.cmd_task: at time 45273483.0 ps INFO: Read      bank 0 col 008, auto precharge 0
# tb_soc_ddr3_top.mem_core.cmd_task: at time 45284150.0 ps INFO: Read      bank 0 col 008, auto precharge 0
# tb_soc_ddr3_top.mem_core.data_task: at time 45288150.0 ps READ @ DQS MultiPurpose Register 0, col = 0,  data = 0
# tb_soc_ddr3_top.mem_core.data_task: at time 45289483.0 ps READ @ DQS MultiPurpose Register 0, col = 1,  data = 1
# tb_soc_ddr3_top.mem_core.data_task: at time 45290817.0 ps READ @ DQS MultiPurpose Register 0, col = 2,  data = 0
# tb_soc_ddr3_top.mem_core.data_task: at time 45292150.0 ps READ @ DQS MultiPurpose Register 0, col = 3,  data = 1
# tb_soc_ddr3_top.mem_core.data_task: at time 45293483.0 ps READ @ DQS MultiPurpose Register 0, col = 4,  data = 0
# tb_soc_ddr3_top.mem_core.data_task: at time 45294817.0 ps READ @ DQS MultiPurpose Register 0, col = 5,  data = 1
# tb_soc_ddr3_top.mem_core.cmd_task: at time 45294817.0 ps INFO: Read      bank 0 col 008, auto precharge 0
# tb_soc_ddr3_top.mem_core.data_task: at time 45296150.0 ps READ @ DQS MultiPurpose Register 0, col = 6,  data = 0
# tb_soc_ddr3_top.mem_core.data_task: at time 45297483.0 ps READ @ DQS MultiPurpose Register 0, col = 7,  data = 1
# tb_soc_ddr3_top.mem_core.data_task: at time 45298817.0 ps READ @ DQS MultiPurpose Register 0, col = 0,  data = 0
# tb_soc_ddr3_top.mem_core.data_task: at time 45300150.0 ps READ @ DQS MultiPurpose Register 0, col = 1,  data = 1
# tb_soc_ddr3_top.mem_core.data_task: at time 45301483.0 ps READ @ DQS MultiPurpose Register 0, col = 2,  data = 0
# tb_soc_ddr3_top.mem_core.data_task: at time 45302817.0 ps READ @ DQS MultiPurpose Register 0, col = 3,  data = 1
# tb_soc_ddr3_top.mem_core.data_task: at time 45304150.0 ps READ @ DQS MultiPurpose Register 0, col = 4,  data = 0
# tb_soc_ddr3_top.mem_core.data_task: at time 45305483.0 ps READ @ DQS MultiPurpose Register 0, col = 5,  data = 1
# tb_soc_ddr3_top.mem_core.cmd_task: at time 45305483.0 ps INFO: Read      bank 0 col 008, auto precharge 0
# tb_soc_ddr3_top.mem_core.data_task: at time 45306817.0 ps READ @ DQS MultiPurpose Register 0, col = 6,  data = 0
# tb_soc_ddr3_top.mem_core.data_task: at time 45308150.0 ps READ @ DQS MultiPurpose Register 0, col = 7,  data = 1
# tb_soc_ddr3_top.mem_core.data_task: at time 45309483.0 ps READ @ DQS MultiPurpose Register 0, col = 0,  data = 0
# tb_soc_ddr3_top.mem_core.data_task: at time 45310817.0 ps READ @ DQS MultiPurpose Register 0, col = 1,  data = 1
# tb_soc_ddr3_top.mem_core.data_task: at time 45312150.0 ps READ @ DQS MultiPurpose Register 0, col = 2,  data = 0
# tb_soc_ddr3_top.mem_core.data_task: at time 45313483.0 ps READ @ DQS MultiPurpose Register 0, col = 3,  data = 1
# tb_soc_ddr3_top.mem_core.data_task: at time 45314817.0 ps READ @ DQS MultiPurpose Register 0, col = 4,  data = 0
# tb_soc_ddr3_top.mem_core.data_task: at time 45316150.0 ps READ @ DQS MultiPurpose Register 0, col = 5,  data = 1
# tb_soc_ddr3_top.mem_core.cmd_task: at time 45316150.0 ps INFO: Read      bank 0 col 008, auto precharge 0
# tb_soc_ddr3_top.mem_core.data_task: at time 45317483.0 ps READ @ DQS MultiPurpose Register 0, col = 6,  data = 0
# tb_soc_ddr3_top.mem_core.data_task: at time 45318817.0 ps READ @ DQS MultiPurpose Register 0, col = 7,  data = 1
# tb_soc_ddr3_top.mem_core.data_task: at time 45320150.0 ps READ @ DQS MultiPurpose Register 0, col = 0,  data = 0
# tb_soc_ddr3_top.mem_core.data_task: at time 45321483.0 ps READ @ DQS MultiPurpose Register 0, col = 1,  data = 1
# tb_soc_ddr3_top.mem_core.data_task: at time 45322817.0 ps READ @ DQS MultiPurpose Register 0, col = 2,  data = 0
# tb_soc_ddr3_top.mem_core.data_task: at time 45324150.0 ps READ @ DQS MultiPurpose Register 0, col = 3,  data = 1
# tb_soc_ddr3_top.mem_core.data_task: at time 45325483.0 ps READ @ DQS MultiPurpose Register 0, col = 4,  data = 0
# tb_soc_ddr3_top.mem_core.data_task: at time 45326817.0 ps READ @ DQS MultiPurpose Register 0, col = 5,  data = 1
# tb_soc_ddr3_top.mem_core.cmd_task: at time 45326817.0 ps INFO: Read      bank 0 col 008, auto precharge 0
# tb_soc_ddr3_top.mem_core.data_task: at time 45328150.0 ps READ @ DQS MultiPurpose Register 0, col = 6,  data = 0
# tb_soc_ddr3_top.mem_core.data_task: at time 45329483.0 ps READ @ DQS MultiPurpose Register 0, col = 7,  data = 1
# tb_soc_ddr3_top.mem_core.data_task: at time 45330817.0 ps READ @ DQS MultiPurpose Register 0, col = 0,  data = 0
# tb_soc_ddr3_top.mem_core.data_task: at time 45332150.0 ps READ @ DQS MultiPurpose Register 0, col = 1,  data = 1
# tb_soc_ddr3_top.mem_core.data_task: at time 45333483.0 ps READ @ DQS MultiPurpose Register 0, col = 2,  data = 0
# tb_soc_ddr3_top.mem_core.data_task: at time 45334817.0 ps READ @ DQS MultiPurpose Register 0, col = 3,  data = 1
# tb_soc_ddr3_top.mem_core.data_task: at time 45336150.0 ps READ @ DQS MultiPurpose Register 0, col = 4,  data = 0
# tb_soc_ddr3_top.mem_core.data_task: at time 45337483.0 ps READ @ DQS MultiPurpose Register 0, col = 5,  data = 1
# tb_soc_ddr3_top.mem_core.cmd_task: at time 45337483.0 ps INFO: Read      bank 0 col 008, auto precharge 0
# tb_soc_ddr3_top.mem_core.data_task: at time 45338817.0 ps READ @ DQS MultiPurpose Register 0, col = 6,  data = 0
# tb_soc_ddr3_top.mem_core.data_task: at time 45340150.0 ps READ @ DQS MultiPurpose Register 0, col = 7,  data = 1
# tb_soc_ddr3_top.mem_core.data_task: at time 45341483.0 ps READ @ DQS MultiPurpose Register 0, col = 0,  data = 0
# tb_soc_ddr3_top.mem_core.data_task: at time 45342817.0 ps READ @ DQS MultiPurpose Register 0, col = 1,  data = 1
# tb_soc_ddr3_top.mem_core.data_task: at time 45344150.0 ps READ @ DQS MultiPurpose Register 0, col = 2,  data = 0
# tb_soc_ddr3_top.mem_core.data_task: at time 45345483.0 ps READ @ DQS MultiPurpose Register 0, col = 3,  data = 1
# tb_soc_ddr3_top.mem_core.data_task: at time 45346817.0 ps READ @ DQS MultiPurpose Register 0, col = 4,  data = 0
# tb_soc_ddr3_top.mem_core.data_task: at time 45348150.0 ps READ @ DQS MultiPurpose Register 0, col = 5,  data = 1
# tb_soc_ddr3_top.mem_core.cmd_task: at time 45348150.0 ps INFO: Read      bank 0 col 008, auto precharge 0
# tb_soc_ddr3_top.mem_core.data_task: at time 45349483.0 ps READ @ DQS MultiPurpose Register 0, col = 6,  data = 0
# tb_soc_ddr3_top.mem_core.data_task: at time 45350817.0 ps READ @ DQS MultiPurpose Register 0, col = 7,  data = 1
# tb_soc_ddr3_top.mem_core.data_task: at time 45352150.0 ps READ @ DQS MultiPurpose Register 0, col = 0,  data = 0
# tb_soc_ddr3_top.mem_core.data_task: at time 45353483.0 ps READ @ DQS MultiPurpose Register 0, col = 1,  data = 1
# tb_soc_ddr3_top.mem_core.data_task: at time 45354817.0 ps READ @ DQS MultiPurpose Register 0, col = 2,  data = 0
# tb_soc_ddr3_top.mem_core.data_task: at time 45356150.0 ps READ @ DQS MultiPurpose Register 0, col = 3,  data = 1
# tb_soc_ddr3_top.mem_core.data_task: at time 45357483.0 ps READ @ DQS MultiPurpose Register 0, col = 4,  data = 0
# tb_soc_ddr3_top.mem_core.data_task: at time 45358817.0 ps READ @ DQS MultiPurpose Register 0, col = 5,  data = 1
# tb_soc_ddr3_top.mem_core.cmd_task: at time 45358817.0 ps INFO: Read      bank 0 col 008, auto precharge 0
# tb_soc_ddr3_top.mem_core.data_task: at time 45360150.0 ps READ @ DQS MultiPurpose Register 0, col = 6,  data = 0
# tb_soc_ddr3_top.mem_core.data_task: at time 45361483.0 ps READ @ DQS MultiPurpose Register 0, col = 7,  data = 1
# tb_soc_ddr3_top.mem_core.data_task: at time 45362817.0 ps READ @ DQS MultiPurpose Register 0, col = 0,  data = 0
# tb_soc_ddr3_top.mem_core.data_task: at time 45364150.0 ps READ @ DQS MultiPurpose Register 0, col = 1,  data = 1
# tb_soc_ddr3_top.mem_core.data_task: at time 45365483.0 ps READ @ DQS MultiPurpose Register 0, col = 2,  data = 0
# tb_soc_ddr3_top.mem_core.data_task: at time 45366817.0 ps READ @ DQS MultiPurpose Register 0, col = 3,  data = 1
# tb_soc_ddr3_top.mem_core.data_task: at time 45368150.0 ps READ @ DQS MultiPurpose Register 0, col = 4,  data = 0
# tb_soc_ddr3_top.mem_core.data_task: at time 45369483.0 ps READ @ DQS MultiPurpose Register 0, col = 5,  data = 1
# tb_soc_ddr3_top.mem_core.data_task: at time 45370817.0 ps READ @ DQS MultiPurpose Register 0, col = 6,  data = 0
# tb_soc_ddr3_top.mem_core.data_task: at time 45372150.0 ps READ @ DQS MultiPurpose Register 0, col = 7,  data = 1
# tb_soc_ddr3_top.mem_core.data_task: at time 45373483.0 ps READ @ DQS MultiPurpose Register 0, col = 0,  data = 0
# tb_soc_ddr3_top.mem_core.data_task: at time 45374817.0 ps READ @ DQS MultiPurpose Register 0, col = 1,  data = 1
# tb_soc_ddr3_top.mem_core.data_task: at time 45376150.0 ps READ @ DQS MultiPurpose Register 0, col = 2,  data = 0
# tb_soc_ddr3_top.mem_core.data_task: at time 45377483.0 ps READ @ DQS MultiPurpose Register 0, col = 3,  data = 1
# tb_soc_ddr3_top.mem_core.data_task: at time 45378817.0 ps READ @ DQS MultiPurpose Register 0, col = 4,  data = 0
# tb_soc_ddr3_top.mem_core.data_task: at time 45380150.0 ps READ @ DQS MultiPurpose Register 0, col = 5,  data = 1
# tb_soc_ddr3_top.mem_core.data_task: at time 45381483.0 ps READ @ DQS MultiPurpose Register 0, col = 6,  data = 0
# tb_soc_ddr3_top.mem_core.data_task: at time 45382817.0 ps READ @ DQS MultiPurpose Register 0, col = 7,  data = 1
# tb_soc_ddr3_top.mem_core.data_task: at time 45384150.0 ps READ @ DQS MultiPurpose Register 0, col = 0,  data = 0
# tb_soc_ddr3_top.mem_core.data_task: at time 45385483.0 ps READ @ DQS MultiPurpose Register 0, col = 1,  data = 1
# tb_soc_ddr3_top.mem_core.data_task: at time 45386817.0 ps READ @ DQS MultiPurpose Register 0, col = 2,  data = 0
# tb_soc_ddr3_top.mem_core.data_task: at time 45388150.0 ps READ @ DQS MultiPurpose Register 0, col = 3,  data = 1
# tb_soc_ddr3_top.mem_core.data_task: at time 45389483.0 ps READ @ DQS MultiPurpose Register 0, col = 4,  data = 0
# tb_soc_ddr3_top.mem_core.data_task: at time 45390817.0 ps READ @ DQS MultiPurpose Register 0, col = 5,  data = 1
# tb_soc_ddr3_top.mem_core.data_task: at time 45392150.0 ps READ @ DQS MultiPurpose Register 0, col = 6,  data = 0
# tb_soc_ddr3_top.mem_core.data_task: at time 45393483.0 ps READ @ DQS MultiPurpose Register 0, col = 7,  data = 1
# tb_soc_ddr3_top.mem_core.cmd_task: at time 45742817.0 ps INFO: Read      bank 0 col 008, auto precharge 0
# tb_soc_ddr3_top.mem_core.cmd_task: at time 45753483.0 ps INFO: Read      bank 0 col 008, auto precharge 0
# tb_soc_ddr3_top.mem_core.cmd_task: at time 45764150.0 ps INFO: Read      bank 0 col 008, auto precharge 0
# tb_soc_ddr3_top.mem_core.data_task: at time 45768150.0 ps READ @ DQS MultiPurpose Register 0, col = 0,  data = 0
# tb_soc_ddr3_top.mem_core.data_task: at time 45769483.0 ps READ @ DQS MultiPurpose Register 0, col = 1,  data = 1
# tb_soc_ddr3_top.mem_core.data_task: at time 45770817.0 ps READ @ DQS MultiPurpose Register 0, col = 2,  data = 0
# tb_soc_ddr3_top.mem_core.data_task: at time 45772150.0 ps READ @ DQS MultiPurpose Register 0, col = 3,  data = 1
# tb_soc_ddr3_top.mem_core.data_task: at time 45773483.0 ps READ @ DQS MultiPurpose Register 0, col = 4,  data = 0
# tb_soc_ddr3_top.mem_core.data_task: at time 45774817.0 ps READ @ DQS MultiPurpose Register 0, col = 5,  data = 1
# tb_soc_ddr3_top.mem_core.cmd_task: at time 45774817.0 ps INFO: Read      bank 0 col 008, auto precharge 0
# tb_soc_ddr3_top.mem_core.data_task: at time 45776150.0 ps READ @ DQS MultiPurpose Register 0, col = 6,  data = 0
# tb_soc_ddr3_top.mem_core.data_task: at time 45777483.0 ps READ @ DQS MultiPurpose Register 0, col = 7,  data = 1
# tb_soc_ddr3_top.mem_core.data_task: at time 45778817.0 ps READ @ DQS MultiPurpose Register 0, col = 0,  data = 0
# tb_soc_ddr3_top.mem_core.data_task: at time 45780150.0 ps READ @ DQS MultiPurpose Register 0, col = 1,  data = 1
# tb_soc_ddr3_top.mem_core.data_task: at time 45781483.0 ps READ @ DQS MultiPurpose Register 0, col = 2,  data = 0
# tb_soc_ddr3_top.mem_core.data_task: at time 45782817.0 ps READ @ DQS MultiPurpose Register 0, col = 3,  data = 1
# tb_soc_ddr3_top.mem_core.data_task: at time 45784150.0 ps READ @ DQS MultiPurpose Register 0, col = 4,  data = 0
# tb_soc_ddr3_top.mem_core.data_task: at time 45785483.0 ps READ @ DQS MultiPurpose Register 0, col = 5,  data = 1
# tb_soc_ddr3_top.mem_core.cmd_task: at time 45785483.0 ps INFO: Read      bank 0 col 008, auto precharge 0
# tb_soc_ddr3_top.mem_core.data_task: at time 45786817.0 ps READ @ DQS MultiPurpose Register 0, col = 6,  data = 0
# tb_soc_ddr3_top.mem_core.data_task: at time 45788150.0 ps READ @ DQS MultiPurpose Register 0, col = 7,  data = 1
# tb_soc_ddr3_top.mem_core.data_task: at time 45789483.0 ps READ @ DQS MultiPurpose Register 0, col = 0,  data = 0
# tb_soc_ddr3_top.mem_core.data_task: at time 45790817.0 ps READ @ DQS MultiPurpose Register 0, col = 1,  data = 1
# tb_soc_ddr3_top.mem_core.data_task: at time 45792150.0 ps READ @ DQS MultiPurpose Register 0, col = 2,  data = 0
# tb_soc_ddr3_top.mem_core.data_task: at time 45793483.0 ps READ @ DQS MultiPurpose Register 0, col = 3,  data = 1
# tb_soc_ddr3_top.mem_core.data_task: at time 45794817.0 ps READ @ DQS MultiPurpose Register 0, col = 4,  data = 0
# tb_soc_ddr3_top.mem_core.data_task: at time 45796150.0 ps READ @ DQS MultiPurpose Register 0, col = 5,  data = 1
# tb_soc_ddr3_top.mem_core.cmd_task: at time 45796150.0 ps INFO: Read      bank 0 col 008, auto precharge 0
# tb_soc_ddr3_top.mem_core.data_task: at time 45797483.0 ps READ @ DQS MultiPurpose Register 0, col = 6,  data = 0
# tb_soc_ddr3_top.mem_core.data_task: at time 45798817.0 ps READ @ DQS MultiPurpose Register 0, col = 7,  data = 1
# tb_soc_ddr3_top.mem_core.data_task: at time 45800150.0 ps READ @ DQS MultiPurpose Register 0, col = 0,  data = 0
# tb_soc_ddr3_top.mem_core.data_task: at time 45801483.0 ps READ @ DQS MultiPurpose Register 0, col = 1,  data = 1
# tb_soc_ddr3_top.mem_core.data_task: at time 45802817.0 ps READ @ DQS MultiPurpose Register 0, col = 2,  data = 0
# tb_soc_ddr3_top.mem_core.data_task: at time 45804150.0 ps READ @ DQS MultiPurpose Register 0, col = 3,  data = 1
# tb_soc_ddr3_top.mem_core.data_task: at time 45805483.0 ps READ @ DQS MultiPurpose Register 0, col = 4,  data = 0
# tb_soc_ddr3_top.mem_core.data_task: at time 45806817.0 ps READ @ DQS MultiPurpose Register 0, col = 5,  data = 1
# tb_soc_ddr3_top.mem_core.cmd_task: at time 45806817.0 ps INFO: Read      bank 0 col 008, auto precharge 0
# tb_soc_ddr3_top.mem_core.data_task: at time 45808150.0 ps READ @ DQS MultiPurpose Register 0, col = 6,  data = 0
# tb_soc_ddr3_top.mem_core.data_task: at time 45809483.0 ps READ @ DQS MultiPurpose Register 0, col = 7,  data = 1
# tb_soc_ddr3_top.mem_core.data_task: at time 45810817.0 ps READ @ DQS MultiPurpose Register 0, col = 0,  data = 0
# tb_soc_ddr3_top.mem_core.data_task: at time 45812150.0 ps READ @ DQS MultiPurpose Register 0, col = 1,  data = 1
# tb_soc_ddr3_top.mem_core.data_task: at time 45813483.0 ps READ @ DQS MultiPurpose Register 0, col = 2,  data = 0
# tb_soc_ddr3_top.mem_core.data_task: at time 45814817.0 ps READ @ DQS MultiPurpose Register 0, col = 3,  data = 1
# tb_soc_ddr3_top.mem_core.data_task: at time 45816150.0 ps READ @ DQS MultiPurpose Register 0, col = 4,  data = 0
# tb_soc_ddr3_top.mem_core.data_task: at time 45817483.0 ps READ @ DQS MultiPurpose Register 0, col = 5,  data = 1
# tb_soc_ddr3_top.mem_core.cmd_task: at time 45817483.0 ps INFO: Read      bank 0 col 008, auto precharge 0
# tb_soc_ddr3_top.mem_core.data_task: at time 45818817.0 ps READ @ DQS MultiPurpose Register 0, col = 6,  data = 0
# tb_soc_ddr3_top.mem_core.data_task: at time 45820150.0 ps READ @ DQS MultiPurpose Register 0, col = 7,  data = 1
# tb_soc_ddr3_top.mem_core.data_task: at time 45821483.0 ps READ @ DQS MultiPurpose Register 0, col = 0,  data = 0
# tb_soc_ddr3_top.mem_core.data_task: at time 45822817.0 ps READ @ DQS MultiPurpose Register 0, col = 1,  data = 1
# tb_soc_ddr3_top.mem_core.data_task: at time 45824150.0 ps READ @ DQS MultiPurpose Register 0, col = 2,  data = 0
# tb_soc_ddr3_top.mem_core.data_task: at time 45825483.0 ps READ @ DQS MultiPurpose Register 0, col = 3,  data = 1
# tb_soc_ddr3_top.mem_core.data_task: at time 45826817.0 ps READ @ DQS MultiPurpose Register 0, col = 4,  data = 0
# tb_soc_ddr3_top.mem_core.data_task: at time 45828150.0 ps READ @ DQS MultiPurpose Register 0, col = 5,  data = 1
# tb_soc_ddr3_top.mem_core.cmd_task: at time 45828150.0 ps INFO: Read      bank 0 col 008, auto precharge 0
# tb_soc_ddr3_top.mem_core.data_task: at time 45829483.0 ps READ @ DQS MultiPurpose Register 0, col = 6,  data = 0
# tb_soc_ddr3_top.mem_core.data_task: at time 45830817.0 ps READ @ DQS MultiPurpose Register 0, col = 7,  data = 1
# tb_soc_ddr3_top.mem_core.data_task: at time 45832150.0 ps READ @ DQS MultiPurpose Register 0, col = 0,  data = 0
# tb_soc_ddr3_top.mem_core.data_task: at time 45833483.0 ps READ @ DQS MultiPurpose Register 0, col = 1,  data = 1
# tb_soc_ddr3_top.mem_core.data_task: at time 45834817.0 ps READ @ DQS MultiPurpose Register 0, col = 2,  data = 0
# tb_soc_ddr3_top.mem_core.data_task: at time 45836150.0 ps READ @ DQS MultiPurpose Register 0, col = 3,  data = 1
# tb_soc_ddr3_top.mem_core.data_task: at time 45837483.0 ps READ @ DQS MultiPurpose Register 0, col = 4,  data = 0
# tb_soc_ddr3_top.mem_core.data_task: at time 45838817.0 ps READ @ DQS MultiPurpose Register 0, col = 5,  data = 1
# tb_soc_ddr3_top.mem_core.cmd_task: at time 45838817.0 ps INFO: Read      bank 0 col 008, auto precharge 0
# tb_soc_ddr3_top.mem_core.data_task: at time 45840150.0 ps READ @ DQS MultiPurpose Register 0, col = 6,  data = 0
# tb_soc_ddr3_top.mem_core.data_task: at time 45841483.0 ps READ @ DQS MultiPurpose Register 0, col = 7,  data = 1
# tb_soc_ddr3_top.mem_core.data_task: at time 45842817.0 ps READ @ DQS MultiPurpose Register 0, col = 0,  data = 0
# tb_soc_ddr3_top.mem_core.data_task: at time 45844150.0 ps READ @ DQS MultiPurpose Register 0, col = 1,  data = 1
# tb_soc_ddr3_top.mem_core.data_task: at time 45845483.0 ps READ @ DQS MultiPurpose Register 0, col = 2,  data = 0
# tb_soc_ddr3_top.mem_core.data_task: at time 45846817.0 ps READ @ DQS MultiPurpose Register 0, col = 3,  data = 1
# tb_soc_ddr3_top.mem_core.data_task: at time 45848150.0 ps READ @ DQS MultiPurpose Register 0, col = 4,  data = 0
# tb_soc_ddr3_top.mem_core.data_task: at time 45849483.0 ps READ @ DQS MultiPurpose Register 0, col = 5,  data = 1
# tb_soc_ddr3_top.mem_core.data_task: at time 45850817.0 ps READ @ DQS MultiPurpose Register 0, col = 6,  data = 0
# tb_soc_ddr3_top.mem_core.data_task: at time 45852150.0 ps READ @ DQS MultiPurpose Register 0, col = 7,  data = 1
# tb_soc_ddr3_top.mem_core.data_task: at time 45853483.0 ps READ @ DQS MultiPurpose Register 0, col = 0,  data = 0
# tb_soc_ddr3_top.mem_core.data_task: at time 45854817.0 ps READ @ DQS MultiPurpose Register 0, col = 1,  data = 1
# tb_soc_ddr3_top.mem_core.data_task: at time 45856150.0 ps READ @ DQS MultiPurpose Register 0, col = 2,  data = 0
# tb_soc_ddr3_top.mem_core.data_task: at time 45857483.0 ps READ @ DQS MultiPurpose Register 0, col = 3,  data = 1
# tb_soc_ddr3_top.mem_core.data_task: at time 45858817.0 ps READ @ DQS MultiPurpose Register 0, col = 4,  data = 0
# tb_soc_ddr3_top.mem_core.data_task: at time 45860150.0 ps READ @ DQS MultiPurpose Register 0, col = 5,  data = 1
# tb_soc_ddr3_top.mem_core.data_task: at time 45861483.0 ps READ @ DQS MultiPurpose Register 0, col = 6,  data = 0
# tb_soc_ddr3_top.mem_core.data_task: at time 45862817.0 ps READ @ DQS MultiPurpose Register 0, col = 7,  data = 1
# tb_soc_ddr3_top.mem_core.data_task: at time 45864150.0 ps READ @ DQS MultiPurpose Register 0, col = 0,  data = 0
# tb_soc_ddr3_top.mem_core.data_task: at time 45865483.0 ps READ @ DQS MultiPurpose Register 0, col = 1,  data = 1
# tb_soc_ddr3_top.mem_core.data_task: at time 45866817.0 ps READ @ DQS MultiPurpose Register 0, col = 2,  data = 0
# tb_soc_ddr3_top.mem_core.data_task: at time 45868150.0 ps READ @ DQS MultiPurpose Register 0, col = 3,  data = 1
# tb_soc_ddr3_top.mem_core.data_task: at time 45869483.0 ps READ @ DQS MultiPurpose Register 0, col = 4,  data = 0
# tb_soc_ddr3_top.mem_core.data_task: at time 45870817.0 ps READ @ DQS MultiPurpose Register 0, col = 5,  data = 1
# tb_soc_ddr3_top.mem_core.data_task: at time 45872150.0 ps READ @ DQS MultiPurpose Register 0, col = 6,  data = 0
# tb_soc_ddr3_top.mem_core.data_task: at time 45873483.0 ps READ @ DQS MultiPurpose Register 0, col = 7,  data = 1
# tb_soc_ddr3_top.mem_core.cmd_task: at time 46222817.0 ps INFO: Read      bank 0 col 008, auto precharge 0
# tb_soc_ddr3_top.mem_core.cmd_task: at time 46233483.0 ps INFO: Read      bank 0 col 008, auto precharge 0
# tb_soc_ddr3_top.mem_core.cmd_task: at time 46244150.0 ps INFO: Read      bank 0 col 008, auto precharge 0
# tb_soc_ddr3_top.mem_core.data_task: at time 46248150.0 ps READ @ DQS MultiPurpose Register 0, col = 0,  data = 0
# tb_soc_ddr3_top.mem_core.data_task: at time 46249483.0 ps READ @ DQS MultiPurpose Register 0, col = 1,  data = 1
# tb_soc_ddr3_top.mem_core.data_task: at time 46250817.0 ps READ @ DQS MultiPurpose Register 0, col = 2,  data = 0
# tb_soc_ddr3_top.mem_core.data_task: at time 46252150.0 ps READ @ DQS MultiPurpose Register 0, col = 3,  data = 1
# tb_soc_ddr3_top.mem_core.data_task: at time 46253483.0 ps READ @ DQS MultiPurpose Register 0, col = 4,  data = 0
# tb_soc_ddr3_top.mem_core.data_task: at time 46254817.0 ps READ @ DQS MultiPurpose Register 0, col = 5,  data = 1
# tb_soc_ddr3_top.mem_core.cmd_task: at time 46254817.0 ps INFO: Read      bank 0 col 008, auto precharge 0
# tb_soc_ddr3_top.mem_core.data_task: at time 46256150.0 ps READ @ DQS MultiPurpose Register 0, col = 6,  data = 0
# tb_soc_ddr3_top.mem_core.data_task: at time 46257483.0 ps READ @ DQS MultiPurpose Register 0, col = 7,  data = 1
# tb_soc_ddr3_top.mem_core.data_task: at time 46258817.0 ps READ @ DQS MultiPurpose Register 0, col = 0,  data = 0
# tb_soc_ddr3_top.mem_core.data_task: at time 46260150.0 ps READ @ DQS MultiPurpose Register 0, col = 1,  data = 1
# tb_soc_ddr3_top.mem_core.data_task: at time 46261483.0 ps READ @ DQS MultiPurpose Register 0, col = 2,  data = 0
# tb_soc_ddr3_top.mem_core.data_task: at time 46262817.0 ps READ @ DQS MultiPurpose Register 0, col = 3,  data = 1
# tb_soc_ddr3_top.mem_core.data_task: at time 46264150.0 ps READ @ DQS MultiPurpose Register 0, col = 4,  data = 0
# tb_soc_ddr3_top.mem_core.data_task: at time 46265483.0 ps READ @ DQS MultiPurpose Register 0, col = 5,  data = 1
# tb_soc_ddr3_top.mem_core.cmd_task: at time 46265483.0 ps INFO: Read      bank 0 col 008, auto precharge 0
# tb_soc_ddr3_top.mem_core.data_task: at time 46266817.0 ps READ @ DQS MultiPurpose Register 0, col = 6,  data = 0
# tb_soc_ddr3_top.mem_core.data_task: at time 46268150.0 ps READ @ DQS MultiPurpose Register 0, col = 7,  data = 1
# tb_soc_ddr3_top.mem_core.data_task: at time 46269483.0 ps READ @ DQS MultiPurpose Register 0, col = 0,  data = 0
# tb_soc_ddr3_top.mem_core.data_task: at time 46270817.0 ps READ @ DQS MultiPurpose Register 0, col = 1,  data = 1
# tb_soc_ddr3_top.mem_core.data_task: at time 46272150.0 ps READ @ DQS MultiPurpose Register 0, col = 2,  data = 0
# tb_soc_ddr3_top.mem_core.data_task: at time 46273483.0 ps READ @ DQS MultiPurpose Register 0, col = 3,  data = 1
# tb_soc_ddr3_top.mem_core.data_task: at time 46274817.0 ps READ @ DQS MultiPurpose Register 0, col = 4,  data = 0
# tb_soc_ddr3_top.mem_core.data_task: at time 46276150.0 ps READ @ DQS MultiPurpose Register 0, col = 5,  data = 1
# tb_soc_ddr3_top.mem_core.cmd_task: at time 46276150.0 ps INFO: Read      bank 0 col 008, auto precharge 0
# tb_soc_ddr3_top.mem_core.data_task: at time 46277483.0 ps READ @ DQS MultiPurpose Register 0, col = 6,  data = 0
# tb_soc_ddr3_top.mem_core.data_task: at time 46278817.0 ps READ @ DQS MultiPurpose Register 0, col = 7,  data = 1
# tb_soc_ddr3_top.mem_core.data_task: at time 46280150.0 ps READ @ DQS MultiPurpose Register 0, col = 0,  data = 0
# tb_soc_ddr3_top.mem_core.data_task: at time 46281483.0 ps READ @ DQS MultiPurpose Register 0, col = 1,  data = 1
# tb_soc_ddr3_top.mem_core.data_task: at time 46282817.0 ps READ @ DQS MultiPurpose Register 0, col = 2,  data = 0
# tb_soc_ddr3_top.mem_core.data_task: at time 46284150.0 ps READ @ DQS MultiPurpose Register 0, col = 3,  data = 1
# tb_soc_ddr3_top.mem_core.data_task: at time 46285483.0 ps READ @ DQS MultiPurpose Register 0, col = 4,  data = 0
# tb_soc_ddr3_top.mem_core.data_task: at time 46286817.0 ps READ @ DQS MultiPurpose Register 0, col = 5,  data = 1
# tb_soc_ddr3_top.mem_core.cmd_task: at time 46286817.0 ps INFO: Read      bank 0 col 008, auto precharge 0
# tb_soc_ddr3_top.mem_core.data_task: at time 46288150.0 ps READ @ DQS MultiPurpose Register 0, col = 6,  data = 0
# tb_soc_ddr3_top.mem_core.data_task: at time 46289483.0 ps READ @ DQS MultiPurpose Register 0, col = 7,  data = 1
# tb_soc_ddr3_top.mem_core.data_task: at time 46290817.0 ps READ @ DQS MultiPurpose Register 0, col = 0,  data = 0
# tb_soc_ddr3_top.mem_core.data_task: at time 46292150.0 ps READ @ DQS MultiPurpose Register 0, col = 1,  data = 1
# tb_soc_ddr3_top.mem_core.data_task: at time 46293483.0 ps READ @ DQS MultiPurpose Register 0, col = 2,  data = 0
# tb_soc_ddr3_top.mem_core.data_task: at time 46294817.0 ps READ @ DQS MultiPurpose Register 0, col = 3,  data = 1
# tb_soc_ddr3_top.mem_core.data_task: at time 46296150.0 ps READ @ DQS MultiPurpose Register 0, col = 4,  data = 0
# tb_soc_ddr3_top.mem_core.data_task: at time 46297483.0 ps READ @ DQS MultiPurpose Register 0, col = 5,  data = 1
# tb_soc_ddr3_top.mem_core.cmd_task: at time 46297483.0 ps INFO: Read      bank 0 col 008, auto precharge 0
# tb_soc_ddr3_top.mem_core.data_task: at time 46298817.0 ps READ @ DQS MultiPurpose Register 0, col = 6,  data = 0
# tb_soc_ddr3_top.mem_core.data_task: at time 46300150.0 ps READ @ DQS MultiPurpose Register 0, col = 7,  data = 1
# tb_soc_ddr3_top.mem_core.data_task: at time 46301483.0 ps READ @ DQS MultiPurpose Register 0, col = 0,  data = 0
# tb_soc_ddr3_top.mem_core.data_task: at time 46302817.0 ps READ @ DQS MultiPurpose Register 0, col = 1,  data = 1
# tb_soc_ddr3_top.mem_core.data_task: at time 46304150.0 ps READ @ DQS MultiPurpose Register 0, col = 2,  data = 0
# tb_soc_ddr3_top.mem_core.data_task: at time 46305483.0 ps READ @ DQS MultiPurpose Register 0, col = 3,  data = 1
# tb_soc_ddr3_top.mem_core.data_task: at time 46306817.0 ps READ @ DQS MultiPurpose Register 0, col = 4,  data = 0
# tb_soc_ddr3_top.mem_core.data_task: at time 46308150.0 ps READ @ DQS MultiPurpose Register 0, col = 5,  data = 1
# tb_soc_ddr3_top.mem_core.cmd_task: at time 46308150.0 ps INFO: Read      bank 0 col 008, auto precharge 0
# tb_soc_ddr3_top.mem_core.data_task: at time 46309483.0 ps READ @ DQS MultiPurpose Register 0, col = 6,  data = 0
# tb_soc_ddr3_top.mem_core.data_task: at time 46310817.0 ps READ @ DQS MultiPurpose Register 0, col = 7,  data = 1
# tb_soc_ddr3_top.mem_core.data_task: at time 46312150.0 ps READ @ DQS MultiPurpose Register 0, col = 0,  data = 0
# tb_soc_ddr3_top.mem_core.data_task: at time 46313483.0 ps READ @ DQS MultiPurpose Register 0, col = 1,  data = 1
# tb_soc_ddr3_top.mem_core.data_task: at time 46314817.0 ps READ @ DQS MultiPurpose Register 0, col = 2,  data = 0
# tb_soc_ddr3_top.mem_core.data_task: at time 46316150.0 ps READ @ DQS MultiPurpose Register 0, col = 3,  data = 1
# tb_soc_ddr3_top.mem_core.data_task: at time 46317483.0 ps READ @ DQS MultiPurpose Register 0, col = 4,  data = 0
# tb_soc_ddr3_top.mem_core.data_task: at time 46318817.0 ps READ @ DQS MultiPurpose Register 0, col = 5,  data = 1
# tb_soc_ddr3_top.mem_core.cmd_task: at time 46318817.0 ps INFO: Read      bank 0 col 008, auto precharge 0
# tb_soc_ddr3_top.mem_core.data_task: at time 46320150.0 ps READ @ DQS MultiPurpose Register 0, col = 6,  data = 0
# tb_soc_ddr3_top.mem_core.data_task: at time 46321483.0 ps READ @ DQS MultiPurpose Register 0, col = 7,  data = 1
# tb_soc_ddr3_top.mem_core.data_task: at time 46322817.0 ps READ @ DQS MultiPurpose Register 0, col = 0,  data = 0
# tb_soc_ddr3_top.mem_core.data_task: at time 46324150.0 ps READ @ DQS MultiPurpose Register 0, col = 1,  data = 1
# tb_soc_ddr3_top.mem_core.data_task: at time 46325483.0 ps READ @ DQS MultiPurpose Register 0, col = 2,  data = 0
# tb_soc_ddr3_top.mem_core.data_task: at time 46326817.0 ps READ @ DQS MultiPurpose Register 0, col = 3,  data = 1
# tb_soc_ddr3_top.mem_core.data_task: at time 46328150.0 ps READ @ DQS MultiPurpose Register 0, col = 4,  data = 0
# tb_soc_ddr3_top.mem_core.data_task: at time 46329483.0 ps READ @ DQS MultiPurpose Register 0, col = 5,  data = 1
# tb_soc_ddr3_top.mem_core.data_task: at time 46330817.0 ps READ @ DQS MultiPurpose Register 0, col = 6,  data = 0
# tb_soc_ddr3_top.mem_core.data_task: at time 46332150.0 ps READ @ DQS MultiPurpose Register 0, col = 7,  data = 1
# tb_soc_ddr3_top.mem_core.data_task: at time 46333483.0 ps READ @ DQS MultiPurpose Register 0, col = 0,  data = 0
# tb_soc_ddr3_top.mem_core.data_task: at time 46334817.0 ps READ @ DQS MultiPurpose Register 0, col = 1,  data = 1
# tb_soc_ddr3_top.mem_core.data_task: at time 46336150.0 ps READ @ DQS MultiPurpose Register 0, col = 2,  data = 0
# tb_soc_ddr3_top.mem_core.data_task: at time 46337483.0 ps READ @ DQS MultiPurpose Register 0, col = 3,  data = 1
# tb_soc_ddr3_top.mem_core.data_task: at time 46338817.0 ps READ @ DQS MultiPurpose Register 0, col = 4,  data = 0
# tb_soc_ddr3_top.mem_core.data_task: at time 46340150.0 ps READ @ DQS MultiPurpose Register 0, col = 5,  data = 1
# tb_soc_ddr3_top.mem_core.data_task: at time 46341483.0 ps READ @ DQS MultiPurpose Register 0, col = 6,  data = 0
# tb_soc_ddr3_top.mem_core.data_task: at time 46342817.0 ps READ @ DQS MultiPurpose Register 0, col = 7,  data = 1
# tb_soc_ddr3_top.mem_core.data_task: at time 46344150.0 ps READ @ DQS MultiPurpose Register 0, col = 0,  data = 0
# tb_soc_ddr3_top.mem_core.data_task: at time 46345483.0 ps READ @ DQS MultiPurpose Register 0, col = 1,  data = 1
# tb_soc_ddr3_top.mem_core.data_task: at time 46346817.0 ps READ @ DQS MultiPurpose Register 0, col = 2,  data = 0
# tb_soc_ddr3_top.mem_core.data_task: at time 46348150.0 ps READ @ DQS MultiPurpose Register 0, col = 3,  data = 1
# tb_soc_ddr3_top.mem_core.data_task: at time 46349483.0 ps READ @ DQS MultiPurpose Register 0, col = 4,  data = 0
# tb_soc_ddr3_top.mem_core.data_task: at time 46350817.0 ps READ @ DQS MultiPurpose Register 0, col = 5,  data = 1
# tb_soc_ddr3_top.mem_core.data_task: at time 46352150.0 ps READ @ DQS MultiPurpose Register 0, col = 6,  data = 0
# tb_soc_ddr3_top.mem_core.data_task: at time 46353483.0 ps READ @ DQS MultiPurpose Register 0, col = 7,  data = 1
# tb_soc_ddr3_top.mem_core.cmd_task: at time 46702817.0 ps INFO: Read      bank 0 col 008, auto precharge 0
# tb_soc_ddr3_top.mem_core.cmd_task: at time 46713483.0 ps INFO: Read      bank 0 col 008, auto precharge 0
# tb_soc_ddr3_top.mem_core.cmd_task: at time 46724150.0 ps INFO: Read      bank 0 col 008, auto precharge 0
# tb_soc_ddr3_top.mem_core.data_task: at time 46728150.0 ps READ @ DQS MultiPurpose Register 0, col = 0,  data = 0
# tb_soc_ddr3_top.mem_core.data_task: at time 46729483.0 ps READ @ DQS MultiPurpose Register 0, col = 1,  data = 1
# tb_soc_ddr3_top.mem_core.data_task: at time 46730817.0 ps READ @ DQS MultiPurpose Register 0, col = 2,  data = 0
# tb_soc_ddr3_top.mem_core.data_task: at time 46732150.0 ps READ @ DQS MultiPurpose Register 0, col = 3,  data = 1
# tb_soc_ddr3_top.mem_core.data_task: at time 46733483.0 ps READ @ DQS MultiPurpose Register 0, col = 4,  data = 0
# tb_soc_ddr3_top.mem_core.data_task: at time 46734817.0 ps READ @ DQS MultiPurpose Register 0, col = 5,  data = 1
# tb_soc_ddr3_top.mem_core.cmd_task: at time 46734817.0 ps INFO: Read      bank 0 col 008, auto precharge 0
# tb_soc_ddr3_top.mem_core.data_task: at time 46736150.0 ps READ @ DQS MultiPurpose Register 0, col = 6,  data = 0
# tb_soc_ddr3_top.mem_core.data_task: at time 46737483.0 ps READ @ DQS MultiPurpose Register 0, col = 7,  data = 1
# tb_soc_ddr3_top.mem_core.data_task: at time 46738817.0 ps READ @ DQS MultiPurpose Register 0, col = 0,  data = 0
# tb_soc_ddr3_top.mem_core.data_task: at time 46740150.0 ps READ @ DQS MultiPurpose Register 0, col = 1,  data = 1
# tb_soc_ddr3_top.mem_core.data_task: at time 46741483.0 ps READ @ DQS MultiPurpose Register 0, col = 2,  data = 0
# tb_soc_ddr3_top.mem_core.data_task: at time 46742817.0 ps READ @ DQS MultiPurpose Register 0, col = 3,  data = 1
# tb_soc_ddr3_top.mem_core.data_task: at time 46744150.0 ps READ @ DQS MultiPurpose Register 0, col = 4,  data = 0
# tb_soc_ddr3_top.mem_core.data_task: at time 46745483.0 ps READ @ DQS MultiPurpose Register 0, col = 5,  data = 1
# tb_soc_ddr3_top.mem_core.cmd_task: at time 46745483.0 ps INFO: Read      bank 0 col 008, auto precharge 0
# tb_soc_ddr3_top.mem_core.data_task: at time 46746817.0 ps READ @ DQS MultiPurpose Register 0, col = 6,  data = 0
# tb_soc_ddr3_top.mem_core.data_task: at time 46748150.0 ps READ @ DQS MultiPurpose Register 0, col = 7,  data = 1
# tb_soc_ddr3_top.mem_core.data_task: at time 46749483.0 ps READ @ DQS MultiPurpose Register 0, col = 0,  data = 0
# tb_soc_ddr3_top.mem_core.data_task: at time 46750817.0 ps READ @ DQS MultiPurpose Register 0, col = 1,  data = 1
# tb_soc_ddr3_top.mem_core.data_task: at time 46752150.0 ps READ @ DQS MultiPurpose Register 0, col = 2,  data = 0
# tb_soc_ddr3_top.mem_core.data_task: at time 46753483.0 ps READ @ DQS MultiPurpose Register 0, col = 3,  data = 1
# tb_soc_ddr3_top.mem_core.data_task: at time 46754817.0 ps READ @ DQS MultiPurpose Register 0, col = 4,  data = 0
# tb_soc_ddr3_top.mem_core.data_task: at time 46756150.0 ps READ @ DQS MultiPurpose Register 0, col = 5,  data = 1
# tb_soc_ddr3_top.mem_core.cmd_task: at time 46756150.0 ps INFO: Read      bank 0 col 008, auto precharge 0
# tb_soc_ddr3_top.mem_core.data_task: at time 46757483.0 ps READ @ DQS MultiPurpose Register 0, col = 6,  data = 0
# tb_soc_ddr3_top.mem_core.data_task: at time 46758817.0 ps READ @ DQS MultiPurpose Register 0, col = 7,  data = 1
# tb_soc_ddr3_top.mem_core.data_task: at time 46760150.0 ps READ @ DQS MultiPurpose Register 0, col = 0,  data = 0
# tb_soc_ddr3_top.mem_core.data_task: at time 46761483.0 ps READ @ DQS MultiPurpose Register 0, col = 1,  data = 1
# tb_soc_ddr3_top.mem_core.data_task: at time 46762817.0 ps READ @ DQS MultiPurpose Register 0, col = 2,  data = 0
# tb_soc_ddr3_top.mem_core.data_task: at time 46764150.0 ps READ @ DQS MultiPurpose Register 0, col = 3,  data = 1
# tb_soc_ddr3_top.mem_core.data_task: at time 46765483.0 ps READ @ DQS MultiPurpose Register 0, col = 4,  data = 0
# tb_soc_ddr3_top.mem_core.data_task: at time 46766817.0 ps READ @ DQS MultiPurpose Register 0, col = 5,  data = 1
# tb_soc_ddr3_top.mem_core.cmd_task: at time 46766817.0 ps INFO: Read      bank 0 col 008, auto precharge 0
# tb_soc_ddr3_top.mem_core.data_task: at time 46768150.0 ps READ @ DQS MultiPurpose Register 0, col = 6,  data = 0
# tb_soc_ddr3_top.mem_core.data_task: at time 46769483.0 ps READ @ DQS MultiPurpose Register 0, col = 7,  data = 1
# tb_soc_ddr3_top.mem_core.data_task: at time 46770817.0 ps READ @ DQS MultiPurpose Register 0, col = 0,  data = 0
# tb_soc_ddr3_top.mem_core.data_task: at time 46772150.0 ps READ @ DQS MultiPurpose Register 0, col = 1,  data = 1
# tb_soc_ddr3_top.mem_core.data_task: at time 46773483.0 ps READ @ DQS MultiPurpose Register 0, col = 2,  data = 0
# tb_soc_ddr3_top.mem_core.data_task: at time 46774817.0 ps READ @ DQS MultiPurpose Register 0, col = 3,  data = 1
# tb_soc_ddr3_top.mem_core.data_task: at time 46776150.0 ps READ @ DQS MultiPurpose Register 0, col = 4,  data = 0
# tb_soc_ddr3_top.mem_core.data_task: at time 46777483.0 ps READ @ DQS MultiPurpose Register 0, col = 5,  data = 1
# tb_soc_ddr3_top.mem_core.cmd_task: at time 46777483.0 ps INFO: Read      bank 0 col 008, auto precharge 0
# tb_soc_ddr3_top.mem_core.data_task: at time 46778817.0 ps READ @ DQS MultiPurpose Register 0, col = 6,  data = 0
# tb_soc_ddr3_top.mem_core.data_task: at time 46780150.0 ps READ @ DQS MultiPurpose Register 0, col = 7,  data = 1
# tb_soc_ddr3_top.mem_core.data_task: at time 46781483.0 ps READ @ DQS MultiPurpose Register 0, col = 0,  data = 0
# tb_soc_ddr3_top.mem_core.data_task: at time 46782817.0 ps READ @ DQS MultiPurpose Register 0, col = 1,  data = 1
# tb_soc_ddr3_top.mem_core.data_task: at time 46784150.0 ps READ @ DQS MultiPurpose Register 0, col = 2,  data = 0
# tb_soc_ddr3_top.mem_core.data_task: at time 46785483.0 ps READ @ DQS MultiPurpose Register 0, col = 3,  data = 1
# tb_soc_ddr3_top.mem_core.data_task: at time 46786817.0 ps READ @ DQS MultiPurpose Register 0, col = 4,  data = 0
# tb_soc_ddr3_top.mem_core.data_task: at time 46788150.0 ps READ @ DQS MultiPurpose Register 0, col = 5,  data = 1
# tb_soc_ddr3_top.mem_core.cmd_task: at time 46788150.0 ps INFO: Read      bank 0 col 008, auto precharge 0
# tb_soc_ddr3_top.mem_core.data_task: at time 46789483.0 ps READ @ DQS MultiPurpose Register 0, col = 6,  data = 0
# tb_soc_ddr3_top.mem_core.data_task: at time 46790817.0 ps READ @ DQS MultiPurpose Register 0, col = 7,  data = 1
# tb_soc_ddr3_top.mem_core.data_task: at time 46792150.0 ps READ @ DQS MultiPurpose Register 0, col = 0,  data = 0
# tb_soc_ddr3_top.mem_core.data_task: at time 46793483.0 ps READ @ DQS MultiPurpose Register 0, col = 1,  data = 1
# tb_soc_ddr3_top.mem_core.data_task: at time 46794817.0 ps READ @ DQS MultiPurpose Register 0, col = 2,  data = 0
# tb_soc_ddr3_top.mem_core.data_task: at time 46796150.0 ps READ @ DQS MultiPurpose Register 0, col = 3,  data = 1
# tb_soc_ddr3_top.mem_core.data_task: at time 46797483.0 ps READ @ DQS MultiPurpose Register 0, col = 4,  data = 0
# tb_soc_ddr3_top.mem_core.data_task: at time 46798817.0 ps READ @ DQS MultiPurpose Register 0, col = 5,  data = 1
# tb_soc_ddr3_top.mem_core.cmd_task: at time 46798817.0 ps INFO: Read      bank 0 col 008, auto precharge 0
# tb_soc_ddr3_top.mem_core.data_task: at time 46800150.0 ps READ @ DQS MultiPurpose Register 0, col = 6,  data = 0
# tb_soc_ddr3_top.mem_core.data_task: at time 46801483.0 ps READ @ DQS MultiPurpose Register 0, col = 7,  data = 1
# tb_soc_ddr3_top.mem_core.data_task: at time 46802817.0 ps READ @ DQS MultiPurpose Register 0, col = 0,  data = 0
# tb_soc_ddr3_top.mem_core.data_task: at time 46804150.0 ps READ @ DQS MultiPurpose Register 0, col = 1,  data = 1
# tb_soc_ddr3_top.mem_core.data_task: at time 46805483.0 ps READ @ DQS MultiPurpose Register 0, col = 2,  data = 0
# tb_soc_ddr3_top.mem_core.data_task: at time 46806817.0 ps READ @ DQS MultiPurpose Register 0, col = 3,  data = 1
# tb_soc_ddr3_top.mem_core.data_task: at time 46808150.0 ps READ @ DQS MultiPurpose Register 0, col = 4,  data = 0
# tb_soc_ddr3_top.mem_core.data_task: at time 46809483.0 ps READ @ DQS MultiPurpose Register 0, col = 5,  data = 1
# tb_soc_ddr3_top.mem_core.data_task: at time 46810817.0 ps READ @ DQS MultiPurpose Register 0, col = 6,  data = 0
# tb_soc_ddr3_top.mem_core.data_task: at time 46812150.0 ps READ @ DQS MultiPurpose Register 0, col = 7,  data = 1
# tb_soc_ddr3_top.mem_core.data_task: at time 46813483.0 ps READ @ DQS MultiPurpose Register 0, col = 0,  data = 0
# tb_soc_ddr3_top.mem_core.data_task: at time 46814817.0 ps READ @ DQS MultiPurpose Register 0, col = 1,  data = 1
# tb_soc_ddr3_top.mem_core.data_task: at time 46816150.0 ps READ @ DQS MultiPurpose Register 0, col = 2,  data = 0
# tb_soc_ddr3_top.mem_core.data_task: at time 46817483.0 ps READ @ DQS MultiPurpose Register 0, col = 3,  data = 1
# tb_soc_ddr3_top.mem_core.data_task: at time 46818817.0 ps READ @ DQS MultiPurpose Register 0, col = 4,  data = 0
# tb_soc_ddr3_top.mem_core.data_task: at time 46820150.0 ps READ @ DQS MultiPurpose Register 0, col = 5,  data = 1
# tb_soc_ddr3_top.mem_core.data_task: at time 46821483.0 ps READ @ DQS MultiPurpose Register 0, col = 6,  data = 0
# tb_soc_ddr3_top.mem_core.data_task: at time 46822817.0 ps READ @ DQS MultiPurpose Register 0, col = 7,  data = 1
# tb_soc_ddr3_top.mem_core.data_task: at time 46824150.0 ps READ @ DQS MultiPurpose Register 0, col = 0,  data = 0
# tb_soc_ddr3_top.mem_core.data_task: at time 46825483.0 ps READ @ DQS MultiPurpose Register 0, col = 1,  data = 1
# tb_soc_ddr3_top.mem_core.data_task: at time 46826817.0 ps READ @ DQS MultiPurpose Register 0, col = 2,  data = 0
# tb_soc_ddr3_top.mem_core.data_task: at time 46828150.0 ps READ @ DQS MultiPurpose Register 0, col = 3,  data = 1
# tb_soc_ddr3_top.mem_core.data_task: at time 46829483.0 ps READ @ DQS MultiPurpose Register 0, col = 4,  data = 0
# tb_soc_ddr3_top.mem_core.data_task: at time 46830817.0 ps READ @ DQS MultiPurpose Register 0, col = 5,  data = 1
# tb_soc_ddr3_top.mem_core.data_task: at time 46832150.0 ps READ @ DQS MultiPurpose Register 0, col = 6,  data = 0
# tb_soc_ddr3_top.mem_core.data_task: at time 46833483.0 ps READ @ DQS MultiPurpose Register 0, col = 7,  data = 1
# tb_soc_ddr3_top.mem_core.cmd_task: at time 47182817.0 ps INFO: Read      bank 0 col 008, auto precharge 0
# tb_soc_ddr3_top.mem_core.cmd_task: at time 47193483.0 ps INFO: Read      bank 0 col 008, auto precharge 0
# tb_soc_ddr3_top.mem_core.cmd_task: at time 47204150.0 ps INFO: Read      bank 0 col 008, auto precharge 0
# tb_soc_ddr3_top.mem_core.data_task: at time 47208150.0 ps READ @ DQS MultiPurpose Register 0, col = 0,  data = 0
# tb_soc_ddr3_top.mem_core.data_task: at time 47209483.0 ps READ @ DQS MultiPurpose Register 0, col = 1,  data = 1
# tb_soc_ddr3_top.mem_core.data_task: at time 47210817.0 ps READ @ DQS MultiPurpose Register 0, col = 2,  data = 0
# tb_soc_ddr3_top.mem_core.data_task: at time 47212150.0 ps READ @ DQS MultiPurpose Register 0, col = 3,  data = 1
# tb_soc_ddr3_top.mem_core.data_task: at time 47213483.0 ps READ @ DQS MultiPurpose Register 0, col = 4,  data = 0
# tb_soc_ddr3_top.mem_core.data_task: at time 47214817.0 ps READ @ DQS MultiPurpose Register 0, col = 5,  data = 1
# tb_soc_ddr3_top.mem_core.cmd_task: at time 47214817.0 ps INFO: Read      bank 0 col 008, auto precharge 0
# tb_soc_ddr3_top.mem_core.data_task: at time 47216150.0 ps READ @ DQS MultiPurpose Register 0, col = 6,  data = 0
# tb_soc_ddr3_top.mem_core.data_task: at time 47217483.0 ps READ @ DQS MultiPurpose Register 0, col = 7,  data = 1
# tb_soc_ddr3_top.mem_core.data_task: at time 47218817.0 ps READ @ DQS MultiPurpose Register 0, col = 0,  data = 0
# tb_soc_ddr3_top.mem_core.data_task: at time 47220150.0 ps READ @ DQS MultiPurpose Register 0, col = 1,  data = 1
# tb_soc_ddr3_top.mem_core.data_task: at time 47221483.0 ps READ @ DQS MultiPurpose Register 0, col = 2,  data = 0
# tb_soc_ddr3_top.mem_core.data_task: at time 47222817.0 ps READ @ DQS MultiPurpose Register 0, col = 3,  data = 1
# tb_soc_ddr3_top.mem_core.data_task: at time 47224150.0 ps READ @ DQS MultiPurpose Register 0, col = 4,  data = 0
# tb_soc_ddr3_top.mem_core.data_task: at time 47225483.0 ps READ @ DQS MultiPurpose Register 0, col = 5,  data = 1
# tb_soc_ddr3_top.mem_core.cmd_task: at time 47225483.0 ps INFO: Read      bank 0 col 008, auto precharge 0
# tb_soc_ddr3_top.mem_core.data_task: at time 47226817.0 ps READ @ DQS MultiPurpose Register 0, col = 6,  data = 0
# tb_soc_ddr3_top.mem_core.data_task: at time 47228150.0 ps READ @ DQS MultiPurpose Register 0, col = 7,  data = 1
# tb_soc_ddr3_top.mem_core.data_task: at time 47229483.0 ps READ @ DQS MultiPurpose Register 0, col = 0,  data = 0
# tb_soc_ddr3_top.mem_core.data_task: at time 47230817.0 ps READ @ DQS MultiPurpose Register 0, col = 1,  data = 1
# tb_soc_ddr3_top.mem_core.data_task: at time 47232150.0 ps READ @ DQS MultiPurpose Register 0, col = 2,  data = 0
# tb_soc_ddr3_top.mem_core.data_task: at time 47233483.0 ps READ @ DQS MultiPurpose Register 0, col = 3,  data = 1
# tb_soc_ddr3_top.mem_core.data_task: at time 47234817.0 ps READ @ DQS MultiPurpose Register 0, col = 4,  data = 0
# tb_soc_ddr3_top.mem_core.data_task: at time 47236150.0 ps READ @ DQS MultiPurpose Register 0, col = 5,  data = 1
# tb_soc_ddr3_top.mem_core.cmd_task: at time 47236150.0 ps INFO: Read      bank 0 col 008, auto precharge 0
# tb_soc_ddr3_top.mem_core.data_task: at time 47237483.0 ps READ @ DQS MultiPurpose Register 0, col = 6,  data = 0
# tb_soc_ddr3_top.mem_core.data_task: at time 47238817.0 ps READ @ DQS MultiPurpose Register 0, col = 7,  data = 1
# tb_soc_ddr3_top.mem_core.data_task: at time 47240150.0 ps READ @ DQS MultiPurpose Register 0, col = 0,  data = 0
# tb_soc_ddr3_top.mem_core.data_task: at time 47241483.0 ps READ @ DQS MultiPurpose Register 0, col = 1,  data = 1
# tb_soc_ddr3_top.mem_core.data_task: at time 47242817.0 ps READ @ DQS MultiPurpose Register 0, col = 2,  data = 0
# tb_soc_ddr3_top.mem_core.data_task: at time 47244150.0 ps READ @ DQS MultiPurpose Register 0, col = 3,  data = 1
# tb_soc_ddr3_top.mem_core.data_task: at time 47245483.0 ps READ @ DQS MultiPurpose Register 0, col = 4,  data = 0
# tb_soc_ddr3_top.mem_core.data_task: at time 47246817.0 ps READ @ DQS MultiPurpose Register 0, col = 5,  data = 1
# tb_soc_ddr3_top.mem_core.cmd_task: at time 47246817.0 ps INFO: Read      bank 0 col 008, auto precharge 0
# tb_soc_ddr3_top.mem_core.data_task: at time 47248150.0 ps READ @ DQS MultiPurpose Register 0, col = 6,  data = 0
# tb_soc_ddr3_top.mem_core.data_task: at time 47249483.0 ps READ @ DQS MultiPurpose Register 0, col = 7,  data = 1
# tb_soc_ddr3_top.mem_core.data_task: at time 47250817.0 ps READ @ DQS MultiPurpose Register 0, col = 0,  data = 0
# tb_soc_ddr3_top.mem_core.data_task: at time 47252150.0 ps READ @ DQS MultiPurpose Register 0, col = 1,  data = 1
# tb_soc_ddr3_top.mem_core.data_task: at time 47253483.0 ps READ @ DQS MultiPurpose Register 0, col = 2,  data = 0
# tb_soc_ddr3_top.mem_core.data_task: at time 47254817.0 ps READ @ DQS MultiPurpose Register 0, col = 3,  data = 1
# tb_soc_ddr3_top.mem_core.data_task: at time 47256150.0 ps READ @ DQS MultiPurpose Register 0, col = 4,  data = 0
# tb_soc_ddr3_top.mem_core.data_task: at time 47257483.0 ps READ @ DQS MultiPurpose Register 0, col = 5,  data = 1
# tb_soc_ddr3_top.mem_core.cmd_task: at time 47257483.0 ps INFO: Read      bank 0 col 008, auto precharge 0
# tb_soc_ddr3_top.mem_core.data_task: at time 47258817.0 ps READ @ DQS MultiPurpose Register 0, col = 6,  data = 0
# tb_soc_ddr3_top.mem_core.data_task: at time 47260150.0 ps READ @ DQS MultiPurpose Register 0, col = 7,  data = 1
# tb_soc_ddr3_top.mem_core.data_task: at time 47261483.0 ps READ @ DQS MultiPurpose Register 0, col = 0,  data = 0
# tb_soc_ddr3_top.mem_core.data_task: at time 47262817.0 ps READ @ DQS MultiPurpose Register 0, col = 1,  data = 1
# tb_soc_ddr3_top.mem_core.data_task: at time 47264150.0 ps READ @ DQS MultiPurpose Register 0, col = 2,  data = 0
# tb_soc_ddr3_top.mem_core.data_task: at time 47265483.0 ps READ @ DQS MultiPurpose Register 0, col = 3,  data = 1
# tb_soc_ddr3_top.mem_core.data_task: at time 47266817.0 ps READ @ DQS MultiPurpose Register 0, col = 4,  data = 0
# tb_soc_ddr3_top.mem_core.data_task: at time 47268150.0 ps READ @ DQS MultiPurpose Register 0, col = 5,  data = 1
# tb_soc_ddr3_top.mem_core.cmd_task: at time 47268150.0 ps INFO: Read      bank 0 col 008, auto precharge 0
# tb_soc_ddr3_top.mem_core.data_task: at time 47269483.0 ps READ @ DQS MultiPurpose Register 0, col = 6,  data = 0
# tb_soc_ddr3_top.mem_core.data_task: at time 47270817.0 ps READ @ DQS MultiPurpose Register 0, col = 7,  data = 1
# tb_soc_ddr3_top.mem_core.data_task: at time 47272150.0 ps READ @ DQS MultiPurpose Register 0, col = 0,  data = 0
# tb_soc_ddr3_top.mem_core.data_task: at time 47273483.0 ps READ @ DQS MultiPurpose Register 0, col = 1,  data = 1
# tb_soc_ddr3_top.mem_core.data_task: at time 47274817.0 ps READ @ DQS MultiPurpose Register 0, col = 2,  data = 0
# tb_soc_ddr3_top.mem_core.data_task: at time 47276150.0 ps READ @ DQS MultiPurpose Register 0, col = 3,  data = 1
# tb_soc_ddr3_top.mem_core.data_task: at time 47277483.0 ps READ @ DQS MultiPurpose Register 0, col = 4,  data = 0
# tb_soc_ddr3_top.mem_core.data_task: at time 47278817.0 ps READ @ DQS MultiPurpose Register 0, col = 5,  data = 1
# tb_soc_ddr3_top.mem_core.cmd_task: at time 47278817.0 ps INFO: Read      bank 0 col 008, auto precharge 0
# tb_soc_ddr3_top.mem_core.data_task: at time 47280150.0 ps READ @ DQS MultiPurpose Register 0, col = 6,  data = 0
# tb_soc_ddr3_top.mem_core.data_task: at time 47281483.0 ps READ @ DQS MultiPurpose Register 0, col = 7,  data = 1
# tb_soc_ddr3_top.mem_core.data_task: at time 47282817.0 ps READ @ DQS MultiPurpose Register 0, col = 0,  data = 0
# tb_soc_ddr3_top.mem_core.data_task: at time 47284150.0 ps READ @ DQS MultiPurpose Register 0, col = 1,  data = 1
# tb_soc_ddr3_top.mem_core.data_task: at time 47285483.0 ps READ @ DQS MultiPurpose Register 0, col = 2,  data = 0
# tb_soc_ddr3_top.mem_core.data_task: at time 47286817.0 ps READ @ DQS MultiPurpose Register 0, col = 3,  data = 1
# tb_soc_ddr3_top.mem_core.data_task: at time 47288150.0 ps READ @ DQS MultiPurpose Register 0, col = 4,  data = 0
# tb_soc_ddr3_top.mem_core.data_task: at time 47289483.0 ps READ @ DQS MultiPurpose Register 0, col = 5,  data = 1
# tb_soc_ddr3_top.mem_core.data_task: at time 47290817.0 ps READ @ DQS MultiPurpose Register 0, col = 6,  data = 0
# tb_soc_ddr3_top.mem_core.data_task: at time 47292150.0 ps READ @ DQS MultiPurpose Register 0, col = 7,  data = 1
# tb_soc_ddr3_top.mem_core.data_task: at time 47293483.0 ps READ @ DQS MultiPurpose Register 0, col = 0,  data = 0
# tb_soc_ddr3_top.mem_core.data_task: at time 47294817.0 ps READ @ DQS MultiPurpose Register 0, col = 1,  data = 1
# tb_soc_ddr3_top.mem_core.data_task: at time 47296150.0 ps READ @ DQS MultiPurpose Register 0, col = 2,  data = 0
# tb_soc_ddr3_top.mem_core.data_task: at time 47297483.0 ps READ @ DQS MultiPurpose Register 0, col = 3,  data = 1
# tb_soc_ddr3_top.mem_core.data_task: at time 47298817.0 ps READ @ DQS MultiPurpose Register 0, col = 4,  data = 0
# tb_soc_ddr3_top.mem_core.data_task: at time 47300150.0 ps READ @ DQS MultiPurpose Register 0, col = 5,  data = 1
# tb_soc_ddr3_top.mem_core.data_task: at time 47301483.0 ps READ @ DQS MultiPurpose Register 0, col = 6,  data = 0
# tb_soc_ddr3_top.mem_core.data_task: at time 47302817.0 ps READ @ DQS MultiPurpose Register 0, col = 7,  data = 1
# tb_soc_ddr3_top.mem_core.data_task: at time 47304150.0 ps READ @ DQS MultiPurpose Register 0, col = 0,  data = 0
# tb_soc_ddr3_top.mem_core.data_task: at time 47305483.0 ps READ @ DQS MultiPurpose Register 0, col = 1,  data = 1
# tb_soc_ddr3_top.mem_core.data_task: at time 47306817.0 ps READ @ DQS MultiPurpose Register 0, col = 2,  data = 0
# tb_soc_ddr3_top.mem_core.data_task: at time 47308150.0 ps READ @ DQS MultiPurpose Register 0, col = 3,  data = 1
# tb_soc_ddr3_top.mem_core.data_task: at time 47309483.0 ps READ @ DQS MultiPurpose Register 0, col = 4,  data = 0
# tb_soc_ddr3_top.mem_core.data_task: at time 47310817.0 ps READ @ DQS MultiPurpose Register 0, col = 5,  data = 1
# tb_soc_ddr3_top.mem_core.data_task: at time 47312150.0 ps READ @ DQS MultiPurpose Register 0, col = 6,  data = 0
# tb_soc_ddr3_top.mem_core.data_task: at time 47313483.0 ps READ @ DQS MultiPurpose Register 0, col = 7,  data = 1
# tb_soc_ddr3_top.mem_core.cmd_task: at time 47662817.0 ps INFO: Read      bank 0 col 008, auto precharge 0
# tb_soc_ddr3_top.mem_core.cmd_task: at time 47673483.0 ps INFO: Read      bank 0 col 008, auto precharge 0
# tb_soc_ddr3_top.mem_core.cmd_task: at time 47684150.0 ps INFO: Read      bank 0 col 008, auto precharge 0
# tb_soc_ddr3_top.mem_core.data_task: at time 47688150.0 ps READ @ DQS MultiPurpose Register 0, col = 0,  data = 0
# tb_soc_ddr3_top.mem_core.data_task: at time 47689483.0 ps READ @ DQS MultiPurpose Register 0, col = 1,  data = 1
# tb_soc_ddr3_top.mem_core.data_task: at time 47690817.0 ps READ @ DQS MultiPurpose Register 0, col = 2,  data = 0
# tb_soc_ddr3_top.mem_core.data_task: at time 47692150.0 ps READ @ DQS MultiPurpose Register 0, col = 3,  data = 1
# tb_soc_ddr3_top.mem_core.data_task: at time 47693483.0 ps READ @ DQS MultiPurpose Register 0, col = 4,  data = 0
# tb_soc_ddr3_top.mem_core.data_task: at time 47694817.0 ps READ @ DQS MultiPurpose Register 0, col = 5,  data = 1
# tb_soc_ddr3_top.mem_core.cmd_task: at time 47694817.0 ps INFO: Read      bank 0 col 008, auto precharge 0
# tb_soc_ddr3_top.mem_core.data_task: at time 47696150.0 ps READ @ DQS MultiPurpose Register 0, col = 6,  data = 0
# tb_soc_ddr3_top.mem_core.data_task: at time 47697483.0 ps READ @ DQS MultiPurpose Register 0, col = 7,  data = 1
# tb_soc_ddr3_top.mem_core.data_task: at time 47698817.0 ps READ @ DQS MultiPurpose Register 0, col = 0,  data = 0
# tb_soc_ddr3_top.mem_core.data_task: at time 47700150.0 ps READ @ DQS MultiPurpose Register 0, col = 1,  data = 1
# tb_soc_ddr3_top.mem_core.data_task: at time 47701483.0 ps READ @ DQS MultiPurpose Register 0, col = 2,  data = 0
# tb_soc_ddr3_top.mem_core.data_task: at time 47702817.0 ps READ @ DQS MultiPurpose Register 0, col = 3,  data = 1
# tb_soc_ddr3_top.mem_core.data_task: at time 47704150.0 ps READ @ DQS MultiPurpose Register 0, col = 4,  data = 0
# tb_soc_ddr3_top.mem_core.data_task: at time 47705483.0 ps READ @ DQS MultiPurpose Register 0, col = 5,  data = 1
# tb_soc_ddr3_top.mem_core.cmd_task: at time 47705483.0 ps INFO: Read      bank 0 col 008, auto precharge 0
# tb_soc_ddr3_top.mem_core.data_task: at time 47706817.0 ps READ @ DQS MultiPurpose Register 0, col = 6,  data = 0
# tb_soc_ddr3_top.mem_core.data_task: at time 47708150.0 ps READ @ DQS MultiPurpose Register 0, col = 7,  data = 1
# tb_soc_ddr3_top.mem_core.data_task: at time 47709483.0 ps READ @ DQS MultiPurpose Register 0, col = 0,  data = 0
# tb_soc_ddr3_top.mem_core.data_task: at time 47710817.0 ps READ @ DQS MultiPurpose Register 0, col = 1,  data = 1
# tb_soc_ddr3_top.mem_core.data_task: at time 47712150.0 ps READ @ DQS MultiPurpose Register 0, col = 2,  data = 0
# tb_soc_ddr3_top.mem_core.data_task: at time 47713483.0 ps READ @ DQS MultiPurpose Register 0, col = 3,  data = 1
# tb_soc_ddr3_top.mem_core.data_task: at time 47714817.0 ps READ @ DQS MultiPurpose Register 0, col = 4,  data = 0
# tb_soc_ddr3_top.mem_core.data_task: at time 47716150.0 ps READ @ DQS MultiPurpose Register 0, col = 5,  data = 1
# tb_soc_ddr3_top.mem_core.cmd_task: at time 47716150.0 ps INFO: Read      bank 0 col 008, auto precharge 0
# tb_soc_ddr3_top.mem_core.data_task: at time 47717483.0 ps READ @ DQS MultiPurpose Register 0, col = 6,  data = 0
# tb_soc_ddr3_top.mem_core.data_task: at time 47718817.0 ps READ @ DQS MultiPurpose Register 0, col = 7,  data = 1
# tb_soc_ddr3_top.mem_core.data_task: at time 47720150.0 ps READ @ DQS MultiPurpose Register 0, col = 0,  data = 0
# tb_soc_ddr3_top.mem_core.data_task: at time 47721483.0 ps READ @ DQS MultiPurpose Register 0, col = 1,  data = 1
# tb_soc_ddr3_top.mem_core.data_task: at time 47722817.0 ps READ @ DQS MultiPurpose Register 0, col = 2,  data = 0
# tb_soc_ddr3_top.mem_core.data_task: at time 47724150.0 ps READ @ DQS MultiPurpose Register 0, col = 3,  data = 1
# tb_soc_ddr3_top.mem_core.data_task: at time 47725483.0 ps READ @ DQS MultiPurpose Register 0, col = 4,  data = 0
# tb_soc_ddr3_top.mem_core.data_task: at time 47726817.0 ps READ @ DQS MultiPurpose Register 0, col = 5,  data = 1
# tb_soc_ddr3_top.mem_core.cmd_task: at time 47726817.0 ps INFO: Read      bank 0 col 008, auto precharge 0
# tb_soc_ddr3_top.mem_core.data_task: at time 47728150.0 ps READ @ DQS MultiPurpose Register 0, col = 6,  data = 0
# tb_soc_ddr3_top.mem_core.data_task: at time 47729483.0 ps READ @ DQS MultiPurpose Register 0, col = 7,  data = 1
# tb_soc_ddr3_top.mem_core.data_task: at time 47730817.0 ps READ @ DQS MultiPurpose Register 0, col = 0,  data = 0
# tb_soc_ddr3_top.mem_core.data_task: at time 47732150.0 ps READ @ DQS MultiPurpose Register 0, col = 1,  data = 1
# tb_soc_ddr3_top.mem_core.data_task: at time 47733483.0 ps READ @ DQS MultiPurpose Register 0, col = 2,  data = 0
# tb_soc_ddr3_top.mem_core.data_task: at time 47734817.0 ps READ @ DQS MultiPurpose Register 0, col = 3,  data = 1
# tb_soc_ddr3_top.mem_core.data_task: at time 47736150.0 ps READ @ DQS MultiPurpose Register 0, col = 4,  data = 0
# tb_soc_ddr3_top.mem_core.data_task: at time 47737483.0 ps READ @ DQS MultiPurpose Register 0, col = 5,  data = 1
# tb_soc_ddr3_top.mem_core.cmd_task: at time 47737483.0 ps INFO: Read      bank 0 col 008, auto precharge 0
# tb_soc_ddr3_top.mem_core.data_task: at time 47738817.0 ps READ @ DQS MultiPurpose Register 0, col = 6,  data = 0
# tb_soc_ddr3_top.mem_core.data_task: at time 47740150.0 ps READ @ DQS MultiPurpose Register 0, col = 7,  data = 1
# tb_soc_ddr3_top.mem_core.data_task: at time 47741483.0 ps READ @ DQS MultiPurpose Register 0, col = 0,  data = 0
# tb_soc_ddr3_top.mem_core.data_task: at time 47742817.0 ps READ @ DQS MultiPurpose Register 0, col = 1,  data = 1
# tb_soc_ddr3_top.mem_core.data_task: at time 47744150.0 ps READ @ DQS MultiPurpose Register 0, col = 2,  data = 0
# tb_soc_ddr3_top.mem_core.data_task: at time 47745483.0 ps READ @ DQS MultiPurpose Register 0, col = 3,  data = 1
# tb_soc_ddr3_top.mem_core.data_task: at time 47746817.0 ps READ @ DQS MultiPurpose Register 0, col = 4,  data = 0
# tb_soc_ddr3_top.mem_core.data_task: at time 47748150.0 ps READ @ DQS MultiPurpose Register 0, col = 5,  data = 1
# tb_soc_ddr3_top.mem_core.cmd_task: at time 47748150.0 ps INFO: Read      bank 0 col 008, auto precharge 0
# tb_soc_ddr3_top.mem_core.data_task: at time 47749483.0 ps READ @ DQS MultiPurpose Register 0, col = 6,  data = 0
# tb_soc_ddr3_top.mem_core.data_task: at time 47750817.0 ps READ @ DQS MultiPurpose Register 0, col = 7,  data = 1
# tb_soc_ddr3_top.mem_core.data_task: at time 47752150.0 ps READ @ DQS MultiPurpose Register 0, col = 0,  data = 0
# tb_soc_ddr3_top.mem_core.data_task: at time 47753483.0 ps READ @ DQS MultiPurpose Register 0, col = 1,  data = 1
# tb_soc_ddr3_top.mem_core.data_task: at time 47754817.0 ps READ @ DQS MultiPurpose Register 0, col = 2,  data = 0
# tb_soc_ddr3_top.mem_core.data_task: at time 47756150.0 ps READ @ DQS MultiPurpose Register 0, col = 3,  data = 1
# tb_soc_ddr3_top.mem_core.data_task: at time 47757483.0 ps READ @ DQS MultiPurpose Register 0, col = 4,  data = 0
# tb_soc_ddr3_top.mem_core.data_task: at time 47758817.0 ps READ @ DQS MultiPurpose Register 0, col = 5,  data = 1
# tb_soc_ddr3_top.mem_core.cmd_task: at time 47758817.0 ps INFO: Read      bank 0 col 008, auto precharge 0
# tb_soc_ddr3_top.mem_core.data_task: at time 47760150.0 ps READ @ DQS MultiPurpose Register 0, col = 6,  data = 0
# tb_soc_ddr3_top.mem_core.data_task: at time 47761483.0 ps READ @ DQS MultiPurpose Register 0, col = 7,  data = 1
# tb_soc_ddr3_top.mem_core.data_task: at time 47762817.0 ps READ @ DQS MultiPurpose Register 0, col = 0,  data = 0
# tb_soc_ddr3_top.mem_core.data_task: at time 47764150.0 ps READ @ DQS MultiPurpose Register 0, col = 1,  data = 1
# tb_soc_ddr3_top.mem_core.data_task: at time 47765483.0 ps READ @ DQS MultiPurpose Register 0, col = 2,  data = 0
# tb_soc_ddr3_top.mem_core.data_task: at time 47766817.0 ps READ @ DQS MultiPurpose Register 0, col = 3,  data = 1
# tb_soc_ddr3_top.mem_core.data_task: at time 47768150.0 ps READ @ DQS MultiPurpose Register 0, col = 4,  data = 0
# tb_soc_ddr3_top.mem_core.data_task: at time 47769483.0 ps READ @ DQS MultiPurpose Register 0, col = 5,  data = 1
# tb_soc_ddr3_top.mem_core.data_task: at time 47770817.0 ps READ @ DQS MultiPurpose Register 0, col = 6,  data = 0
# tb_soc_ddr3_top.mem_core.data_task: at time 47772150.0 ps READ @ DQS MultiPurpose Register 0, col = 7,  data = 1
# tb_soc_ddr3_top.mem_core.data_task: at time 47773483.0 ps READ @ DQS MultiPurpose Register 0, col = 0,  data = 0
# tb_soc_ddr3_top.mem_core.data_task: at time 47774817.0 ps READ @ DQS MultiPurpose Register 0, col = 1,  data = 1
# tb_soc_ddr3_top.mem_core.data_task: at time 47776150.0 ps READ @ DQS MultiPurpose Register 0, col = 2,  data = 0
# tb_soc_ddr3_top.mem_core.data_task: at time 47777483.0 ps READ @ DQS MultiPurpose Register 0, col = 3,  data = 1
# tb_soc_ddr3_top.mem_core.data_task: at time 47778817.0 ps READ @ DQS MultiPurpose Register 0, col = 4,  data = 0
# tb_soc_ddr3_top.mem_core.data_task: at time 47780150.0 ps READ @ DQS MultiPurpose Register 0, col = 5,  data = 1
# tb_soc_ddr3_top.mem_core.data_task: at time 47781483.0 ps READ @ DQS MultiPurpose Register 0, col = 6,  data = 0
# tb_soc_ddr3_top.mem_core.data_task: at time 47782817.0 ps READ @ DQS MultiPurpose Register 0, col = 7,  data = 1
# tb_soc_ddr3_top.mem_core.data_task: at time 47784150.0 ps READ @ DQS MultiPurpose Register 0, col = 0,  data = 0
# tb_soc_ddr3_top.mem_core.data_task: at time 47785483.0 ps READ @ DQS MultiPurpose Register 0, col = 1,  data = 1
# tb_soc_ddr3_top.mem_core.data_task: at time 47786817.0 ps READ @ DQS MultiPurpose Register 0, col = 2,  data = 0
# tb_soc_ddr3_top.mem_core.data_task: at time 47788150.0 ps READ @ DQS MultiPurpose Register 0, col = 3,  data = 1
# tb_soc_ddr3_top.mem_core.data_task: at time 47789483.0 ps READ @ DQS MultiPurpose Register 0, col = 4,  data = 0
# tb_soc_ddr3_top.mem_core.data_task: at time 47790817.0 ps READ @ DQS MultiPurpose Register 0, col = 5,  data = 1
# tb_soc_ddr3_top.mem_core.data_task: at time 47792150.0 ps READ @ DQS MultiPurpose Register 0, col = 6,  data = 0
# tb_soc_ddr3_top.mem_core.data_task: at time 47793483.0 ps READ @ DQS MultiPurpose Register 0, col = 7,  data = 1
# tb_soc_ddr3_top.mem_core.cmd_task: at time 48153483.0 ps INFO: Load Mode 3
# tb_soc_ddr3_top.mem_core.cmd_task: at time 48153483.0 ps INFO: Load Mode 3 MultiPurpose Register Select = Pre-defined pattern
# tb_soc_ddr3_top.mem_core.cmd_task: at time 48153483.0 ps INFO: Load Mode 3 MultiPurpose Register Enable = Disabled
# tb_soc_ddr3_top.mem_core.cmd_task: at time 48377483.0 ps INFO: Refresh  
# tb_soc_ddr3_top.mem_core.cmd_task: at time 48718817.0 ps INFO: Refresh  
# tb_soc_ddr3_top.mem_core.cmd_task: at time 49060150.0 ps INFO: Refresh  
# tb_soc_ddr3_top.mem_core.cmd_task: at time 49401483.0 ps INFO: Refresh  
# tb_soc_ddr3_top.mem_core.cmd_task: at time 49742817.0 ps INFO: Activate  bank 0 row 0000
# tb_soc_ddr3_top.mem_core.cmd_task: at time 49774817.0 ps INFO: Write     bank 0 col 000, auto precharge 0
# tb_soc_ddr3_top.mem_core.cmd_task: at time 49785483.0 ps INFO: Write     bank 0 col 008, auto precharge 0
# tb_soc_ddr3_top.mem_core.main: at time 49793483.0 ps INFO: Sync On Die Termination Rtt_NOM =         60 Ohm
# tb_soc_ddr3_top.mem_core.cmd_task: at time 49796150.0 ps INFO: Write     bank 0 col 010, auto precharge 0
# tb_soc_ddr3_top.mem_core.data_task: at time 49800150.0 ps INFO: WRITE @ DQS= bank = 0 row = 0000 col = 00000000 data = 0000
# tb_soc_ddr3_top.mem_core.data_task: at time 49801483.0 ps INFO: WRITE @ DQS= bank = 0 row = 0000 col = 00000001 data = 0000
# tb_soc_ddr3_top.mem_core.data_task: at time 49802817.0 ps INFO: WRITE @ DQS= bank = 0 row = 0000 col = 00000002 data = 0000
# tb_soc_ddr3_top.mem_core.data_task: at time 49804150.0 ps INFO: WRITE @ DQS= bank = 0 row = 0000 col = 00000003 data = ffff
# tb_soc_ddr3_top.mem_core.data_task: at time 49805483.0 ps INFO: WRITE @ DQS= bank = 0 row = 0000 col = 00000004 data = ffff
# tb_soc_ddr3_top.mem_core.data_task: at time 49806817.0 ps INFO: WRITE @ DQS= bank = 0 row = 0000 col = 00000005 data = 0000
# tb_soc_ddr3_top.mem_core.data_task: at time 49808150.0 ps INFO: WRITE @ DQS= bank = 0 row = 0000 col = 00000006 data = ffff
# tb_soc_ddr3_top.mem_core.data_task: at time 49809483.0 ps INFO: WRITE @ DQS= bank = 0 row = 0000 col = 00000007 data = ffff
# tb_soc_ddr3_top.mem_core.data_task: at time 49810817.0 ps INFO: WRITE @ DQS= bank = 0 row = 0000 col = 00000008 data = 0000
# tb_soc_ddr3_top.mem_core.data_task: at time 49812150.0 ps INFO: WRITE @ DQS= bank = 0 row = 0000 col = 00000009 data = 0000
# tb_soc_ddr3_top.mem_core.data_task: at time 49813483.0 ps INFO: WRITE @ DQS= bank = 0 row = 0000 col = 0000000a data = 0000
# tb_soc_ddr3_top.mem_core.data_task: at time 49814817.0 ps INFO: WRITE @ DQS= bank = 0 row = 0000 col = 0000000b data = ffff
# tb_soc_ddr3_top.mem_core.data_task: at time 49816150.0 ps INFO: WRITE @ DQS= bank = 0 row = 0000 col = 0000000c data = ffff
# tb_soc_ddr3_top.mem_core.data_task: at time 49817483.0 ps INFO: WRITE @ DQS= bank = 0 row = 0000 col = 0000000d data = 0000
# tb_soc_ddr3_top.mem_core.data_task: at time 49818817.0 ps INFO: WRITE @ DQS= bank = 0 row = 0000 col = 0000000e data = ffff
# tb_soc_ddr3_top.mem_core.data_task: at time 49820150.0 ps INFO: WRITE @ DQS= bank = 0 row = 0000 col = 0000000f data = ffff
# tb_soc_ddr3_top.mem_core.data_task: at time 49821483.0 ps INFO: WRITE @ DQS= bank = 0 row = 0000 col = 00000010 data = 0000
# tb_soc_ddr3_top.mem_core.data_task: at time 49822817.0 ps INFO: WRITE @ DQS= bank = 0 row = 0000 col = 00000011 data = 0000
# tb_soc_ddr3_top.mem_core.data_task: at time 49824150.0 ps INFO: WRITE @ DQS= bank = 0 row = 0000 col = 00000012 data = 0000
# tb_soc_ddr3_top.mem_core.data_task: at time 49825483.0 ps INFO: WRITE @ DQS= bank = 0 row = 0000 col = 00000013 data = ffff
# tb_soc_ddr3_top.mem_core.data_task: at time 49826817.0 ps INFO: WRITE @ DQS= bank = 0 row = 0000 col = 00000014 data = ffff
# tb_soc_ddr3_top.mem_core.data_task: at time 49828150.0 ps INFO: WRITE @ DQS= bank = 0 row = 0000 col = 00000015 data = 0000
# tb_soc_ddr3_top.mem_core.data_task: at time 49829483.0 ps INFO: WRITE @ DQS= bank = 0 row = 0000 col = 00000016 data = ffff
# tb_soc_ddr3_top.mem_core.data_task: at time 49830817.0 ps INFO: WRITE @ DQS= bank = 0 row = 0000 col = 00000017 data = ffff
# tb_soc_ddr3_top.mem_core.cmd_task: at time 49860150.0 ps INFO: Read      bank 0 col 008, auto precharge 0
# tb_soc_ddr3_top.mem_core.main: at time 49868150.0 ps INFO: Sync On Die Termination Rtt_NOM =          0 Ohm
# tb_soc_ddr3_top.mem_core.data_task: at time 49885483.0 ps INFO: READ @ DQS= bank = 0 row = 0000 col = 00000008 data = 0000
# tb_soc_ddr3_top.mem_core.data_task: at time 49886817.0 ps INFO: READ @ DQS= bank = 0 row = 0000 col = 00000009 data = 0000
# tb_soc_ddr3_top.mem_core.data_task: at time 49888150.0 ps INFO: READ @ DQS= bank = 0 row = 0000 col = 0000000a data = 0000
# tb_soc_ddr3_top.mem_core.data_task: at time 49889483.0 ps INFO: READ @ DQS= bank = 0 row = 0000 col = 0000000b data = ffff
# tb_soc_ddr3_top.mem_core.data_task: at time 49890817.0 ps INFO: READ @ DQS= bank = 0 row = 0000 col = 0000000c data = ffff
# tb_soc_ddr3_top.mem_core.data_task: at time 49892150.0 ps INFO: READ @ DQS= bank = 0 row = 0000 col = 0000000d data = 0000
# tb_soc_ddr3_top.mem_core.data_task: at time 49893483.0 ps INFO: READ @ DQS= bank = 0 row = 0000 col = 0000000e data = ffff
# tb_soc_ddr3_top.mem_core.data_task: at time 49894817.0 ps INFO: READ @ DQS= bank = 0 row = 0000 col = 0000000f data = ffff
# tb_soc_ddr3_top.mem_core.cmd_task: at time 50180150.0 ps INFO: Read      bank 0 col 008, auto precharge 0
# tb_soc_ddr3_top.mem_core.data_task: at time 50205483.0 ps INFO: READ @ DQS= bank = 0 row = 0000 col = 00000008 data = 0000
# tb_soc_ddr3_top.mem_core.data_task: at time 50206817.0 ps INFO: READ @ DQS= bank = 0 row = 0000 col = 00000009 data = 0000
# tb_soc_ddr3_top.mem_core.data_task: at time 50208150.0 ps INFO: READ @ DQS= bank = 0 row = 0000 col = 0000000a data = 0000
# tb_soc_ddr3_top.mem_core.data_task: at time 50209483.0 ps INFO: READ @ DQS= bank = 0 row = 0000 col = 0000000b data = ffff
# tb_soc_ddr3_top.mem_core.data_task: at time 50210817.0 ps INFO: READ @ DQS= bank = 0 row = 0000 col = 0000000c data = ffff
# tb_soc_ddr3_top.mem_core.data_task: at time 50212150.0 ps INFO: READ @ DQS= bank = 0 row = 0000 col = 0000000d data = 0000
# tb_soc_ddr3_top.mem_core.data_task: at time 50213483.0 ps INFO: READ @ DQS= bank = 0 row = 0000 col = 0000000e data = ffff
# tb_soc_ddr3_top.mem_core.data_task: at time 50214817.0 ps INFO: READ @ DQS= bank = 0 row = 0000 col = 0000000f data = ffff
# tb_soc_ddr3_top.mem_core.cmd_task: at time 50500150.0 ps INFO: Read      bank 0 col 008, auto precharge 0
# tb_soc_ddr3_top.mem_core.data_task: at time 50525483.0 ps INFO: READ @ DQS= bank = 0 row = 0000 col = 00000008 data = 0000
# tb_soc_ddr3_top.mem_core.data_task: at time 50526817.0 ps INFO: READ @ DQS= bank = 0 row = 0000 col = 00000009 data = 0000
# tb_soc_ddr3_top.mem_core.data_task: at time 50528150.0 ps INFO: READ @ DQS= bank = 0 row = 0000 col = 0000000a data = 0000
# tb_soc_ddr3_top.mem_core.data_task: at time 50529483.0 ps INFO: READ @ DQS= bank = 0 row = 0000 col = 0000000b data = ffff
# tb_soc_ddr3_top.mem_core.data_task: at time 50530817.0 ps INFO: READ @ DQS= bank = 0 row = 0000 col = 0000000c data = ffff
# tb_soc_ddr3_top.mem_core.data_task: at time 50532150.0 ps INFO: READ @ DQS= bank = 0 row = 0000 col = 0000000d data = 0000
# tb_soc_ddr3_top.mem_core.data_task: at time 50533483.0 ps INFO: READ @ DQS= bank = 0 row = 0000 col = 0000000e data = ffff
# tb_soc_ddr3_top.mem_core.data_task: at time 50534817.0 ps INFO: READ @ DQS= bank = 0 row = 0000 col = 0000000f data = ffff
# tb_soc_ddr3_top.mem_core.cmd_task: at time 50820150.0 ps INFO: Read      bank 0 col 008, auto precharge 0
# tb_soc_ddr3_top.mem_core.data_task: at time 50845483.0 ps INFO: READ @ DQS= bank = 0 row = 0000 col = 00000008 data = 0000
# tb_soc_ddr3_top.mem_core.data_task: at time 50846817.0 ps INFO: READ @ DQS= bank = 0 row = 0000 col = 00000009 data = 0000
# tb_soc_ddr3_top.mem_core.data_task: at time 50848150.0 ps INFO: READ @ DQS= bank = 0 row = 0000 col = 0000000a data = 0000
# tb_soc_ddr3_top.mem_core.data_task: at time 50849483.0 ps INFO: READ @ DQS= bank = 0 row = 0000 col = 0000000b data = ffff
# tb_soc_ddr3_top.mem_core.data_task: at time 50850817.0 ps INFO: READ @ DQS= bank = 0 row = 0000 col = 0000000c data = ffff
# tb_soc_ddr3_top.mem_core.data_task: at time 50852150.0 ps INFO: READ @ DQS= bank = 0 row = 0000 col = 0000000d data = 0000
# tb_soc_ddr3_top.mem_core.data_task: at time 50853483.0 ps INFO: READ @ DQS= bank = 0 row = 0000 col = 0000000e data = ffff
# tb_soc_ddr3_top.mem_core.data_task: at time 50854817.0 ps INFO: READ @ DQS= bank = 0 row = 0000 col = 0000000f data = ffff
# tb_soc_ddr3_top.mem_core.cmd_task: at time 51140150.0 ps INFO: Read      bank 0 col 008, auto precharge 0
# tb_soc_ddr3_top.mem_core.data_task: at time 51165483.0 ps INFO: READ @ DQS= bank = 0 row = 0000 col = 00000008 data = 0000
# tb_soc_ddr3_top.mem_core.data_task: at time 51166817.0 ps INFO: READ @ DQS= bank = 0 row = 0000 col = 00000009 data = 0000
# tb_soc_ddr3_top.mem_core.data_task: at time 51168150.0 ps INFO: READ @ DQS= bank = 0 row = 0000 col = 0000000a data = 0000
# tb_soc_ddr3_top.mem_core.data_task: at time 51169483.0 ps INFO: READ @ DQS= bank = 0 row = 0000 col = 0000000b data = ffff
# tb_soc_ddr3_top.mem_core.data_task: at time 51170817.0 ps INFO: READ @ DQS= bank = 0 row = 0000 col = 0000000c data = ffff
# tb_soc_ddr3_top.mem_core.data_task: at time 51172150.0 ps INFO: READ @ DQS= bank = 0 row = 0000 col = 0000000d data = 0000
# tb_soc_ddr3_top.mem_core.data_task: at time 51173483.0 ps INFO: READ @ DQS= bank = 0 row = 0000 col = 0000000e data = ffff
# tb_soc_ddr3_top.mem_core.data_task: at time 51174817.0 ps INFO: READ @ DQS= bank = 0 row = 0000 col = 0000000f data = ffff
# tb_soc_ddr3_top.mem_core.cmd_task: at time 51460150.0 ps INFO: Read      bank 0 col 008, auto precharge 0
# tb_soc_ddr3_top.mem_core.data_task: at time 51485483.0 ps INFO: READ @ DQS= bank = 0 row = 0000 col = 00000008 data = 0000
# tb_soc_ddr3_top.mem_core.data_task: at time 51486817.0 ps INFO: READ @ DQS= bank = 0 row = 0000 col = 00000009 data = 0000
# tb_soc_ddr3_top.mem_core.data_task: at time 51488150.0 ps INFO: READ @ DQS= bank = 0 row = 0000 col = 0000000a data = 0000
# tb_soc_ddr3_top.mem_core.data_task: at time 51489483.0 ps INFO: READ @ DQS= bank = 0 row = 0000 col = 0000000b data = ffff
# tb_soc_ddr3_top.mem_core.data_task: at time 51490817.0 ps INFO: READ @ DQS= bank = 0 row = 0000 col = 0000000c data = ffff
# tb_soc_ddr3_top.mem_core.data_task: at time 51492150.0 ps INFO: READ @ DQS= bank = 0 row = 0000 col = 0000000d data = 0000
# tb_soc_ddr3_top.mem_core.data_task: at time 51493483.0 ps INFO: READ @ DQS= bank = 0 row = 0000 col = 0000000e data = ffff
# tb_soc_ddr3_top.mem_core.data_task: at time 51494817.0 ps INFO: READ @ DQS= bank = 0 row = 0000 col = 0000000f data = ffff
# tb_soc_ddr3_top.mem_core.cmd_task: at time 51780150.0 ps INFO: Read      bank 0 col 008, auto precharge 0
# tb_soc_ddr3_top.mem_core.data_task: at time 51805483.0 ps INFO: READ @ DQS= bank = 0 row = 0000 col = 00000008 data = 0000
# tb_soc_ddr3_top.mem_core.data_task: at time 51806817.0 ps INFO: READ @ DQS= bank = 0 row = 0000 col = 00000009 data = 0000
# tb_soc_ddr3_top.mem_core.data_task: at time 51808150.0 ps INFO: READ @ DQS= bank = 0 row = 0000 col = 0000000a data = 0000
# tb_soc_ddr3_top.mem_core.data_task: at time 51809483.0 ps INFO: READ @ DQS= bank = 0 row = 0000 col = 0000000b data = ffff
# tb_soc_ddr3_top.mem_core.data_task: at time 51810817.0 ps INFO: READ @ DQS= bank = 0 row = 0000 col = 0000000c data = ffff
# tb_soc_ddr3_top.mem_core.data_task: at time 51812150.0 ps INFO: READ @ DQS= bank = 0 row = 0000 col = 0000000d data = 0000
# tb_soc_ddr3_top.mem_core.data_task: at time 51813483.0 ps INFO: READ @ DQS= bank = 0 row = 0000 col = 0000000e data = ffff
# tb_soc_ddr3_top.mem_core.data_task: at time 51814817.0 ps INFO: READ @ DQS= bank = 0 row = 0000 col = 0000000f data = ffff
# tb_soc_ddr3_top.mem_core.cmd_task: at time 52100150.0 ps INFO: Read      bank 0 col 008, auto precharge 0
# tb_soc_ddr3_top.mem_core.data_task: at time 52125483.0 ps INFO: READ @ DQS= bank = 0 row = 0000 col = 00000008 data = 0000
# tb_soc_ddr3_top.mem_core.data_task: at time 52126817.0 ps INFO: READ @ DQS= bank = 0 row = 0000 col = 00000009 data = 0000
# tb_soc_ddr3_top.mem_core.data_task: at time 52128150.0 ps INFO: READ @ DQS= bank = 0 row = 0000 col = 0000000a data = 0000
# tb_soc_ddr3_top.mem_core.data_task: at time 52129483.0 ps INFO: READ @ DQS= bank = 0 row = 0000 col = 0000000b data = ffff
# tb_soc_ddr3_top.mem_core.data_task: at time 52130817.0 ps INFO: READ @ DQS= bank = 0 row = 0000 col = 0000000c data = ffff
# tb_soc_ddr3_top.mem_core.data_task: at time 52132150.0 ps INFO: READ @ DQS= bank = 0 row = 0000 col = 0000000d data = 0000
# tb_soc_ddr3_top.mem_core.data_task: at time 52133483.0 ps INFO: READ @ DQS= bank = 0 row = 0000 col = 0000000e data = ffff
# tb_soc_ddr3_top.mem_core.data_task: at time 52134817.0 ps INFO: READ @ DQS= bank = 0 row = 0000 col = 0000000f data = ffff
# tb_soc_ddr3_top.mem_core.cmd_task: at time 52420150.0 ps INFO: Read      bank 0 col 008, auto precharge 0
# tb_soc_ddr3_top.mem_core.data_task: at time 52445483.0 ps INFO: READ @ DQS= bank = 0 row = 0000 col = 00000008 data = 0000
# tb_soc_ddr3_top.mem_core.data_task: at time 52446817.0 ps INFO: READ @ DQS= bank = 0 row = 0000 col = 00000009 data = 0000
# tb_soc_ddr3_top.mem_core.data_task: at time 52448150.0 ps INFO: READ @ DQS= bank = 0 row = 0000 col = 0000000a data = 0000
# tb_soc_ddr3_top.mem_core.data_task: at time 52449483.0 ps INFO: READ @ DQS= bank = 0 row = 0000 col = 0000000b data = ffff
# tb_soc_ddr3_top.mem_core.data_task: at time 52450817.0 ps INFO: READ @ DQS= bank = 0 row = 0000 col = 0000000c data = ffff
# tb_soc_ddr3_top.mem_core.data_task: at time 52452150.0 ps INFO: READ @ DQS= bank = 0 row = 0000 col = 0000000d data = 0000
# tb_soc_ddr3_top.mem_core.data_task: at time 52453483.0 ps INFO: READ @ DQS= bank = 0 row = 0000 col = 0000000e data = ffff
# tb_soc_ddr3_top.mem_core.data_task: at time 52454817.0 ps INFO: READ @ DQS= bank = 0 row = 0000 col = 0000000f data = ffff
# tb_soc_ddr3_top.mem_core.cmd_task: at time 52740150.0 ps INFO: Read      bank 0 col 008, auto precharge 0
# tb_soc_ddr3_top.mem_core.data_task: at time 52765483.0 ps INFO: READ @ DQS= bank = 0 row = 0000 col = 00000008 data = 0000
# tb_soc_ddr3_top.mem_core.data_task: at time 52766817.0 ps INFO: READ @ DQS= bank = 0 row = 0000 col = 00000009 data = 0000
# tb_soc_ddr3_top.mem_core.data_task: at time 52768150.0 ps INFO: READ @ DQS= bank = 0 row = 0000 col = 0000000a data = 0000
# tb_soc_ddr3_top.mem_core.data_task: at time 52769483.0 ps INFO: READ @ DQS= bank = 0 row = 0000 col = 0000000b data = ffff
# tb_soc_ddr3_top.mem_core.data_task: at time 52770817.0 ps INFO: READ @ DQS= bank = 0 row = 0000 col = 0000000c data = ffff
# tb_soc_ddr3_top.mem_core.data_task: at time 52772150.0 ps INFO: READ @ DQS= bank = 0 row = 0000 col = 0000000d data = 0000
# tb_soc_ddr3_top.mem_core.data_task: at time 52773483.0 ps INFO: READ @ DQS= bank = 0 row = 0000 col = 0000000e data = ffff
# tb_soc_ddr3_top.mem_core.data_task: at time 52774817.0 ps INFO: READ @ DQS= bank = 0 row = 0000 col = 0000000f data = ffff
# tb_soc_ddr3_top.mem_core.cmd_task: at time 53060150.0 ps INFO: Read      bank 0 col 008, auto precharge 0
# tb_soc_ddr3_top.mem_core.data_task: at time 53085483.0 ps INFO: READ @ DQS= bank = 0 row = 0000 col = 00000008 data = 0000
# tb_soc_ddr3_top.mem_core.data_task: at time 53086817.0 ps INFO: READ @ DQS= bank = 0 row = 0000 col = 00000009 data = 0000
# tb_soc_ddr3_top.mem_core.data_task: at time 53088150.0 ps INFO: READ @ DQS= bank = 0 row = 0000 col = 0000000a data = 0000
# tb_soc_ddr3_top.mem_core.data_task: at time 53089483.0 ps INFO: READ @ DQS= bank = 0 row = 0000 col = 0000000b data = ffff
# tb_soc_ddr3_top.mem_core.data_task: at time 53090817.0 ps INFO: READ @ DQS= bank = 0 row = 0000 col = 0000000c data = ffff
# tb_soc_ddr3_top.mem_core.data_task: at time 53092150.0 ps INFO: READ @ DQS= bank = 0 row = 0000 col = 0000000d data = 0000
# tb_soc_ddr3_top.mem_core.data_task: at time 53093483.0 ps INFO: READ @ DQS= bank = 0 row = 0000 col = 0000000e data = ffff
# tb_soc_ddr3_top.mem_core.data_task: at time 53094817.0 ps INFO: READ @ DQS= bank = 0 row = 0000 col = 0000000f data = ffff
# tb_soc_ddr3_top.mem_core.cmd_task: at time 53380150.0 ps INFO: Read      bank 0 col 008, auto precharge 0
# tb_soc_ddr3_top.mem_core.data_task: at time 53405483.0 ps INFO: READ @ DQS= bank = 0 row = 0000 col = 00000008 data = 0000
# tb_soc_ddr3_top.mem_core.data_task: at time 53406817.0 ps INFO: READ @ DQS= bank = 0 row = 0000 col = 00000009 data = 0000
# tb_soc_ddr3_top.mem_core.data_task: at time 53408150.0 ps INFO: READ @ DQS= bank = 0 row = 0000 col = 0000000a data = 0000
# tb_soc_ddr3_top.mem_core.data_task: at time 53409483.0 ps INFO: READ @ DQS= bank = 0 row = 0000 col = 0000000b data = ffff
# tb_soc_ddr3_top.mem_core.data_task: at time 53410817.0 ps INFO: READ @ DQS= bank = 0 row = 0000 col = 0000000c data = ffff
# tb_soc_ddr3_top.mem_core.data_task: at time 53412150.0 ps INFO: READ @ DQS= bank = 0 row = 0000 col = 0000000d data = 0000
# tb_soc_ddr3_top.mem_core.data_task: at time 53413483.0 ps INFO: READ @ DQS= bank = 0 row = 0000 col = 0000000e data = ffff
# tb_soc_ddr3_top.mem_core.data_task: at time 53414817.0 ps INFO: READ @ DQS= bank = 0 row = 0000 col = 0000000f data = ffff
# tb_soc_ddr3_top.mem_core.cmd_task: at time 53700150.0 ps INFO: Read      bank 0 col 008, auto precharge 0
# tb_soc_ddr3_top.mem_core.cmd_task: at time 53710817.0 ps INFO: Read      bank 0 col 008, auto precharge 0
# tb_soc_ddr3_top.mem_core.data_task: at time 53725483.0 ps INFO: READ @ DQS= bank = 0 row = 0000 col = 00000008 data = 0000
# tb_soc_ddr3_top.mem_core.data_task: at time 53726817.0 ps INFO: READ @ DQS= bank = 0 row = 0000 col = 00000009 data = 0000
# tb_soc_ddr3_top.mem_core.data_task: at time 53728150.0 ps INFO: READ @ DQS= bank = 0 row = 0000 col = 0000000a data = 0000
# tb_soc_ddr3_top.mem_core.data_task: at time 53729483.0 ps INFO: READ @ DQS= bank = 0 row = 0000 col = 0000000b data = ffff
# tb_soc_ddr3_top.mem_core.data_task: at time 53730817.0 ps INFO: READ @ DQS= bank = 0 row = 0000 col = 0000000c data = ffff
# tb_soc_ddr3_top.mem_core.data_task: at time 53732150.0 ps INFO: READ @ DQS= bank = 0 row = 0000 col = 0000000d data = 0000
# tb_soc_ddr3_top.mem_core.data_task: at time 53733483.0 ps INFO: READ @ DQS= bank = 0 row = 0000 col = 0000000e data = ffff
# tb_soc_ddr3_top.mem_core.data_task: at time 53734817.0 ps INFO: READ @ DQS= bank = 0 row = 0000 col = 0000000f data = ffff
# tb_soc_ddr3_top.mem_core.data_task: at time 53736150.0 ps INFO: READ @ DQS= bank = 0 row = 0000 col = 00000008 data = 0000
# tb_soc_ddr3_top.mem_core.data_task: at time 53737483.0 ps INFO: READ @ DQS= bank = 0 row = 0000 col = 00000009 data = 0000
# tb_soc_ddr3_top.mem_core.data_task: at time 53738817.0 ps INFO: READ @ DQS= bank = 0 row = 0000 col = 0000000a data = 0000
# tb_soc_ddr3_top.mem_core.data_task: at time 53740150.0 ps INFO: READ @ DQS= bank = 0 row = 0000 col = 0000000b data = ffff
# tb_soc_ddr3_top.mem_core.data_task: at time 53741483.0 ps INFO: READ @ DQS= bank = 0 row = 0000 col = 0000000c data = ffff
# tb_soc_ddr3_top.mem_core.data_task: at time 53742817.0 ps INFO: READ @ DQS= bank = 0 row = 0000 col = 0000000d data = 0000
# tb_soc_ddr3_top.mem_core.data_task: at time 53744150.0 ps INFO: READ @ DQS= bank = 0 row = 0000 col = 0000000e data = ffff
# tb_soc_ddr3_top.mem_core.data_task: at time 53745483.0 ps INFO: READ @ DQS= bank = 0 row = 0000 col = 0000000f data = ffff
# tb_soc_ddr3_top.mem_core.cmd_task: at time 53849483.0 ps INFO: Precharge All
# tb_soc_ddr3_top.mem_core.cmd_task: at time 53849483.0 ps INFO: Precharge bank   0
# tb_soc_ddr3_top.mem_core.cmd_task: at time 53956150.0 ps INFO: Refresh  
# tb_soc_ddr3_top.mem_core.cmd_task: at time 54297483.0 ps INFO: Refresh  
# tb_soc_ddr3_top.mem_core.cmd_task: at time 54638817.0 ps INFO: Refresh  
# tb_soc_ddr3_top.mem_core.cmd_task: at time 54980150.0 ps INFO: Refresh  
# tb_soc_ddr3_top.mem_core.cmd_task: at time 55321483.0 ps INFO: Activate  bank 0 row 0000
# tb_soc_ddr3_top.mem_core.cmd_task: at time 55353483.0 ps INFO: Write     bank 0 col 000, auto precharge 0
# tb_soc_ddr3_top.mem_core.cmd_task: at time 55364150.0 ps INFO: Write     bank 0 col 008, auto precharge 0
# tb_soc_ddr3_top.mem_core.main: at time 55372150.0 ps INFO: Sync On Die Termination Rtt_NOM =         60 Ohm
# tb_soc_ddr3_top.mem_core.cmd_task: at time 55374817.0 ps INFO: Write     bank 0 col 010, auto precharge 0
# tb_soc_ddr3_top.mem_core.data_task: at time 55378817.0 ps INFO: WRITE @ DQS= bank = 0 row = 0000 col = 00000000 data = 5555
# tb_soc_ddr3_top.mem_core.data_task: at time 55380150.0 ps INFO: WRITE @ DQS= bank = 0 row = 0000 col = 00000001 data = a5a5
# tb_soc_ddr3_top.mem_core.data_task: at time 55381483.0 ps INFO: WRITE @ DQS= bank = 0 row = 0000 col = 00000002 data = 5555
# tb_soc_ddr3_top.mem_core.data_task: at time 55382817.0 ps INFO: WRITE @ DQS= bank = 0 row = 0000 col = 00000003 data = a5a5
# tb_soc_ddr3_top.mem_core.data_task: at time 55384150.0 ps INFO: WRITE @ DQS= bank = 0 row = 0000 col = 00000004 data = 5a5a
# tb_soc_ddr3_top.mem_core.data_task: at time 55385483.0 ps INFO: WRITE @ DQS= bank = 0 row = 0000 col = 00000005 data = a5a5
# tb_soc_ddr3_top.mem_core.cmd_task: at time 55385483.0 ps INFO: Write     bank 0 col 018, auto precharge 0
# tb_soc_ddr3_top.mem_core.data_task: at time 55386817.0 ps INFO: WRITE @ DQS= bank = 0 row = 0000 col = 00000006 data = 5555
# tb_soc_ddr3_top.mem_core.data_task: at time 55388150.0 ps INFO: WRITE @ DQS= bank = 0 row = 0000 col = 00000007 data = a5a5
# tb_soc_ddr3_top.mem_core.data_task: at time 55389483.0 ps INFO: WRITE @ DQS= bank = 0 row = 0000 col = 00000008 data = 5f5f
# tb_soc_ddr3_top.mem_core.data_task: at time 55390817.0 ps INFO: WRITE @ DQS= bank = 0 row = 0000 col = 00000009 data = a5a5
# tb_soc_ddr3_top.mem_core.data_task: at time 55392150.0 ps INFO: WRITE @ DQS= bank = 0 row = 0000 col = 0000000a data = a5a5
# tb_soc_ddr3_top.mem_core.data_task: at time 55393483.0 ps INFO: WRITE @ DQS= bank = 0 row = 0000 col = 0000000b data = f5f5
# tb_soc_ddr3_top.mem_core.data_task: at time 55394817.0 ps INFO: WRITE @ DQS= bank = 0 row = 0000 col = 0000000c data = f5f5
# tb_soc_ddr3_top.mem_core.data_task: at time 55396150.0 ps INFO: WRITE @ DQS= bank = 0 row = 0000 col = 0000000d data = f5f5
# tb_soc_ddr3_top.mem_core.data_task: at time 55397483.0 ps INFO: WRITE @ DQS= bank = 0 row = 0000 col = 0000000e data = f5f5
# tb_soc_ddr3_top.mem_core.data_task: at time 55398817.0 ps INFO: WRITE @ DQS= bank = 0 row = 0000 col = 0000000f data = f0f0
# tb_soc_ddr3_top.mem_core.data_task: at time 55400150.0 ps INFO: WRITE @ DQS= bank = 0 row = 0000 col = 00000010 data = a5a5
# tb_soc_ddr3_top.mem_core.data_task: at time 55401483.0 ps INFO: WRITE @ DQS= bank = 0 row = 0000 col = 00000011 data = a5a5
# tb_soc_ddr3_top.mem_core.data_task: at time 55402817.0 ps INFO: WRITE @ DQS= bank = 0 row = 0000 col = 00000012 data = a5a5
# tb_soc_ddr3_top.mem_core.data_task: at time 55404150.0 ps INFO: WRITE @ DQS= bank = 0 row = 0000 col = 00000013 data = a5a5
# tb_soc_ddr3_top.mem_core.data_task: at time 55405483.0 ps INFO: WRITE @ DQS= bank = 0 row = 0000 col = 00000014 data = 5555
# tb_soc_ddr3_top.mem_core.data_task: at time 55406817.0 ps INFO: WRITE @ DQS= bank = 0 row = 0000 col = 00000015 data = 5555
# tb_soc_ddr3_top.mem_core.data_task: at time 55408150.0 ps INFO: WRITE @ DQS= bank = 0 row = 0000 col = 00000016 data = 5555
# tb_soc_ddr3_top.mem_core.data_task: at time 55409483.0 ps INFO: WRITE @ DQS= bank = 0 row = 0000 col = 00000017 data = 5f5f
# tb_soc_ddr3_top.mem_core.data_task: at time 55410817.0 ps INFO: WRITE @ DQS= bank = 0 row = 0000 col = 00000018 data = f5f5
# tb_soc_ddr3_top.mem_core.data_task: at time 55412150.0 ps INFO: WRITE @ DQS= bank = 0 row = 0000 col = 00000019 data = aaaa
# tb_soc_ddr3_top.mem_core.data_task: at time 55413483.0 ps INFO: WRITE @ DQS= bank = 0 row = 0000 col = 0000001a data = 5555
# tb_soc_ddr3_top.mem_core.data_task: at time 55414817.0 ps INFO: WRITE @ DQS= bank = 0 row = 0000 col = 0000001b data = aaaa
# tb_soc_ddr3_top.mem_core.data_task: at time 55416150.0 ps INFO: WRITE @ DQS= bank = 0 row = 0000 col = 0000001c data = f5f5
# tb_soc_ddr3_top.mem_core.data_task: at time 55417483.0 ps INFO: WRITE @ DQS= bank = 0 row = 0000 col = 0000001d data = aaaa
# tb_soc_ddr3_top.mem_core.data_task: at time 55418817.0 ps INFO: WRITE @ DQS= bank = 0 row = 0000 col = 0000001e data = f5f5
# tb_soc_ddr3_top.mem_core.data_task: at time 55420150.0 ps INFO: WRITE @ DQS= bank = 0 row = 0000 col = 0000001f data = aaaa
# tb_soc_ddr3_top.mem_core.main: at time 55468150.0 ps INFO: Sync On Die Termination Rtt_NOM =          0 Ohm
# tb_soc_ddr3_top.mem_core.cmd_task: at time 55545483.0 ps INFO: Precharge All
# tb_soc_ddr3_top.mem_core.cmd_task: at time 55545483.0 ps INFO: Precharge bank   0
# tb_soc_ddr3_top.mem_core.cmd_task: at time 55790817.0 ps INFO: Refresh  
# tb_soc_ddr3_top.mem_core.cmd_task: at time 56132150.0 ps INFO: Refresh  
# tb_soc_ddr3_top.mem_core.cmd_task: at time 56473483.0 ps INFO: Refresh  
# tb_soc_ddr3_top.mem_core.cmd_task: at time 56814817.0 ps INFO: Refresh  
# tb_soc_ddr3_top.mem_core.cmd_task: at time 57156150.0 ps INFO: Activate  bank 0 row 0000
# tb_soc_ddr3_top.mem_core.cmd_task: at time 57188150.0 ps INFO: Read      bank 0 col 000, auto precharge 0
# tb_soc_ddr3_top.mem_core.cmd_task: at time 57198817.0 ps INFO: Read      bank 0 col 008, auto precharge 0
# tb_soc_ddr3_top.mem_core.cmd_task: at time 57209483.0 ps INFO: Read      bank 0 col 010, auto precharge 0
# tb_soc_ddr3_top.mem_core.data_task: at time 57213483.0 ps INFO: READ @ DQS= bank = 0 row = 0000 col = 00000000 data = 5555
# tb_soc_ddr3_top.mem_core.data_task: at time 57214817.0 ps INFO: READ @ DQS= bank = 0 row = 0000 col = 00000001 data = a5a5
# tb_soc_ddr3_top.mem_core.data_task: at time 57216150.0 ps INFO: READ @ DQS= bank = 0 row = 0000 col = 00000002 data = 5555
# tb_soc_ddr3_top.mem_core.data_task: at time 57217483.0 ps INFO: READ @ DQS= bank = 0 row = 0000 col = 00000003 data = a5a5
# tb_soc_ddr3_top.mem_core.data_task: at time 57218817.0 ps INFO: READ @ DQS= bank = 0 row = 0000 col = 00000004 data = 5a5a
# tb_soc_ddr3_top.mem_core.data_task: at time 57220150.0 ps INFO: READ @ DQS= bank = 0 row = 0000 col = 00000005 data = a5a5
# tb_soc_ddr3_top.mem_core.cmd_task: at time 57220150.0 ps INFO: Read      bank 0 col 018, auto precharge 0
# tb_soc_ddr3_top.mem_core.data_task: at time 57221483.0 ps INFO: READ @ DQS= bank = 0 row = 0000 col = 00000006 data = 5555
# tb_soc_ddr3_top.mem_core.data_task: at time 57222817.0 ps INFO: READ @ DQS= bank = 0 row = 0000 col = 00000007 data = a5a5
# tb_soc_ddr3_top.mem_core.data_task: at time 57224150.0 ps INFO: READ @ DQS= bank = 0 row = 0000 col = 00000008 data = 5f5f
# tb_soc_ddr3_top.mem_core.data_task: at time 57225483.0 ps INFO: READ @ DQS= bank = 0 row = 0000 col = 00000009 data = a5a5
# tb_soc_ddr3_top.mem_core.data_task: at time 57226817.0 ps INFO: READ @ DQS= bank = 0 row = 0000 col = 0000000a data = a5a5
# tb_soc_ddr3_top.mem_core.data_task: at time 57228150.0 ps INFO: READ @ DQS= bank = 0 row = 0000 col = 0000000b data = f5f5
# tb_soc_ddr3_top.mem_core.data_task: at time 57229483.0 ps INFO: READ @ DQS= bank = 0 row = 0000 col = 0000000c data = f5f5
# tb_soc_ddr3_top.mem_core.data_task: at time 57230817.0 ps INFO: READ @ DQS= bank = 0 row = 0000 col = 0000000d data = f5f5
# tb_soc_ddr3_top.mem_core.data_task: at time 57232150.0 ps INFO: READ @ DQS= bank = 0 row = 0000 col = 0000000e data = f5f5
# tb_soc_ddr3_top.mem_core.data_task: at time 57233483.0 ps INFO: READ @ DQS= bank = 0 row = 0000 col = 0000000f data = f0f0
# tb_soc_ddr3_top.mem_core.data_task: at time 57234817.0 ps INFO: READ @ DQS= bank = 0 row = 0000 col = 00000010 data = a5a5
# tb_soc_ddr3_top.mem_core.data_task: at time 57236150.0 ps INFO: READ @ DQS= bank = 0 row = 0000 col = 00000011 data = a5a5
# tb_soc_ddr3_top.mem_core.data_task: at time 57237483.0 ps INFO: READ @ DQS= bank = 0 row = 0000 col = 00000012 data = a5a5
# tb_soc_ddr3_top.mem_core.data_task: at time 57238817.0 ps INFO: READ @ DQS= bank = 0 row = 0000 col = 00000013 data = a5a5
# tb_soc_ddr3_top.mem_core.data_task: at time 57240150.0 ps INFO: READ @ DQS= bank = 0 row = 0000 col = 00000014 data = 5555
# tb_soc_ddr3_top.mem_core.data_task: at time 57241483.0 ps INFO: READ @ DQS= bank = 0 row = 0000 col = 00000015 data = 5555
# tb_soc_ddr3_top.mem_core.data_task: at time 57242817.0 ps INFO: READ @ DQS= bank = 0 row = 0000 col = 00000016 data = 5555
# tb_soc_ddr3_top.mem_core.data_task: at time 57244150.0 ps INFO: READ @ DQS= bank = 0 row = 0000 col = 00000017 data = 5f5f
# tb_soc_ddr3_top.mem_core.data_task: at time 57245483.0 ps INFO: READ @ DQS= bank = 0 row = 0000 col = 00000018 data = f5f5
# tb_soc_ddr3_top.mem_core.data_task: at time 57246817.0 ps INFO: READ @ DQS= bank = 0 row = 0000 col = 00000019 data = aaaa
# tb_soc_ddr3_top.mem_core.data_task: at time 57248150.0 ps INFO: READ @ DQS= bank = 0 row = 0000 col = 0000001a data = 5555
# tb_soc_ddr3_top.mem_core.data_task: at time 57249483.0 ps INFO: READ @ DQS= bank = 0 row = 0000 col = 0000001b data = aaaa
# tb_soc_ddr3_top.mem_core.data_task: at time 57250817.0 ps INFO: READ @ DQS= bank = 0 row = 0000 col = 0000001c data = f5f5
# tb_soc_ddr3_top.mem_core.data_task: at time 57252150.0 ps INFO: READ @ DQS= bank = 0 row = 0000 col = 0000001d data = aaaa
# tb_soc_ddr3_top.mem_core.data_task: at time 57253483.0 ps INFO: READ @ DQS= bank = 0 row = 0000 col = 0000001e data = f5f5
# tb_soc_ddr3_top.mem_core.data_task: at time 57254817.0 ps INFO: READ @ DQS= bank = 0 row = 0000 col = 0000001f data = aaaa
# tb_soc_ddr3_top.mem_core.cmd_task: at time 57892150.0 ps INFO: Read      bank 0 col 000, auto precharge 0
# tb_soc_ddr3_top.mem_core.cmd_task: at time 57902817.0 ps INFO: Read      bank 0 col 008, auto precharge 0
# tb_soc_ddr3_top.mem_core.cmd_task: at time 57913483.0 ps INFO: Read      bank 0 col 010, auto precharge 0
# tb_soc_ddr3_top.mem_core.data_task: at time 57917483.0 ps INFO: READ @ DQS= bank = 0 row = 0000 col = 00000000 data = 5555
# tb_soc_ddr3_top.mem_core.data_task: at time 57918817.0 ps INFO: READ @ DQS= bank = 0 row = 0000 col = 00000001 data = a5a5
# tb_soc_ddr3_top.mem_core.data_task: at time 57920150.0 ps INFO: READ @ DQS= bank = 0 row = 0000 col = 00000002 data = 5555
# tb_soc_ddr3_top.mem_core.data_task: at time 57921483.0 ps INFO: READ @ DQS= bank = 0 row = 0000 col = 00000003 data = a5a5
# tb_soc_ddr3_top.mem_core.data_task: at time 57922817.0 ps INFO: READ @ DQS= bank = 0 row = 0000 col = 00000004 data = 5a5a
# tb_soc_ddr3_top.mem_core.data_task: at time 57924150.0 ps INFO: READ @ DQS= bank = 0 row = 0000 col = 00000005 data = a5a5
# tb_soc_ddr3_top.mem_core.cmd_task: at time 57924150.0 ps INFO: Read      bank 0 col 018, auto precharge 0
# tb_soc_ddr3_top.mem_core.data_task: at time 57925483.0 ps INFO: READ @ DQS= bank = 0 row = 0000 col = 00000006 data = 5555
# tb_soc_ddr3_top.mem_core.data_task: at time 57926817.0 ps INFO: READ @ DQS= bank = 0 row = 0000 col = 00000007 data = a5a5
# tb_soc_ddr3_top.mem_core.data_task: at time 57928150.0 ps INFO: READ @ DQS= bank = 0 row = 0000 col = 00000008 data = 5f5f
# tb_soc_ddr3_top.mem_core.data_task: at time 57929483.0 ps INFO: READ @ DQS= bank = 0 row = 0000 col = 00000009 data = a5a5
# tb_soc_ddr3_top.mem_core.data_task: at time 57930817.0 ps INFO: READ @ DQS= bank = 0 row = 0000 col = 0000000a data = a5a5
# tb_soc_ddr3_top.mem_core.data_task: at time 57932150.0 ps INFO: READ @ DQS= bank = 0 row = 0000 col = 0000000b data = f5f5
# tb_soc_ddr3_top.mem_core.data_task: at time 57933483.0 ps INFO: READ @ DQS= bank = 0 row = 0000 col = 0000000c data = f5f5
# tb_soc_ddr3_top.mem_core.data_task: at time 57934817.0 ps INFO: READ @ DQS= bank = 0 row = 0000 col = 0000000d data = f5f5
# tb_soc_ddr3_top.mem_core.data_task: at time 57936150.0 ps INFO: READ @ DQS= bank = 0 row = 0000 col = 0000000e data = f5f5
# tb_soc_ddr3_top.mem_core.data_task: at time 57937483.0 ps INFO: READ @ DQS= bank = 0 row = 0000 col = 0000000f data = f0f0
# tb_soc_ddr3_top.mem_core.data_task: at time 57938817.0 ps INFO: READ @ DQS= bank = 0 row = 0000 col = 00000010 data = a5a5
# tb_soc_ddr3_top.mem_core.data_task: at time 57940150.0 ps INFO: READ @ DQS= bank = 0 row = 0000 col = 00000011 data = a5a5
# tb_soc_ddr3_top.mem_core.data_task: at time 57941483.0 ps INFO: READ @ DQS= bank = 0 row = 0000 col = 00000012 data = a5a5
# tb_soc_ddr3_top.mem_core.data_task: at time 57942817.0 ps INFO: READ @ DQS= bank = 0 row = 0000 col = 00000013 data = a5a5
# tb_soc_ddr3_top.mem_core.data_task: at time 57944150.0 ps INFO: READ @ DQS= bank = 0 row = 0000 col = 00000014 data = 5555
# tb_soc_ddr3_top.mem_core.data_task: at time 57945483.0 ps INFO: READ @ DQS= bank = 0 row = 0000 col = 00000015 data = 5555
# tb_soc_ddr3_top.mem_core.data_task: at time 57946817.0 ps INFO: READ @ DQS= bank = 0 row = 0000 col = 00000016 data = 5555
# tb_soc_ddr3_top.mem_core.data_task: at time 57948150.0 ps INFO: READ @ DQS= bank = 0 row = 0000 col = 00000017 data = 5f5f
# tb_soc_ddr3_top.mem_core.data_task: at time 57949483.0 ps INFO: READ @ DQS= bank = 0 row = 0000 col = 00000018 data = f5f5
# tb_soc_ddr3_top.mem_core.data_task: at time 57950817.0 ps INFO: READ @ DQS= bank = 0 row = 0000 col = 00000019 data = aaaa
# tb_soc_ddr3_top.mem_core.data_task: at time 57952150.0 ps INFO: READ @ DQS= bank = 0 row = 0000 col = 0000001a data = 5555
# tb_soc_ddr3_top.mem_core.data_task: at time 57953483.0 ps INFO: READ @ DQS= bank = 0 row = 0000 col = 0000001b data = aaaa
# tb_soc_ddr3_top.mem_core.data_task: at time 57954817.0 ps INFO: READ @ DQS= bank = 0 row = 0000 col = 0000001c data = f5f5
# tb_soc_ddr3_top.mem_core.data_task: at time 57956150.0 ps INFO: READ @ DQS= bank = 0 row = 0000 col = 0000001d data = aaaa
# tb_soc_ddr3_top.mem_core.data_task: at time 57957483.0 ps INFO: READ @ DQS= bank = 0 row = 0000 col = 0000001e data = f5f5
# tb_soc_ddr3_top.mem_core.data_task: at time 57958817.0 ps INFO: READ @ DQS= bank = 0 row = 0000 col = 0000001f data = aaaa
# tb_soc_ddr3_top.mem_core.cmd_task: at time 58596150.0 ps INFO: Read      bank 0 col 000, auto precharge 0
# tb_soc_ddr3_top.mem_core.cmd_task: at time 58606817.0 ps INFO: Read      bank 0 col 008, auto precharge 0
# tb_soc_ddr3_top.mem_core.cmd_task: at time 58617483.0 ps INFO: Read      bank 0 col 010, auto precharge 0
# tb_soc_ddr3_top.mem_core.data_task: at time 58621483.0 ps INFO: READ @ DQS= bank = 0 row = 0000 col = 00000000 data = 5555
# tb_soc_ddr3_top.mem_core.data_task: at time 58622817.0 ps INFO: READ @ DQS= bank = 0 row = 0000 col = 00000001 data = a5a5
# tb_soc_ddr3_top.mem_core.data_task: at time 58624150.0 ps INFO: READ @ DQS= bank = 0 row = 0000 col = 00000002 data = 5555
# tb_soc_ddr3_top.mem_core.data_task: at time 58625483.0 ps INFO: READ @ DQS= bank = 0 row = 0000 col = 00000003 data = a5a5
# tb_soc_ddr3_top.mem_core.data_task: at time 58626817.0 ps INFO: READ @ DQS= bank = 0 row = 0000 col = 00000004 data = 5a5a
# tb_soc_ddr3_top.mem_core.data_task: at time 58628150.0 ps INFO: READ @ DQS= bank = 0 row = 0000 col = 00000005 data = a5a5
# tb_soc_ddr3_top.mem_core.cmd_task: at time 58628150.0 ps INFO: Read      bank 0 col 018, auto precharge 0
# tb_soc_ddr3_top.mem_core.data_task: at time 58629483.0 ps INFO: READ @ DQS= bank = 0 row = 0000 col = 00000006 data = 5555
# tb_soc_ddr3_top.mem_core.data_task: at time 58630817.0 ps INFO: READ @ DQS= bank = 0 row = 0000 col = 00000007 data = a5a5
# tb_soc_ddr3_top.mem_core.data_task: at time 58632150.0 ps INFO: READ @ DQS= bank = 0 row = 0000 col = 00000008 data = 5f5f
# tb_soc_ddr3_top.mem_core.data_task: at time 58633483.0 ps INFO: READ @ DQS= bank = 0 row = 0000 col = 00000009 data = a5a5
# tb_soc_ddr3_top.mem_core.data_task: at time 58634817.0 ps INFO: READ @ DQS= bank = 0 row = 0000 col = 0000000a data = a5a5
# tb_soc_ddr3_top.mem_core.data_task: at time 58636150.0 ps INFO: READ @ DQS= bank = 0 row = 0000 col = 0000000b data = f5f5
# tb_soc_ddr3_top.mem_core.data_task: at time 58637483.0 ps INFO: READ @ DQS= bank = 0 row = 0000 col = 0000000c data = f5f5
# tb_soc_ddr3_top.mem_core.data_task: at time 58638817.0 ps INFO: READ @ DQS= bank = 0 row = 0000 col = 0000000d data = f5f5
# tb_soc_ddr3_top.mem_core.data_task: at time 58640150.0 ps INFO: READ @ DQS= bank = 0 row = 0000 col = 0000000e data = f5f5
# tb_soc_ddr3_top.mem_core.data_task: at time 58641483.0 ps INFO: READ @ DQS= bank = 0 row = 0000 col = 0000000f data = f0f0
# tb_soc_ddr3_top.mem_core.data_task: at time 58642817.0 ps INFO: READ @ DQS= bank = 0 row = 0000 col = 00000010 data = a5a5
# tb_soc_ddr3_top.mem_core.data_task: at time 58644150.0 ps INFO: READ @ DQS= bank = 0 row = 0000 col = 00000011 data = a5a5
# tb_soc_ddr3_top.mem_core.data_task: at time 58645483.0 ps INFO: READ @ DQS= bank = 0 row = 0000 col = 00000012 data = a5a5
# tb_soc_ddr3_top.mem_core.data_task: at time 58646817.0 ps INFO: READ @ DQS= bank = 0 row = 0000 col = 00000013 data = a5a5
# tb_soc_ddr3_top.mem_core.data_task: at time 58648150.0 ps INFO: READ @ DQS= bank = 0 row = 0000 col = 00000014 data = 5555
# tb_soc_ddr3_top.mem_core.data_task: at time 58649483.0 ps INFO: READ @ DQS= bank = 0 row = 0000 col = 00000015 data = 5555
# tb_soc_ddr3_top.mem_core.data_task: at time 58650817.0 ps INFO: READ @ DQS= bank = 0 row = 0000 col = 00000016 data = 5555
# tb_soc_ddr3_top.mem_core.data_task: at time 58652150.0 ps INFO: READ @ DQS= bank = 0 row = 0000 col = 00000017 data = 5f5f
# tb_soc_ddr3_top.mem_core.data_task: at time 58653483.0 ps INFO: READ @ DQS= bank = 0 row = 0000 col = 00000018 data = f5f5
# tb_soc_ddr3_top.mem_core.data_task: at time 58654817.0 ps INFO: READ @ DQS= bank = 0 row = 0000 col = 00000019 data = aaaa
# tb_soc_ddr3_top.mem_core.data_task: at time 58656150.0 ps INFO: READ @ DQS= bank = 0 row = 0000 col = 0000001a data = 5555
# tb_soc_ddr3_top.mem_core.data_task: at time 58657483.0 ps INFO: READ @ DQS= bank = 0 row = 0000 col = 0000001b data = aaaa
# tb_soc_ddr3_top.mem_core.data_task: at time 58658817.0 ps INFO: READ @ DQS= bank = 0 row = 0000 col = 0000001c data = f5f5
# tb_soc_ddr3_top.mem_core.data_task: at time 58660150.0 ps INFO: READ @ DQS= bank = 0 row = 0000 col = 0000001d data = aaaa
# tb_soc_ddr3_top.mem_core.data_task: at time 58661483.0 ps INFO: READ @ DQS= bank = 0 row = 0000 col = 0000001e data = f5f5
# tb_soc_ddr3_top.mem_core.data_task: at time 58662817.0 ps INFO: READ @ DQS= bank = 0 row = 0000 col = 0000001f data = aaaa
# tb_soc_ddr3_top.mem_core.cmd_task: at time 59300150.0 ps INFO: Read      bank 0 col 000, auto precharge 0
# tb_soc_ddr3_top.mem_core.cmd_task: at time 59310817.0 ps INFO: Read      bank 0 col 008, auto precharge 0
# tb_soc_ddr3_top.mem_core.cmd_task: at time 59321483.0 ps INFO: Read      bank 0 col 010, auto precharge 0
# tb_soc_ddr3_top.mem_core.data_task: at time 59325483.0 ps INFO: READ @ DQS= bank = 0 row = 0000 col = 00000000 data = 5555
# tb_soc_ddr3_top.mem_core.data_task: at time 59326817.0 ps INFO: READ @ DQS= bank = 0 row = 0000 col = 00000001 data = a5a5
# tb_soc_ddr3_top.mem_core.data_task: at time 59328150.0 ps INFO: READ @ DQS= bank = 0 row = 0000 col = 00000002 data = 5555
# tb_soc_ddr3_top.mem_core.data_task: at time 59329483.0 ps INFO: READ @ DQS= bank = 0 row = 0000 col = 00000003 data = a5a5
# tb_soc_ddr3_top.mem_core.data_task: at time 59330817.0 ps INFO: READ @ DQS= bank = 0 row = 0000 col = 00000004 data = 5a5a
# tb_soc_ddr3_top.mem_core.data_task: at time 59332150.0 ps INFO: READ @ DQS= bank = 0 row = 0000 col = 00000005 data = a5a5
# tb_soc_ddr3_top.mem_core.cmd_task: at time 59332150.0 ps INFO: Read      bank 0 col 018, auto precharge 0
# tb_soc_ddr3_top.mem_core.data_task: at time 59333483.0 ps INFO: READ @ DQS= bank = 0 row = 0000 col = 00000006 data = 5555
# tb_soc_ddr3_top.mem_core.data_task: at time 59334817.0 ps INFO: READ @ DQS= bank = 0 row = 0000 col = 00000007 data = a5a5
# tb_soc_ddr3_top.mem_core.data_task: at time 59336150.0 ps INFO: READ @ DQS= bank = 0 row = 0000 col = 00000008 data = 5f5f
# tb_soc_ddr3_top.mem_core.data_task: at time 59337483.0 ps INFO: READ @ DQS= bank = 0 row = 0000 col = 00000009 data = a5a5
# tb_soc_ddr3_top.mem_core.data_task: at time 59338817.0 ps INFO: READ @ DQS= bank = 0 row = 0000 col = 0000000a data = a5a5
# tb_soc_ddr3_top.mem_core.data_task: at time 59340150.0 ps INFO: READ @ DQS= bank = 0 row = 0000 col = 0000000b data = f5f5
# tb_soc_ddr3_top.mem_core.data_task: at time 59341483.0 ps INFO: READ @ DQS= bank = 0 row = 0000 col = 0000000c data = f5f5
# tb_soc_ddr3_top.mem_core.data_task: at time 59342817.0 ps INFO: READ @ DQS= bank = 0 row = 0000 col = 0000000d data = f5f5
# tb_soc_ddr3_top.mem_core.data_task: at time 59344150.0 ps INFO: READ @ DQS= bank = 0 row = 0000 col = 0000000e data = f5f5
# tb_soc_ddr3_top.mem_core.data_task: at time 59345483.0 ps INFO: READ @ DQS= bank = 0 row = 0000 col = 0000000f data = f0f0
# tb_soc_ddr3_top.mem_core.data_task: at time 59346817.0 ps INFO: READ @ DQS= bank = 0 row = 0000 col = 00000010 data = a5a5
# tb_soc_ddr3_top.mem_core.data_task: at time 59348150.0 ps INFO: READ @ DQS= bank = 0 row = 0000 col = 00000011 data = a5a5
# tb_soc_ddr3_top.mem_core.data_task: at time 59349483.0 ps INFO: READ @ DQS= bank = 0 row = 0000 col = 00000012 data = a5a5
# tb_soc_ddr3_top.mem_core.data_task: at time 59350817.0 ps INFO: READ @ DQS= bank = 0 row = 0000 col = 00000013 data = a5a5
# tb_soc_ddr3_top.mem_core.data_task: at time 59352150.0 ps INFO: READ @ DQS= bank = 0 row = 0000 col = 00000014 data = 5555
# tb_soc_ddr3_top.mem_core.data_task: at time 59353483.0 ps INFO: READ @ DQS= bank = 0 row = 0000 col = 00000015 data = 5555
# tb_soc_ddr3_top.mem_core.data_task: at time 59354817.0 ps INFO: READ @ DQS= bank = 0 row = 0000 col = 00000016 data = 5555
# tb_soc_ddr3_top.mem_core.data_task: at time 59356150.0 ps INFO: READ @ DQS= bank = 0 row = 0000 col = 00000017 data = 5f5f
# tb_soc_ddr3_top.mem_core.data_task: at time 59357483.0 ps INFO: READ @ DQS= bank = 0 row = 0000 col = 00000018 data = f5f5
# tb_soc_ddr3_top.mem_core.data_task: at time 59358817.0 ps INFO: READ @ DQS= bank = 0 row = 0000 col = 00000019 data = aaaa
# tb_soc_ddr3_top.mem_core.data_task: at time 59360150.0 ps INFO: READ @ DQS= bank = 0 row = 0000 col = 0000001a data = 5555
# tb_soc_ddr3_top.mem_core.data_task: at time 59361483.0 ps INFO: READ @ DQS= bank = 0 row = 0000 col = 0000001b data = aaaa
# tb_soc_ddr3_top.mem_core.data_task: at time 59362817.0 ps INFO: READ @ DQS= bank = 0 row = 0000 col = 0000001c data = f5f5
# tb_soc_ddr3_top.mem_core.data_task: at time 59364150.0 ps INFO: READ @ DQS= bank = 0 row = 0000 col = 0000001d data = aaaa
# tb_soc_ddr3_top.mem_core.data_task: at time 59365483.0 ps INFO: READ @ DQS= bank = 0 row = 0000 col = 0000001e data = f5f5
# tb_soc_ddr3_top.mem_core.data_task: at time 59366817.0 ps INFO: READ @ DQS= bank = 0 row = 0000 col = 0000001f data = aaaa
# tb_soc_ddr3_top.mem_core.cmd_task: at time 60004150.0 ps INFO: Read      bank 0 col 000, auto precharge 0
# tb_soc_ddr3_top.mem_core.cmd_task: at time 60014817.0 ps INFO: Read      bank 0 col 008, auto precharge 0
# tb_soc_ddr3_top.mem_core.cmd_task: at time 60025483.0 ps INFO: Read      bank 0 col 010, auto precharge 0
# tb_soc_ddr3_top.mem_core.data_task: at time 60029483.0 ps INFO: READ @ DQS= bank = 0 row = 0000 col = 00000000 data = 5555
# tb_soc_ddr3_top.mem_core.data_task: at time 60030817.0 ps INFO: READ @ DQS= bank = 0 row = 0000 col = 00000001 data = a5a5
# tb_soc_ddr3_top.mem_core.data_task: at time 60032150.0 ps INFO: READ @ DQS= bank = 0 row = 0000 col = 00000002 data = 5555
# tb_soc_ddr3_top.mem_core.data_task: at time 60033483.0 ps INFO: READ @ DQS= bank = 0 row = 0000 col = 00000003 data = a5a5
# tb_soc_ddr3_top.mem_core.data_task: at time 60034817.0 ps INFO: READ @ DQS= bank = 0 row = 0000 col = 00000004 data = 5a5a
# tb_soc_ddr3_top.mem_core.data_task: at time 60036150.0 ps INFO: READ @ DQS= bank = 0 row = 0000 col = 00000005 data = a5a5
# tb_soc_ddr3_top.mem_core.cmd_task: at time 60036150.0 ps INFO: Read      bank 0 col 018, auto precharge 0
# tb_soc_ddr3_top.mem_core.data_task: at time 60037483.0 ps INFO: READ @ DQS= bank = 0 row = 0000 col = 00000006 data = 5555
# tb_soc_ddr3_top.mem_core.data_task: at time 60038817.0 ps INFO: READ @ DQS= bank = 0 row = 0000 col = 00000007 data = a5a5
# tb_soc_ddr3_top.mem_core.data_task: at time 60040150.0 ps INFO: READ @ DQS= bank = 0 row = 0000 col = 00000008 data = 5f5f
# tb_soc_ddr3_top.mem_core.data_task: at time 60041483.0 ps INFO: READ @ DQS= bank = 0 row = 0000 col = 00000009 data = a5a5
# tb_soc_ddr3_top.mem_core.data_task: at time 60042817.0 ps INFO: READ @ DQS= bank = 0 row = 0000 col = 0000000a data = a5a5
# tb_soc_ddr3_top.mem_core.data_task: at time 60044150.0 ps INFO: READ @ DQS= bank = 0 row = 0000 col = 0000000b data = f5f5
# tb_soc_ddr3_top.mem_core.data_task: at time 60045483.0 ps INFO: READ @ DQS= bank = 0 row = 0000 col = 0000000c data = f5f5
# tb_soc_ddr3_top.mem_core.data_task: at time 60046817.0 ps INFO: READ @ DQS= bank = 0 row = 0000 col = 0000000d data = f5f5
# tb_soc_ddr3_top.mem_core.data_task: at time 60048150.0 ps INFO: READ @ DQS= bank = 0 row = 0000 col = 0000000e data = f5f5
# tb_soc_ddr3_top.mem_core.data_task: at time 60049483.0 ps INFO: READ @ DQS= bank = 0 row = 0000 col = 0000000f data = f0f0
# tb_soc_ddr3_top.mem_core.data_task: at time 60050817.0 ps INFO: READ @ DQS= bank = 0 row = 0000 col = 00000010 data = a5a5
# tb_soc_ddr3_top.mem_core.data_task: at time 60052150.0 ps INFO: READ @ DQS= bank = 0 row = 0000 col = 00000011 data = a5a5
# tb_soc_ddr3_top.mem_core.data_task: at time 60053483.0 ps INFO: READ @ DQS= bank = 0 row = 0000 col = 00000012 data = a5a5
# tb_soc_ddr3_top.mem_core.data_task: at time 60054817.0 ps INFO: READ @ DQS= bank = 0 row = 0000 col = 00000013 data = a5a5
# tb_soc_ddr3_top.mem_core.data_task: at time 60056150.0 ps INFO: READ @ DQS= bank = 0 row = 0000 col = 00000014 data = 5555
# tb_soc_ddr3_top.mem_core.data_task: at time 60057483.0 ps INFO: READ @ DQS= bank = 0 row = 0000 col = 00000015 data = 5555
# tb_soc_ddr3_top.mem_core.data_task: at time 60058817.0 ps INFO: READ @ DQS= bank = 0 row = 0000 col = 00000016 data = 5555
# tb_soc_ddr3_top.mem_core.data_task: at time 60060150.0 ps INFO: READ @ DQS= bank = 0 row = 0000 col = 00000017 data = 5f5f
# tb_soc_ddr3_top.mem_core.data_task: at time 60061483.0 ps INFO: READ @ DQS= bank = 0 row = 0000 col = 00000018 data = f5f5
# tb_soc_ddr3_top.mem_core.data_task: at time 60062817.0 ps INFO: READ @ DQS= bank = 0 row = 0000 col = 00000019 data = aaaa
# tb_soc_ddr3_top.mem_core.data_task: at time 60064150.0 ps INFO: READ @ DQS= bank = 0 row = 0000 col = 0000001a data = 5555
# tb_soc_ddr3_top.mem_core.data_task: at time 60065483.0 ps INFO: READ @ DQS= bank = 0 row = 0000 col = 0000001b data = aaaa
# tb_soc_ddr3_top.mem_core.data_task: at time 60066817.0 ps INFO: READ @ DQS= bank = 0 row = 0000 col = 0000001c data = f5f5
# tb_soc_ddr3_top.mem_core.data_task: at time 60068150.0 ps INFO: READ @ DQS= bank = 0 row = 0000 col = 0000001d data = aaaa
# tb_soc_ddr3_top.mem_core.data_task: at time 60069483.0 ps INFO: READ @ DQS= bank = 0 row = 0000 col = 0000001e data = f5f5
# tb_soc_ddr3_top.mem_core.data_task: at time 60070817.0 ps INFO: READ @ DQS= bank = 0 row = 0000 col = 0000001f data = aaaa
# tb_soc_ddr3_top.mem_core.cmd_task: at time 60708150.0 ps INFO: Read      bank 0 col 000, auto precharge 0
# tb_soc_ddr3_top.mem_core.cmd_task: at time 60718817.0 ps INFO: Read      bank 0 col 008, auto precharge 0
# tb_soc_ddr3_top.mem_core.cmd_task: at time 60729483.0 ps INFO: Read      bank 0 col 010, auto precharge 0
# tb_soc_ddr3_top.mem_core.data_task: at time 60733483.0 ps INFO: READ @ DQS= bank = 0 row = 0000 col = 00000000 data = 5555
# tb_soc_ddr3_top.mem_core.data_task: at time 60734817.0 ps INFO: READ @ DQS= bank = 0 row = 0000 col = 00000001 data = a5a5
# tb_soc_ddr3_top.mem_core.data_task: at time 60736150.0 ps INFO: READ @ DQS= bank = 0 row = 0000 col = 00000002 data = 5555
# tb_soc_ddr3_top.mem_core.data_task: at time 60737483.0 ps INFO: READ @ DQS= bank = 0 row = 0000 col = 00000003 data = a5a5
# tb_soc_ddr3_top.mem_core.data_task: at time 60738817.0 ps INFO: READ @ DQS= bank = 0 row = 0000 col = 00000004 data = 5a5a
# tb_soc_ddr3_top.mem_core.data_task: at time 60740150.0 ps INFO: READ @ DQS= bank = 0 row = 0000 col = 00000005 data = a5a5
# tb_soc_ddr3_top.mem_core.cmd_task: at time 60740150.0 ps INFO: Read      bank 0 col 018, auto precharge 0
# tb_soc_ddr3_top.mem_core.data_task: at time 60741483.0 ps INFO: READ @ DQS= bank = 0 row = 0000 col = 00000006 data = 5555
# tb_soc_ddr3_top.mem_core.data_task: at time 60742817.0 ps INFO: READ @ DQS= bank = 0 row = 0000 col = 00000007 data = a5a5
# tb_soc_ddr3_top.mem_core.data_task: at time 60744150.0 ps INFO: READ @ DQS= bank = 0 row = 0000 col = 00000008 data = 5f5f
# tb_soc_ddr3_top.mem_core.data_task: at time 60745483.0 ps INFO: READ @ DQS= bank = 0 row = 0000 col = 00000009 data = a5a5
# tb_soc_ddr3_top.mem_core.data_task: at time 60746817.0 ps INFO: READ @ DQS= bank = 0 row = 0000 col = 0000000a data = a5a5
# tb_soc_ddr3_top.mem_core.data_task: at time 60748150.0 ps INFO: READ @ DQS= bank = 0 row = 0000 col = 0000000b data = f5f5
# tb_soc_ddr3_top.mem_core.data_task: at time 60749483.0 ps INFO: READ @ DQS= bank = 0 row = 0000 col = 0000000c data = f5f5
# tb_soc_ddr3_top.mem_core.data_task: at time 60750817.0 ps INFO: READ @ DQS= bank = 0 row = 0000 col = 0000000d data = f5f5
# tb_soc_ddr3_top.mem_core.data_task: at time 60752150.0 ps INFO: READ @ DQS= bank = 0 row = 0000 col = 0000000e data = f5f5
# tb_soc_ddr3_top.mem_core.data_task: at time 60753483.0 ps INFO: READ @ DQS= bank = 0 row = 0000 col = 0000000f data = f0f0
# tb_soc_ddr3_top.mem_core.data_task: at time 60754817.0 ps INFO: READ @ DQS= bank = 0 row = 0000 col = 00000010 data = a5a5
# tb_soc_ddr3_top.mem_core.data_task: at time 60756150.0 ps INFO: READ @ DQS= bank = 0 row = 0000 col = 00000011 data = a5a5
# tb_soc_ddr3_top.mem_core.data_task: at time 60757483.0 ps INFO: READ @ DQS= bank = 0 row = 0000 col = 00000012 data = a5a5
# tb_soc_ddr3_top.mem_core.data_task: at time 60758817.0 ps INFO: READ @ DQS= bank = 0 row = 0000 col = 00000013 data = a5a5
# tb_soc_ddr3_top.mem_core.data_task: at time 60760150.0 ps INFO: READ @ DQS= bank = 0 row = 0000 col = 00000014 data = 5555
# tb_soc_ddr3_top.mem_core.data_task: at time 60761483.0 ps INFO: READ @ DQS= bank = 0 row = 0000 col = 00000015 data = 5555
# tb_soc_ddr3_top.mem_core.data_task: at time 60762817.0 ps INFO: READ @ DQS= bank = 0 row = 0000 col = 00000016 data = 5555
# tb_soc_ddr3_top.mem_core.data_task: at time 60764150.0 ps INFO: READ @ DQS= bank = 0 row = 0000 col = 00000017 data = 5f5f
# tb_soc_ddr3_top.mem_core.data_task: at time 60765483.0 ps INFO: READ @ DQS= bank = 0 row = 0000 col = 00000018 data = f5f5
# tb_soc_ddr3_top.mem_core.data_task: at time 60766817.0 ps INFO: READ @ DQS= bank = 0 row = 0000 col = 00000019 data = aaaa
# tb_soc_ddr3_top.mem_core.data_task: at time 60768150.0 ps INFO: READ @ DQS= bank = 0 row = 0000 col = 0000001a data = 5555
# tb_soc_ddr3_top.mem_core.data_task: at time 60769483.0 ps INFO: READ @ DQS= bank = 0 row = 0000 col = 0000001b data = aaaa
# tb_soc_ddr3_top.mem_core.data_task: at time 60770817.0 ps INFO: READ @ DQS= bank = 0 row = 0000 col = 0000001c data = f5f5
# tb_soc_ddr3_top.mem_core.data_task: at time 60772150.0 ps INFO: READ @ DQS= bank = 0 row = 0000 col = 0000001d data = aaaa
# tb_soc_ddr3_top.mem_core.data_task: at time 60773483.0 ps INFO: READ @ DQS= bank = 0 row = 0000 col = 0000001e data = f5f5
# tb_soc_ddr3_top.mem_core.data_task: at time 60774817.0 ps INFO: READ @ DQS= bank = 0 row = 0000 col = 0000001f data = aaaa
# tb_soc_ddr3_top.mem_core.cmd_task: at time 61412150.0 ps INFO: Read      bank 0 col 000, auto precharge 0
# tb_soc_ddr3_top.mem_core.cmd_task: at time 61422817.0 ps INFO: Read      bank 0 col 008, auto precharge 0
# tb_soc_ddr3_top.mem_core.cmd_task: at time 61433483.0 ps INFO: Read      bank 0 col 010, auto precharge 0
# tb_soc_ddr3_top.mem_core.data_task: at time 61437483.0 ps INFO: READ @ DQS= bank = 0 row = 0000 col = 00000000 data = 5555
# tb_soc_ddr3_top.mem_core.data_task: at time 61438817.0 ps INFO: READ @ DQS= bank = 0 row = 0000 col = 00000001 data = a5a5
# tb_soc_ddr3_top.mem_core.data_task: at time 61440150.0 ps INFO: READ @ DQS= bank = 0 row = 0000 col = 00000002 data = 5555
# tb_soc_ddr3_top.mem_core.data_task: at time 61441483.0 ps INFO: READ @ DQS= bank = 0 row = 0000 col = 00000003 data = a5a5
# tb_soc_ddr3_top.mem_core.data_task: at time 61442817.0 ps INFO: READ @ DQS= bank = 0 row = 0000 col = 00000004 data = 5a5a
# tb_soc_ddr3_top.mem_core.data_task: at time 61444150.0 ps INFO: READ @ DQS= bank = 0 row = 0000 col = 00000005 data = a5a5
# tb_soc_ddr3_top.mem_core.cmd_task: at time 61444150.0 ps INFO: Read      bank 0 col 018, auto precharge 0
# tb_soc_ddr3_top.mem_core.data_task: at time 61445483.0 ps INFO: READ @ DQS= bank = 0 row = 0000 col = 00000006 data = 5555
# tb_soc_ddr3_top.mem_core.data_task: at time 61446817.0 ps INFO: READ @ DQS= bank = 0 row = 0000 col = 00000007 data = a5a5
# tb_soc_ddr3_top.mem_core.data_task: at time 61448150.0 ps INFO: READ @ DQS= bank = 0 row = 0000 col = 00000008 data = 5f5f
# tb_soc_ddr3_top.mem_core.data_task: at time 61449483.0 ps INFO: READ @ DQS= bank = 0 row = 0000 col = 00000009 data = a5a5
# tb_soc_ddr3_top.mem_core.data_task: at time 61450817.0 ps INFO: READ @ DQS= bank = 0 row = 0000 col = 0000000a data = a5a5
# tb_soc_ddr3_top.mem_core.data_task: at time 61452150.0 ps INFO: READ @ DQS= bank = 0 row = 0000 col = 0000000b data = f5f5
# tb_soc_ddr3_top.mem_core.data_task: at time 61453483.0 ps INFO: READ @ DQS= bank = 0 row = 0000 col = 0000000c data = f5f5
# tb_soc_ddr3_top.mem_core.data_task: at time 61454817.0 ps INFO: READ @ DQS= bank = 0 row = 0000 col = 0000000d data = f5f5
# tb_soc_ddr3_top.mem_core.data_task: at time 61456150.0 ps INFO: READ @ DQS= bank = 0 row = 0000 col = 0000000e data = f5f5
# tb_soc_ddr3_top.mem_core.data_task: at time 61457483.0 ps INFO: READ @ DQS= bank = 0 row = 0000 col = 0000000f data = f0f0
# tb_soc_ddr3_top.mem_core.data_task: at time 61458817.0 ps INFO: READ @ DQS= bank = 0 row = 0000 col = 00000010 data = a5a5
# tb_soc_ddr3_top.mem_core.data_task: at time 61460150.0 ps INFO: READ @ DQS= bank = 0 row = 0000 col = 00000011 data = a5a5
# tb_soc_ddr3_top.mem_core.data_task: at time 61461483.0 ps INFO: READ @ DQS= bank = 0 row = 0000 col = 00000012 data = a5a5
# tb_soc_ddr3_top.mem_core.data_task: at time 61462817.0 ps INFO: READ @ DQS= bank = 0 row = 0000 col = 00000013 data = a5a5
# tb_soc_ddr3_top.mem_core.data_task: at time 61464150.0 ps INFO: READ @ DQS= bank = 0 row = 0000 col = 00000014 data = 5555
# tb_soc_ddr3_top.mem_core.data_task: at time 61465483.0 ps INFO: READ @ DQS= bank = 0 row = 0000 col = 00000015 data = 5555
# tb_soc_ddr3_top.mem_core.data_task: at time 61466817.0 ps INFO: READ @ DQS= bank = 0 row = 0000 col = 00000016 data = 5555
# tb_soc_ddr3_top.mem_core.data_task: at time 61468150.0 ps INFO: READ @ DQS= bank = 0 row = 0000 col = 00000017 data = 5f5f
# tb_soc_ddr3_top.mem_core.data_task: at time 61469483.0 ps INFO: READ @ DQS= bank = 0 row = 0000 col = 00000018 data = f5f5
# tb_soc_ddr3_top.mem_core.data_task: at time 61470817.0 ps INFO: READ @ DQS= bank = 0 row = 0000 col = 00000019 data = aaaa
# tb_soc_ddr3_top.mem_core.data_task: at time 61472150.0 ps INFO: READ @ DQS= bank = 0 row = 0000 col = 0000001a data = 5555
# tb_soc_ddr3_top.mem_core.data_task: at time 61473483.0 ps INFO: READ @ DQS= bank = 0 row = 0000 col = 0000001b data = aaaa
# tb_soc_ddr3_top.mem_core.data_task: at time 61474817.0 ps INFO: READ @ DQS= bank = 0 row = 0000 col = 0000001c data = f5f5
# tb_soc_ddr3_top.mem_core.data_task: at time 61476150.0 ps INFO: READ @ DQS= bank = 0 row = 0000 col = 0000001d data = aaaa
# tb_soc_ddr3_top.mem_core.data_task: at time 61477483.0 ps INFO: READ @ DQS= bank = 0 row = 0000 col = 0000001e data = f5f5
# tb_soc_ddr3_top.mem_core.data_task: at time 61478817.0 ps INFO: READ @ DQS= bank = 0 row = 0000 col = 0000001f data = aaaa
# tb_soc_ddr3_top.mem_core.cmd_task: at time 62116150.0 ps INFO: Read      bank 0 col 000, auto precharge 0
# tb_soc_ddr3_top.mem_core.cmd_task: at time 62126817.0 ps INFO: Read      bank 0 col 008, auto precharge 0
# tb_soc_ddr3_top.mem_core.cmd_task: at time 62137483.0 ps INFO: Read      bank 0 col 010, auto precharge 0
# tb_soc_ddr3_top.mem_core.data_task: at time 62141483.0 ps INFO: READ @ DQS= bank = 0 row = 0000 col = 00000000 data = 5555
# tb_soc_ddr3_top.mem_core.data_task: at time 62142817.0 ps INFO: READ @ DQS= bank = 0 row = 0000 col = 00000001 data = a5a5
# tb_soc_ddr3_top.mem_core.data_task: at time 62144150.0 ps INFO: READ @ DQS= bank = 0 row = 0000 col = 00000002 data = 5555
# tb_soc_ddr3_top.mem_core.data_task: at time 62145483.0 ps INFO: READ @ DQS= bank = 0 row = 0000 col = 00000003 data = a5a5
# tb_soc_ddr3_top.mem_core.data_task: at time 62146817.0 ps INFO: READ @ DQS= bank = 0 row = 0000 col = 00000004 data = 5a5a
# tb_soc_ddr3_top.mem_core.data_task: at time 62148150.0 ps INFO: READ @ DQS= bank = 0 row = 0000 col = 00000005 data = a5a5
# tb_soc_ddr3_top.mem_core.cmd_task: at time 62148150.0 ps INFO: Read      bank 0 col 018, auto precharge 0
# tb_soc_ddr3_top.mem_core.data_task: at time 62149483.0 ps INFO: READ @ DQS= bank = 0 row = 0000 col = 00000006 data = 5555
# tb_soc_ddr3_top.mem_core.data_task: at time 62150817.0 ps INFO: READ @ DQS= bank = 0 row = 0000 col = 00000007 data = a5a5
# tb_soc_ddr3_top.mem_core.data_task: at time 62152150.0 ps INFO: READ @ DQS= bank = 0 row = 0000 col = 00000008 data = 5f5f
# tb_soc_ddr3_top.mem_core.data_task: at time 62153483.0 ps INFO: READ @ DQS= bank = 0 row = 0000 col = 00000009 data = a5a5
# tb_soc_ddr3_top.mem_core.data_task: at time 62154817.0 ps INFO: READ @ DQS= bank = 0 row = 0000 col = 0000000a data = a5a5
# tb_soc_ddr3_top.mem_core.data_task: at time 62156150.0 ps INFO: READ @ DQS= bank = 0 row = 0000 col = 0000000b data = f5f5
# tb_soc_ddr3_top.mem_core.data_task: at time 62157483.0 ps INFO: READ @ DQS= bank = 0 row = 0000 col = 0000000c data = f5f5
# tb_soc_ddr3_top.mem_core.data_task: at time 62158817.0 ps INFO: READ @ DQS= bank = 0 row = 0000 col = 0000000d data = f5f5
# tb_soc_ddr3_top.mem_core.data_task: at time 62160150.0 ps INFO: READ @ DQS= bank = 0 row = 0000 col = 0000000e data = f5f5
# tb_soc_ddr3_top.mem_core.data_task: at time 62161483.0 ps INFO: READ @ DQS= bank = 0 row = 0000 col = 0000000f data = f0f0
# tb_soc_ddr3_top.mem_core.data_task: at time 62162817.0 ps INFO: READ @ DQS= bank = 0 row = 0000 col = 00000010 data = a5a5
# tb_soc_ddr3_top.mem_core.data_task: at time 62164150.0 ps INFO: READ @ DQS= bank = 0 row = 0000 col = 00000011 data = a5a5
# tb_soc_ddr3_top.mem_core.data_task: at time 62165483.0 ps INFO: READ @ DQS= bank = 0 row = 0000 col = 00000012 data = a5a5
# tb_soc_ddr3_top.mem_core.data_task: at time 62166817.0 ps INFO: READ @ DQS= bank = 0 row = 0000 col = 00000013 data = a5a5
# tb_soc_ddr3_top.mem_core.data_task: at time 62168150.0 ps INFO: READ @ DQS= bank = 0 row = 0000 col = 00000014 data = 5555
# tb_soc_ddr3_top.mem_core.data_task: at time 62169483.0 ps INFO: READ @ DQS= bank = 0 row = 0000 col = 00000015 data = 5555
# tb_soc_ddr3_top.mem_core.data_task: at time 62170817.0 ps INFO: READ @ DQS= bank = 0 row = 0000 col = 00000016 data = 5555
# tb_soc_ddr3_top.mem_core.data_task: at time 62172150.0 ps INFO: READ @ DQS= bank = 0 row = 0000 col = 00000017 data = 5f5f
# tb_soc_ddr3_top.mem_core.data_task: at time 62173483.0 ps INFO: READ @ DQS= bank = 0 row = 0000 col = 00000018 data = f5f5
# tb_soc_ddr3_top.mem_core.data_task: at time 62174817.0 ps INFO: READ @ DQS= bank = 0 row = 0000 col = 00000019 data = aaaa
# tb_soc_ddr3_top.mem_core.data_task: at time 62176150.0 ps INFO: READ @ DQS= bank = 0 row = 0000 col = 0000001a data = 5555
# tb_soc_ddr3_top.mem_core.data_task: at time 62177483.0 ps INFO: READ @ DQS= bank = 0 row = 0000 col = 0000001b data = aaaa
# tb_soc_ddr3_top.mem_core.data_task: at time 62178817.0 ps INFO: READ @ DQS= bank = 0 row = 0000 col = 0000001c data = f5f5
# tb_soc_ddr3_top.mem_core.data_task: at time 62180150.0 ps INFO: READ @ DQS= bank = 0 row = 0000 col = 0000001d data = aaaa
# tb_soc_ddr3_top.mem_core.data_task: at time 62181483.0 ps INFO: READ @ DQS= bank = 0 row = 0000 col = 0000001e data = f5f5
# tb_soc_ddr3_top.mem_core.data_task: at time 62182817.0 ps INFO: READ @ DQS= bank = 0 row = 0000 col = 0000001f data = aaaa
# tb_soc_ddr3_top.mem_core.cmd_task: at time 62820150.0 ps INFO: Read      bank 0 col 000, auto precharge 0
# tb_soc_ddr3_top.mem_core.cmd_task: at time 62830817.0 ps INFO: Read      bank 0 col 008, auto precharge 0
# tb_soc_ddr3_top.mem_core.cmd_task: at time 62841483.0 ps INFO: Read      bank 0 col 010, auto precharge 0
# tb_soc_ddr3_top.mem_core.data_task: at time 62845483.0 ps INFO: READ @ DQS= bank = 0 row = 0000 col = 00000000 data = 5555
# tb_soc_ddr3_top.mem_core.data_task: at time 62846817.0 ps INFO: READ @ DQS= bank = 0 row = 0000 col = 00000001 data = a5a5
# tb_soc_ddr3_top.mem_core.data_task: at time 62848150.0 ps INFO: READ @ DQS= bank = 0 row = 0000 col = 00000002 data = 5555
# tb_soc_ddr3_top.mem_core.data_task: at time 62849483.0 ps INFO: READ @ DQS= bank = 0 row = 0000 col = 00000003 data = a5a5
# tb_soc_ddr3_top.mem_core.data_task: at time 62850817.0 ps INFO: READ @ DQS= bank = 0 row = 0000 col = 00000004 data = 5a5a
# tb_soc_ddr3_top.mem_core.data_task: at time 62852150.0 ps INFO: READ @ DQS= bank = 0 row = 0000 col = 00000005 data = a5a5
# tb_soc_ddr3_top.mem_core.cmd_task: at time 62852150.0 ps INFO: Read      bank 0 col 018, auto precharge 0
# tb_soc_ddr3_top.mem_core.data_task: at time 62853483.0 ps INFO: READ @ DQS= bank = 0 row = 0000 col = 00000006 data = 5555
# tb_soc_ddr3_top.mem_core.data_task: at time 62854817.0 ps INFO: READ @ DQS= bank = 0 row = 0000 col = 00000007 data = a5a5
# tb_soc_ddr3_top.mem_core.data_task: at time 62856150.0 ps INFO: READ @ DQS= bank = 0 row = 0000 col = 00000008 data = 5f5f
# tb_soc_ddr3_top.mem_core.data_task: at time 62857483.0 ps INFO: READ @ DQS= bank = 0 row = 0000 col = 00000009 data = a5a5
# tb_soc_ddr3_top.mem_core.data_task: at time 62858817.0 ps INFO: READ @ DQS= bank = 0 row = 0000 col = 0000000a data = a5a5
# tb_soc_ddr3_top.mem_core.data_task: at time 62860150.0 ps INFO: READ @ DQS= bank = 0 row = 0000 col = 0000000b data = f5f5
# tb_soc_ddr3_top.mem_core.data_task: at time 62861483.0 ps INFO: READ @ DQS= bank = 0 row = 0000 col = 0000000c data = f5f5
# tb_soc_ddr3_top.mem_core.data_task: at time 62862817.0 ps INFO: READ @ DQS= bank = 0 row = 0000 col = 0000000d data = f5f5
# tb_soc_ddr3_top.mem_core.data_task: at time 62864150.0 ps INFO: READ @ DQS= bank = 0 row = 0000 col = 0000000e data = f5f5
# tb_soc_ddr3_top.mem_core.data_task: at time 62865483.0 ps INFO: READ @ DQS= bank = 0 row = 0000 col = 0000000f data = f0f0
# tb_soc_ddr3_top.mem_core.data_task: at time 62866817.0 ps INFO: READ @ DQS= bank = 0 row = 0000 col = 00000010 data = a5a5
# tb_soc_ddr3_top.mem_core.data_task: at time 62868150.0 ps INFO: READ @ DQS= bank = 0 row = 0000 col = 00000011 data = a5a5
# tb_soc_ddr3_top.mem_core.data_task: at time 62869483.0 ps INFO: READ @ DQS= bank = 0 row = 0000 col = 00000012 data = a5a5
# tb_soc_ddr3_top.mem_core.data_task: at time 62870817.0 ps INFO: READ @ DQS= bank = 0 row = 0000 col = 00000013 data = a5a5
# tb_soc_ddr3_top.mem_core.data_task: at time 62872150.0 ps INFO: READ @ DQS= bank = 0 row = 0000 col = 00000014 data = 5555
# tb_soc_ddr3_top.mem_core.data_task: at time 62873483.0 ps INFO: READ @ DQS= bank = 0 row = 0000 col = 00000015 data = 5555
# tb_soc_ddr3_top.mem_core.data_task: at time 62874817.0 ps INFO: READ @ DQS= bank = 0 row = 0000 col = 00000016 data = 5555
# tb_soc_ddr3_top.mem_core.data_task: at time 62876150.0 ps INFO: READ @ DQS= bank = 0 row = 0000 col = 00000017 data = 5f5f
# tb_soc_ddr3_top.mem_core.data_task: at time 62877483.0 ps INFO: READ @ DQS= bank = 0 row = 0000 col = 00000018 data = f5f5
# tb_soc_ddr3_top.mem_core.data_task: at time 62878817.0 ps INFO: READ @ DQS= bank = 0 row = 0000 col = 00000019 data = aaaa
# tb_soc_ddr3_top.mem_core.data_task: at time 62880150.0 ps INFO: READ @ DQS= bank = 0 row = 0000 col = 0000001a data = 5555
# tb_soc_ddr3_top.mem_core.data_task: at time 62881483.0 ps INFO: READ @ DQS= bank = 0 row = 0000 col = 0000001b data = aaaa
# tb_soc_ddr3_top.mem_core.data_task: at time 62882817.0 ps INFO: READ @ DQS= bank = 0 row = 0000 col = 0000001c data = f5f5
# tb_soc_ddr3_top.mem_core.data_task: at time 62884150.0 ps INFO: READ @ DQS= bank = 0 row = 0000 col = 0000001d data = aaaa
# tb_soc_ddr3_top.mem_core.data_task: at time 62885483.0 ps INFO: READ @ DQS= bank = 0 row = 0000 col = 0000001e data = f5f5
# tb_soc_ddr3_top.mem_core.data_task: at time 62886817.0 ps INFO: READ @ DQS= bank = 0 row = 0000 col = 0000001f data = aaaa
# tb_soc_ddr3_top.mem_core.cmd_task: at time 63524150.0 ps INFO: Read      bank 0 col 000, auto precharge 0
# tb_soc_ddr3_top.mem_core.cmd_task: at time 63534817.0 ps INFO: Read      bank 0 col 008, auto precharge 0
# tb_soc_ddr3_top.mem_core.cmd_task: at time 63545483.0 ps INFO: Read      bank 0 col 010, auto precharge 0
# tb_soc_ddr3_top.mem_core.data_task: at time 63549483.0 ps INFO: READ @ DQS= bank = 0 row = 0000 col = 00000000 data = 5555
# tb_soc_ddr3_top.mem_core.data_task: at time 63550817.0 ps INFO: READ @ DQS= bank = 0 row = 0000 col = 00000001 data = a5a5
# tb_soc_ddr3_top.mem_core.data_task: at time 63552150.0 ps INFO: READ @ DQS= bank = 0 row = 0000 col = 00000002 data = 5555
# tb_soc_ddr3_top.mem_core.data_task: at time 63553483.0 ps INFO: READ @ DQS= bank = 0 row = 0000 col = 00000003 data = a5a5
# tb_soc_ddr3_top.mem_core.data_task: at time 63554817.0 ps INFO: READ @ DQS= bank = 0 row = 0000 col = 00000004 data = 5a5a
# tb_soc_ddr3_top.mem_core.data_task: at time 63556150.0 ps INFO: READ @ DQS= bank = 0 row = 0000 col = 00000005 data = a5a5
# tb_soc_ddr3_top.mem_core.cmd_task: at time 63556150.0 ps INFO: Read      bank 0 col 018, auto precharge 0
# tb_soc_ddr3_top.mem_core.data_task: at time 63557483.0 ps INFO: READ @ DQS= bank = 0 row = 0000 col = 00000006 data = 5555
# tb_soc_ddr3_top.mem_core.data_task: at time 63558817.0 ps INFO: READ @ DQS= bank = 0 row = 0000 col = 00000007 data = a5a5
# tb_soc_ddr3_top.mem_core.data_task: at time 63560150.0 ps INFO: READ @ DQS= bank = 0 row = 0000 col = 00000008 data = 5f5f
# tb_soc_ddr3_top.mem_core.data_task: at time 63561483.0 ps INFO: READ @ DQS= bank = 0 row = 0000 col = 00000009 data = a5a5
# tb_soc_ddr3_top.mem_core.data_task: at time 63562817.0 ps INFO: READ @ DQS= bank = 0 row = 0000 col = 0000000a data = a5a5
# tb_soc_ddr3_top.mem_core.data_task: at time 63564150.0 ps INFO: READ @ DQS= bank = 0 row = 0000 col = 0000000b data = f5f5
# tb_soc_ddr3_top.mem_core.data_task: at time 63565483.0 ps INFO: READ @ DQS= bank = 0 row = 0000 col = 0000000c data = f5f5
# tb_soc_ddr3_top.mem_core.data_task: at time 63566817.0 ps INFO: READ @ DQS= bank = 0 row = 0000 col = 0000000d data = f5f5
# tb_soc_ddr3_top.mem_core.data_task: at time 63568150.0 ps INFO: READ @ DQS= bank = 0 row = 0000 col = 0000000e data = f5f5
# tb_soc_ddr3_top.mem_core.data_task: at time 63569483.0 ps INFO: READ @ DQS= bank = 0 row = 0000 col = 0000000f data = f0f0
# tb_soc_ddr3_top.mem_core.data_task: at time 63570817.0 ps INFO: READ @ DQS= bank = 0 row = 0000 col = 00000010 data = a5a5
# tb_soc_ddr3_top.mem_core.data_task: at time 63572150.0 ps INFO: READ @ DQS= bank = 0 row = 0000 col = 00000011 data = a5a5
# tb_soc_ddr3_top.mem_core.data_task: at time 63573483.0 ps INFO: READ @ DQS= bank = 0 row = 0000 col = 00000012 data = a5a5
# tb_soc_ddr3_top.mem_core.data_task: at time 63574817.0 ps INFO: READ @ DQS= bank = 0 row = 0000 col = 00000013 data = a5a5
# tb_soc_ddr3_top.mem_core.data_task: at time 63576150.0 ps INFO: READ @ DQS= bank = 0 row = 0000 col = 00000014 data = 5555
# tb_soc_ddr3_top.mem_core.data_task: at time 63577483.0 ps INFO: READ @ DQS= bank = 0 row = 0000 col = 00000015 data = 5555
# tb_soc_ddr3_top.mem_core.data_task: at time 63578817.0 ps INFO: READ @ DQS= bank = 0 row = 0000 col = 00000016 data = 5555
# tb_soc_ddr3_top.mem_core.data_task: at time 63580150.0 ps INFO: READ @ DQS= bank = 0 row = 0000 col = 00000017 data = 5f5f
# tb_soc_ddr3_top.mem_core.data_task: at time 63581483.0 ps INFO: READ @ DQS= bank = 0 row = 0000 col = 00000018 data = f5f5
# tb_soc_ddr3_top.mem_core.data_task: at time 63582817.0 ps INFO: READ @ DQS= bank = 0 row = 0000 col = 00000019 data = aaaa
# tb_soc_ddr3_top.mem_core.data_task: at time 63584150.0 ps INFO: READ @ DQS= bank = 0 row = 0000 col = 0000001a data = 5555
# tb_soc_ddr3_top.mem_core.data_task: at time 63585483.0 ps INFO: READ @ DQS= bank = 0 row = 0000 col = 0000001b data = aaaa
# tb_soc_ddr3_top.mem_core.data_task: at time 63586817.0 ps INFO: READ @ DQS= bank = 0 row = 0000 col = 0000001c data = f5f5
# tb_soc_ddr3_top.mem_core.data_task: at time 63588150.0 ps INFO: READ @ DQS= bank = 0 row = 0000 col = 0000001d data = aaaa
# tb_soc_ddr3_top.mem_core.data_task: at time 63589483.0 ps INFO: READ @ DQS= bank = 0 row = 0000 col = 0000001e data = f5f5
# tb_soc_ddr3_top.mem_core.data_task: at time 63590817.0 ps INFO: READ @ DQS= bank = 0 row = 0000 col = 0000001f data = aaaa
# tb_soc_ddr3_top.mem_core.cmd_task: at time 64228150.0 ps INFO: Read      bank 0 col 000, auto precharge 0
# tb_soc_ddr3_top.mem_core.cmd_task: at time 64238817.0 ps INFO: Read      bank 0 col 008, auto precharge 0
# tb_soc_ddr3_top.mem_core.cmd_task: at time 64249483.0 ps INFO: Read      bank 0 col 010, auto precharge 0
# tb_soc_ddr3_top.mem_core.data_task: at time 64253483.0 ps INFO: READ @ DQS= bank = 0 row = 0000 col = 00000000 data = 5555
# tb_soc_ddr3_top.mem_core.data_task: at time 64254817.0 ps INFO: READ @ DQS= bank = 0 row = 0000 col = 00000001 data = a5a5
# tb_soc_ddr3_top.mem_core.data_task: at time 64256150.0 ps INFO: READ @ DQS= bank = 0 row = 0000 col = 00000002 data = 5555
# tb_soc_ddr3_top.mem_core.data_task: at time 64257483.0 ps INFO: READ @ DQS= bank = 0 row = 0000 col = 00000003 data = a5a5
# tb_soc_ddr3_top.mem_core.data_task: at time 64258817.0 ps INFO: READ @ DQS= bank = 0 row = 0000 col = 00000004 data = 5a5a
# tb_soc_ddr3_top.mem_core.data_task: at time 64260150.0 ps INFO: READ @ DQS= bank = 0 row = 0000 col = 00000005 data = a5a5
# tb_soc_ddr3_top.mem_core.cmd_task: at time 64260150.0 ps INFO: Read      bank 0 col 018, auto precharge 0
# tb_soc_ddr3_top.mem_core.data_task: at time 64261483.0 ps INFO: READ @ DQS= bank = 0 row = 0000 col = 00000006 data = 5555
# tb_soc_ddr3_top.mem_core.data_task: at time 64262817.0 ps INFO: READ @ DQS= bank = 0 row = 0000 col = 00000007 data = a5a5
# tb_soc_ddr3_top.mem_core.data_task: at time 64264150.0 ps INFO: READ @ DQS= bank = 0 row = 0000 col = 00000008 data = 5f5f
# tb_soc_ddr3_top.mem_core.data_task: at time 64265483.0 ps INFO: READ @ DQS= bank = 0 row = 0000 col = 00000009 data = a5a5
# tb_soc_ddr3_top.mem_core.data_task: at time 64266817.0 ps INFO: READ @ DQS= bank = 0 row = 0000 col = 0000000a data = a5a5
# tb_soc_ddr3_top.mem_core.data_task: at time 64268150.0 ps INFO: READ @ DQS= bank = 0 row = 0000 col = 0000000b data = f5f5
# tb_soc_ddr3_top.mem_core.data_task: at time 64269483.0 ps INFO: READ @ DQS= bank = 0 row = 0000 col = 0000000c data = f5f5
# tb_soc_ddr3_top.mem_core.data_task: at time 64270817.0 ps INFO: READ @ DQS= bank = 0 row = 0000 col = 0000000d data = f5f5
# tb_soc_ddr3_top.mem_core.data_task: at time 64272150.0 ps INFO: READ @ DQS= bank = 0 row = 0000 col = 0000000e data = f5f5
# tb_soc_ddr3_top.mem_core.data_task: at time 64273483.0 ps INFO: READ @ DQS= bank = 0 row = 0000 col = 0000000f data = f0f0
# tb_soc_ddr3_top.mem_core.data_task: at time 64274817.0 ps INFO: READ @ DQS= bank = 0 row = 0000 col = 00000010 data = a5a5
# tb_soc_ddr3_top.mem_core.data_task: at time 64276150.0 ps INFO: READ @ DQS= bank = 0 row = 0000 col = 00000011 data = a5a5
# tb_soc_ddr3_top.mem_core.data_task: at time 64277483.0 ps INFO: READ @ DQS= bank = 0 row = 0000 col = 00000012 data = a5a5
# tb_soc_ddr3_top.mem_core.data_task: at time 64278817.0 ps INFO: READ @ DQS= bank = 0 row = 0000 col = 00000013 data = a5a5
# tb_soc_ddr3_top.mem_core.data_task: at time 64280150.0 ps INFO: READ @ DQS= bank = 0 row = 0000 col = 00000014 data = 5555
# tb_soc_ddr3_top.mem_core.data_task: at time 64281483.0 ps INFO: READ @ DQS= bank = 0 row = 0000 col = 00000015 data = 5555
# tb_soc_ddr3_top.mem_core.data_task: at time 64282817.0 ps INFO: READ @ DQS= bank = 0 row = 0000 col = 00000016 data = 5555
# tb_soc_ddr3_top.mem_core.data_task: at time 64284150.0 ps INFO: READ @ DQS= bank = 0 row = 0000 col = 00000017 data = 5f5f
# tb_soc_ddr3_top.mem_core.data_task: at time 64285483.0 ps INFO: READ @ DQS= bank = 0 row = 0000 col = 00000018 data = f5f5
# tb_soc_ddr3_top.mem_core.data_task: at time 64286817.0 ps INFO: READ @ DQS= bank = 0 row = 0000 col = 00000019 data = aaaa
# tb_soc_ddr3_top.mem_core.data_task: at time 64288150.0 ps INFO: READ @ DQS= bank = 0 row = 0000 col = 0000001a data = 5555
# tb_soc_ddr3_top.mem_core.data_task: at time 64289483.0 ps INFO: READ @ DQS= bank = 0 row = 0000 col = 0000001b data = aaaa
# tb_soc_ddr3_top.mem_core.data_task: at time 64290817.0 ps INFO: READ @ DQS= bank = 0 row = 0000 col = 0000001c data = f5f5
# tb_soc_ddr3_top.mem_core.data_task: at time 64292150.0 ps INFO: READ @ DQS= bank = 0 row = 0000 col = 0000001d data = aaaa
# tb_soc_ddr3_top.mem_core.data_task: at time 64293483.0 ps INFO: READ @ DQS= bank = 0 row = 0000 col = 0000001e data = f5f5
# tb_soc_ddr3_top.mem_core.data_task: at time 64294817.0 ps INFO: READ @ DQS= bank = 0 row = 0000 col = 0000001f data = aaaa
# tb_soc_ddr3_top.mem_core.cmd_task: at time 64932150.0 ps INFO: Read      bank 0 col 000, auto precharge 0
# tb_soc_ddr3_top.mem_core.cmd_task: at time 64942817.0 ps INFO: Read      bank 0 col 008, auto precharge 0
# tb_soc_ddr3_top.mem_core.cmd_task: at time 64953483.0 ps INFO: Read      bank 0 col 010, auto precharge 0
# tb_soc_ddr3_top.mem_core.data_task: at time 64957483.0 ps INFO: READ @ DQS= bank = 0 row = 0000 col = 00000000 data = 5555
# tb_soc_ddr3_top.mem_core.data_task: at time 64958817.0 ps INFO: READ @ DQS= bank = 0 row = 0000 col = 00000001 data = a5a5
# tb_soc_ddr3_top.mem_core.data_task: at time 64960150.0 ps INFO: READ @ DQS= bank = 0 row = 0000 col = 00000002 data = 5555
# tb_soc_ddr3_top.mem_core.data_task: at time 64961483.0 ps INFO: READ @ DQS= bank = 0 row = 0000 col = 00000003 data = a5a5
# tb_soc_ddr3_top.mem_core.data_task: at time 64962817.0 ps INFO: READ @ DQS= bank = 0 row = 0000 col = 00000004 data = 5a5a
# tb_soc_ddr3_top.mem_core.data_task: at time 64964150.0 ps INFO: READ @ DQS= bank = 0 row = 0000 col = 00000005 data = a5a5
# tb_soc_ddr3_top.mem_core.cmd_task: at time 64964150.0 ps INFO: Read      bank 0 col 018, auto precharge 0
# tb_soc_ddr3_top.mem_core.data_task: at time 64965483.0 ps INFO: READ @ DQS= bank = 0 row = 0000 col = 00000006 data = 5555
# tb_soc_ddr3_top.mem_core.data_task: at time 64966817.0 ps INFO: READ @ DQS= bank = 0 row = 0000 col = 00000007 data = a5a5
# tb_soc_ddr3_top.mem_core.data_task: at time 64968150.0 ps INFO: READ @ DQS= bank = 0 row = 0000 col = 00000008 data = 5f5f
# tb_soc_ddr3_top.mem_core.data_task: at time 64969483.0 ps INFO: READ @ DQS= bank = 0 row = 0000 col = 00000009 data = a5a5
# tb_soc_ddr3_top.mem_core.data_task: at time 64970817.0 ps INFO: READ @ DQS= bank = 0 row = 0000 col = 0000000a data = a5a5
# tb_soc_ddr3_top.mem_core.data_task: at time 64972150.0 ps INFO: READ @ DQS= bank = 0 row = 0000 col = 0000000b data = f5f5
# tb_soc_ddr3_top.mem_core.data_task: at time 64973483.0 ps INFO: READ @ DQS= bank = 0 row = 0000 col = 0000000c data = f5f5
# tb_soc_ddr3_top.mem_core.data_task: at time 64974817.0 ps INFO: READ @ DQS= bank = 0 row = 0000 col = 0000000d data = f5f5
# tb_soc_ddr3_top.mem_core.data_task: at time 64976150.0 ps INFO: READ @ DQS= bank = 0 row = 0000 col = 0000000e data = f5f5
# tb_soc_ddr3_top.mem_core.data_task: at time 64977483.0 ps INFO: READ @ DQS= bank = 0 row = 0000 col = 0000000f data = f0f0
# tb_soc_ddr3_top.mem_core.data_task: at time 64978817.0 ps INFO: READ @ DQS= bank = 0 row = 0000 col = 00000010 data = a5a5
# tb_soc_ddr3_top.mem_core.data_task: at time 64980150.0 ps INFO: READ @ DQS= bank = 0 row = 0000 col = 00000011 data = a5a5
# tb_soc_ddr3_top.mem_core.data_task: at time 64981483.0 ps INFO: READ @ DQS= bank = 0 row = 0000 col = 00000012 data = a5a5
# tb_soc_ddr3_top.mem_core.data_task: at time 64982817.0 ps INFO: READ @ DQS= bank = 0 row = 0000 col = 00000013 data = a5a5
# tb_soc_ddr3_top.mem_core.data_task: at time 64984150.0 ps INFO: READ @ DQS= bank = 0 row = 0000 col = 00000014 data = 5555
# tb_soc_ddr3_top.mem_core.data_task: at time 64985483.0 ps INFO: READ @ DQS= bank = 0 row = 0000 col = 00000015 data = 5555
# tb_soc_ddr3_top.mem_core.data_task: at time 64986817.0 ps INFO: READ @ DQS= bank = 0 row = 0000 col = 00000016 data = 5555
# tb_soc_ddr3_top.mem_core.data_task: at time 64988150.0 ps INFO: READ @ DQS= bank = 0 row = 0000 col = 00000017 data = 5f5f
# tb_soc_ddr3_top.mem_core.data_task: at time 64989483.0 ps INFO: READ @ DQS= bank = 0 row = 0000 col = 00000018 data = f5f5
# tb_soc_ddr3_top.mem_core.data_task: at time 64990817.0 ps INFO: READ @ DQS= bank = 0 row = 0000 col = 00000019 data = aaaa
# tb_soc_ddr3_top.mem_core.data_task: at time 64992150.0 ps INFO: READ @ DQS= bank = 0 row = 0000 col = 0000001a data = 5555
# tb_soc_ddr3_top.mem_core.data_task: at time 64993483.0 ps INFO: READ @ DQS= bank = 0 row = 0000 col = 0000001b data = aaaa
# tb_soc_ddr3_top.mem_core.data_task: at time 64994817.0 ps INFO: READ @ DQS= bank = 0 row = 0000 col = 0000001c data = f5f5
# tb_soc_ddr3_top.mem_core.data_task: at time 64996150.0 ps INFO: READ @ DQS= bank = 0 row = 0000 col = 0000001d data = aaaa
# tb_soc_ddr3_top.mem_core.data_task: at time 64997483.0 ps INFO: READ @ DQS= bank = 0 row = 0000 col = 0000001e data = f5f5
# tb_soc_ddr3_top.mem_core.data_task: at time 64998817.0 ps INFO: READ @ DQS= bank = 0 row = 0000 col = 0000001f data = aaaa
# tb_soc_ddr3_top.mem_core.cmd_task: at time 65636150.0 ps INFO: Read      bank 0 col 000, auto precharge 0
# tb_soc_ddr3_top.mem_core.cmd_task: at time 65646817.0 ps INFO: Read      bank 0 col 008, auto precharge 0
# tb_soc_ddr3_top.mem_core.cmd_task: at time 65657483.0 ps INFO: Read      bank 0 col 010, auto precharge 0
# tb_soc_ddr3_top.mem_core.data_task: at time 65661483.0 ps INFO: READ @ DQS= bank = 0 row = 0000 col = 00000000 data = 5555
# tb_soc_ddr3_top.mem_core.data_task: at time 65662817.0 ps INFO: READ @ DQS= bank = 0 row = 0000 col = 00000001 data = a5a5
# tb_soc_ddr3_top.mem_core.data_task: at time 65664150.0 ps INFO: READ @ DQS= bank = 0 row = 0000 col = 00000002 data = 5555
# tb_soc_ddr3_top.mem_core.data_task: at time 65665483.0 ps INFO: READ @ DQS= bank = 0 row = 0000 col = 00000003 data = a5a5
# tb_soc_ddr3_top.mem_core.data_task: at time 65666817.0 ps INFO: READ @ DQS= bank = 0 row = 0000 col = 00000004 data = 5a5a
# tb_soc_ddr3_top.mem_core.data_task: at time 65668150.0 ps INFO: READ @ DQS= bank = 0 row = 0000 col = 00000005 data = a5a5
# tb_soc_ddr3_top.mem_core.cmd_task: at time 65668150.0 ps INFO: Read      bank 0 col 018, auto precharge 0
# tb_soc_ddr3_top.mem_core.data_task: at time 65669483.0 ps INFO: READ @ DQS= bank = 0 row = 0000 col = 00000006 data = 5555
# tb_soc_ddr3_top.mem_core.data_task: at time 65670817.0 ps INFO: READ @ DQS= bank = 0 row = 0000 col = 00000007 data = a5a5
# tb_soc_ddr3_top.mem_core.data_task: at time 65672150.0 ps INFO: READ @ DQS= bank = 0 row = 0000 col = 00000008 data = 5f5f
# tb_soc_ddr3_top.mem_core.data_task: at time 65673483.0 ps INFO: READ @ DQS= bank = 0 row = 0000 col = 00000009 data = a5a5
# tb_soc_ddr3_top.mem_core.data_task: at time 65674817.0 ps INFO: READ @ DQS= bank = 0 row = 0000 col = 0000000a data = a5a5
# tb_soc_ddr3_top.mem_core.data_task: at time 65676150.0 ps INFO: READ @ DQS= bank = 0 row = 0000 col = 0000000b data = f5f5
# tb_soc_ddr3_top.mem_core.data_task: at time 65677483.0 ps INFO: READ @ DQS= bank = 0 row = 0000 col = 0000000c data = f5f5
# tb_soc_ddr3_top.mem_core.data_task: at time 65678817.0 ps INFO: READ @ DQS= bank = 0 row = 0000 col = 0000000d data = f5f5
# tb_soc_ddr3_top.mem_core.data_task: at time 65680150.0 ps INFO: READ @ DQS= bank = 0 row = 0000 col = 0000000e data = f5f5
# tb_soc_ddr3_top.mem_core.data_task: at time 65681483.0 ps INFO: READ @ DQS= bank = 0 row = 0000 col = 0000000f data = f0f0
# tb_soc_ddr3_top.mem_core.data_task: at time 65682817.0 ps INFO: READ @ DQS= bank = 0 row = 0000 col = 00000010 data = a5a5
# tb_soc_ddr3_top.mem_core.data_task: at time 65684150.0 ps INFO: READ @ DQS= bank = 0 row = 0000 col = 00000011 data = a5a5
# tb_soc_ddr3_top.mem_core.data_task: at time 65685483.0 ps INFO: READ @ DQS= bank = 0 row = 0000 col = 00000012 data = a5a5
# tb_soc_ddr3_top.mem_core.data_task: at time 65686817.0 ps INFO: READ @ DQS= bank = 0 row = 0000 col = 00000013 data = a5a5
# tb_soc_ddr3_top.mem_core.data_task: at time 65688150.0 ps INFO: READ @ DQS= bank = 0 row = 0000 col = 00000014 data = 5555
# tb_soc_ddr3_top.mem_core.data_task: at time 65689483.0 ps INFO: READ @ DQS= bank = 0 row = 0000 col = 00000015 data = 5555
# tb_soc_ddr3_top.mem_core.data_task: at time 65690817.0 ps INFO: READ @ DQS= bank = 0 row = 0000 col = 00000016 data = 5555
# tb_soc_ddr3_top.mem_core.data_task: at time 65692150.0 ps INFO: READ @ DQS= bank = 0 row = 0000 col = 00000017 data = 5f5f
# tb_soc_ddr3_top.mem_core.data_task: at time 65693483.0 ps INFO: READ @ DQS= bank = 0 row = 0000 col = 00000018 data = f5f5
# tb_soc_ddr3_top.mem_core.data_task: at time 65694817.0 ps INFO: READ @ DQS= bank = 0 row = 0000 col = 00000019 data = aaaa
# tb_soc_ddr3_top.mem_core.data_task: at time 65696150.0 ps INFO: READ @ DQS= bank = 0 row = 0000 col = 0000001a data = 5555
# tb_soc_ddr3_top.mem_core.data_task: at time 65697483.0 ps INFO: READ @ DQS= bank = 0 row = 0000 col = 0000001b data = aaaa
# tb_soc_ddr3_top.mem_core.data_task: at time 65698817.0 ps INFO: READ @ DQS= bank = 0 row = 0000 col = 0000001c data = f5f5
# tb_soc_ddr3_top.mem_core.data_task: at time 65700150.0 ps INFO: READ @ DQS= bank = 0 row = 0000 col = 0000001d data = aaaa
# tb_soc_ddr3_top.mem_core.data_task: at time 65701483.0 ps INFO: READ @ DQS= bank = 0 row = 0000 col = 0000001e data = f5f5
# tb_soc_ddr3_top.mem_core.data_task: at time 65702817.0 ps INFO: READ @ DQS= bank = 0 row = 0000 col = 0000001f data = aaaa
# tb_soc_ddr3_top.mem_core.cmd_task: at time 66340150.0 ps INFO: Read      bank 0 col 000, auto precharge 0
# tb_soc_ddr3_top.mem_core.cmd_task: at time 66350817.0 ps INFO: Read      bank 0 col 008, auto precharge 0
# tb_soc_ddr3_top.mem_core.cmd_task: at time 66361483.0 ps INFO: Read      bank 0 col 010, auto precharge 0
# tb_soc_ddr3_top.mem_core.data_task: at time 66365483.0 ps INFO: READ @ DQS= bank = 0 row = 0000 col = 00000000 data = 5555
# tb_soc_ddr3_top.mem_core.data_task: at time 66366817.0 ps INFO: READ @ DQS= bank = 0 row = 0000 col = 00000001 data = a5a5
# tb_soc_ddr3_top.mem_core.data_task: at time 66368150.0 ps INFO: READ @ DQS= bank = 0 row = 0000 col = 00000002 data = 5555
# tb_soc_ddr3_top.mem_core.data_task: at time 66369483.0 ps INFO: READ @ DQS= bank = 0 row = 0000 col = 00000003 data = a5a5
# tb_soc_ddr3_top.mem_core.data_task: at time 66370817.0 ps INFO: READ @ DQS= bank = 0 row = 0000 col = 00000004 data = 5a5a
# tb_soc_ddr3_top.mem_core.data_task: at time 66372150.0 ps INFO: READ @ DQS= bank = 0 row = 0000 col = 00000005 data = a5a5
# tb_soc_ddr3_top.mem_core.cmd_task: at time 66372150.0 ps INFO: Read      bank 0 col 018, auto precharge 0
# tb_soc_ddr3_top.mem_core.data_task: at time 66373483.0 ps INFO: READ @ DQS= bank = 0 row = 0000 col = 00000006 data = 5555
# tb_soc_ddr3_top.mem_core.data_task: at time 66374817.0 ps INFO: READ @ DQS= bank = 0 row = 0000 col = 00000007 data = a5a5
# tb_soc_ddr3_top.mem_core.data_task: at time 66376150.0 ps INFO: READ @ DQS= bank = 0 row = 0000 col = 00000008 data = 5f5f
# tb_soc_ddr3_top.mem_core.data_task: at time 66377483.0 ps INFO: READ @ DQS= bank = 0 row = 0000 col = 00000009 data = a5a5
# tb_soc_ddr3_top.mem_core.data_task: at time 66378817.0 ps INFO: READ @ DQS= bank = 0 row = 0000 col = 0000000a data = a5a5
# tb_soc_ddr3_top.mem_core.data_task: at time 66380150.0 ps INFO: READ @ DQS= bank = 0 row = 0000 col = 0000000b data = f5f5
# tb_soc_ddr3_top.mem_core.data_task: at time 66381483.0 ps INFO: READ @ DQS= bank = 0 row = 0000 col = 0000000c data = f5f5
# tb_soc_ddr3_top.mem_core.data_task: at time 66382817.0 ps INFO: READ @ DQS= bank = 0 row = 0000 col = 0000000d data = f5f5
# tb_soc_ddr3_top.mem_core.data_task: at time 66384150.0 ps INFO: READ @ DQS= bank = 0 row = 0000 col = 0000000e data = f5f5
# tb_soc_ddr3_top.mem_core.data_task: at time 66385483.0 ps INFO: READ @ DQS= bank = 0 row = 0000 col = 0000000f data = f0f0
# tb_soc_ddr3_top.mem_core.data_task: at time 66386817.0 ps INFO: READ @ DQS= bank = 0 row = 0000 col = 00000010 data = a5a5
# tb_soc_ddr3_top.mem_core.data_task: at time 66388150.0 ps INFO: READ @ DQS= bank = 0 row = 0000 col = 00000011 data = a5a5
# tb_soc_ddr3_top.mem_core.data_task: at time 66389483.0 ps INFO: READ @ DQS= bank = 0 row = 0000 col = 00000012 data = a5a5
# tb_soc_ddr3_top.mem_core.data_task: at time 66390817.0 ps INFO: READ @ DQS= bank = 0 row = 0000 col = 00000013 data = a5a5
# tb_soc_ddr3_top.mem_core.data_task: at time 66392150.0 ps INFO: READ @ DQS= bank = 0 row = 0000 col = 00000014 data = 5555
# tb_soc_ddr3_top.mem_core.data_task: at time 66393483.0 ps INFO: READ @ DQS= bank = 0 row = 0000 col = 00000015 data = 5555
# tb_soc_ddr3_top.mem_core.data_task: at time 66394817.0 ps INFO: READ @ DQS= bank = 0 row = 0000 col = 00000016 data = 5555
# tb_soc_ddr3_top.mem_core.data_task: at time 66396150.0 ps INFO: READ @ DQS= bank = 0 row = 0000 col = 00000017 data = 5f5f
# tb_soc_ddr3_top.mem_core.data_task: at time 66397483.0 ps INFO: READ @ DQS= bank = 0 row = 0000 col = 00000018 data = f5f5
# tb_soc_ddr3_top.mem_core.data_task: at time 66398817.0 ps INFO: READ @ DQS= bank = 0 row = 0000 col = 00000019 data = aaaa
# tb_soc_ddr3_top.mem_core.data_task: at time 66400150.0 ps INFO: READ @ DQS= bank = 0 row = 0000 col = 0000001a data = 5555
# tb_soc_ddr3_top.mem_core.data_task: at time 66401483.0 ps INFO: READ @ DQS= bank = 0 row = 0000 col = 0000001b data = aaaa
# tb_soc_ddr3_top.mem_core.data_task: at time 66402817.0 ps INFO: READ @ DQS= bank = 0 row = 0000 col = 0000001c data = f5f5
# tb_soc_ddr3_top.mem_core.data_task: at time 66404150.0 ps INFO: READ @ DQS= bank = 0 row = 0000 col = 0000001d data = aaaa
# tb_soc_ddr3_top.mem_core.data_task: at time 66405483.0 ps INFO: READ @ DQS= bank = 0 row = 0000 col = 0000001e data = f5f5
# tb_soc_ddr3_top.mem_core.data_task: at time 66406817.0 ps INFO: READ @ DQS= bank = 0 row = 0000 col = 0000001f data = aaaa
# tb_soc_ddr3_top.mem_core.cmd_task: at time 67044150.0 ps INFO: Read      bank 0 col 000, auto precharge 0
# tb_soc_ddr3_top.mem_core.cmd_task: at time 67054817.0 ps INFO: Read      bank 0 col 008, auto precharge 0
# tb_soc_ddr3_top.mem_core.cmd_task: at time 67065483.0 ps INFO: Read      bank 0 col 010, auto precharge 0
# tb_soc_ddr3_top.mem_core.data_task: at time 67069483.0 ps INFO: READ @ DQS= bank = 0 row = 0000 col = 00000000 data = 5555
# tb_soc_ddr3_top.mem_core.data_task: at time 67070817.0 ps INFO: READ @ DQS= bank = 0 row = 0000 col = 00000001 data = a5a5
# tb_soc_ddr3_top.mem_core.data_task: at time 67072150.0 ps INFO: READ @ DQS= bank = 0 row = 0000 col = 00000002 data = 5555
# tb_soc_ddr3_top.mem_core.data_task: at time 67073483.0 ps INFO: READ @ DQS= bank = 0 row = 0000 col = 00000003 data = a5a5
# tb_soc_ddr3_top.mem_core.data_task: at time 67074817.0 ps INFO: READ @ DQS= bank = 0 row = 0000 col = 00000004 data = 5a5a
# tb_soc_ddr3_top.mem_core.data_task: at time 67076150.0 ps INFO: READ @ DQS= bank = 0 row = 0000 col = 00000005 data = a5a5
# tb_soc_ddr3_top.mem_core.cmd_task: at time 67076150.0 ps INFO: Read      bank 0 col 018, auto precharge 0
# tb_soc_ddr3_top.mem_core.data_task: at time 67077483.0 ps INFO: READ @ DQS= bank = 0 row = 0000 col = 00000006 data = 5555
# tb_soc_ddr3_top.mem_core.data_task: at time 67078817.0 ps INFO: READ @ DQS= bank = 0 row = 0000 col = 00000007 data = a5a5
# tb_soc_ddr3_top.mem_core.data_task: at time 67080150.0 ps INFO: READ @ DQS= bank = 0 row = 0000 col = 00000008 data = 5f5f
# tb_soc_ddr3_top.mem_core.data_task: at time 67081483.0 ps INFO: READ @ DQS= bank = 0 row = 0000 col = 00000009 data = a5a5
# tb_soc_ddr3_top.mem_core.data_task: at time 67082817.0 ps INFO: READ @ DQS= bank = 0 row = 0000 col = 0000000a data = a5a5
# tb_soc_ddr3_top.mem_core.data_task: at time 67084150.0 ps INFO: READ @ DQS= bank = 0 row = 0000 col = 0000000b data = f5f5
# tb_soc_ddr3_top.mem_core.data_task: at time 67085483.0 ps INFO: READ @ DQS= bank = 0 row = 0000 col = 0000000c data = f5f5
# tb_soc_ddr3_top.mem_core.data_task: at time 67086817.0 ps INFO: READ @ DQS= bank = 0 row = 0000 col = 0000000d data = f5f5
# tb_soc_ddr3_top.mem_core.data_task: at time 67088150.0 ps INFO: READ @ DQS= bank = 0 row = 0000 col = 0000000e data = f5f5
# tb_soc_ddr3_top.mem_core.data_task: at time 67089483.0 ps INFO: READ @ DQS= bank = 0 row = 0000 col = 0000000f data = f0f0
# tb_soc_ddr3_top.mem_core.data_task: at time 67090817.0 ps INFO: READ @ DQS= bank = 0 row = 0000 col = 00000010 data = a5a5
# tb_soc_ddr3_top.mem_core.data_task: at time 67092150.0 ps INFO: READ @ DQS= bank = 0 row = 0000 col = 00000011 data = a5a5
# tb_soc_ddr3_top.mem_core.data_task: at time 67093483.0 ps INFO: READ @ DQS= bank = 0 row = 0000 col = 00000012 data = a5a5
# tb_soc_ddr3_top.mem_core.data_task: at time 67094817.0 ps INFO: READ @ DQS= bank = 0 row = 0000 col = 00000013 data = a5a5
# tb_soc_ddr3_top.mem_core.data_task: at time 67096150.0 ps INFO: READ @ DQS= bank = 0 row = 0000 col = 00000014 data = 5555
# tb_soc_ddr3_top.mem_core.data_task: at time 67097483.0 ps INFO: READ @ DQS= bank = 0 row = 0000 col = 00000015 data = 5555
# tb_soc_ddr3_top.mem_core.data_task: at time 67098817.0 ps INFO: READ @ DQS= bank = 0 row = 0000 col = 00000016 data = 5555
# tb_soc_ddr3_top.mem_core.data_task: at time 67100150.0 ps INFO: READ @ DQS= bank = 0 row = 0000 col = 00000017 data = 5f5f
# tb_soc_ddr3_top.mem_core.data_task: at time 67101483.0 ps INFO: READ @ DQS= bank = 0 row = 0000 col = 00000018 data = f5f5
# tb_soc_ddr3_top.mem_core.data_task: at time 67102817.0 ps INFO: READ @ DQS= bank = 0 row = 0000 col = 00000019 data = aaaa
# tb_soc_ddr3_top.mem_core.data_task: at time 67104150.0 ps INFO: READ @ DQS= bank = 0 row = 0000 col = 0000001a data = 5555
# tb_soc_ddr3_top.mem_core.data_task: at time 67105483.0 ps INFO: READ @ DQS= bank = 0 row = 0000 col = 0000001b data = aaaa
# tb_soc_ddr3_top.mem_core.data_task: at time 67106817.0 ps INFO: READ @ DQS= bank = 0 row = 0000 col = 0000001c data = f5f5
# tb_soc_ddr3_top.mem_core.data_task: at time 67108150.0 ps INFO: READ @ DQS= bank = 0 row = 0000 col = 0000001d data = aaaa
# tb_soc_ddr3_top.mem_core.data_task: at time 67109483.0 ps INFO: READ @ DQS= bank = 0 row = 0000 col = 0000001e data = f5f5
# tb_soc_ddr3_top.mem_core.data_task: at time 67110817.0 ps INFO: READ @ DQS= bank = 0 row = 0000 col = 0000001f data = aaaa
# tb_soc_ddr3_top.mem_core.cmd_task: at time 67748150.0 ps INFO: Read      bank 0 col 000, auto precharge 0
# tb_soc_ddr3_top.mem_core.cmd_task: at time 67758817.0 ps INFO: Read      bank 0 col 008, auto precharge 0
# tb_soc_ddr3_top.mem_core.cmd_task: at time 67769483.0 ps INFO: Read      bank 0 col 010, auto precharge 0
# tb_soc_ddr3_top.mem_core.data_task: at time 67773483.0 ps INFO: READ @ DQS= bank = 0 row = 0000 col = 00000000 data = 5555
# tb_soc_ddr3_top.mem_core.data_task: at time 67774817.0 ps INFO: READ @ DQS= bank = 0 row = 0000 col = 00000001 data = a5a5
# tb_soc_ddr3_top.mem_core.data_task: at time 67776150.0 ps INFO: READ @ DQS= bank = 0 row = 0000 col = 00000002 data = 5555
# tb_soc_ddr3_top.mem_core.data_task: at time 67777483.0 ps INFO: READ @ DQS= bank = 0 row = 0000 col = 00000003 data = a5a5
# tb_soc_ddr3_top.mem_core.data_task: at time 67778817.0 ps INFO: READ @ DQS= bank = 0 row = 0000 col = 00000004 data = 5a5a
# tb_soc_ddr3_top.mem_core.data_task: at time 67780150.0 ps INFO: READ @ DQS= bank = 0 row = 0000 col = 00000005 data = a5a5
# tb_soc_ddr3_top.mem_core.cmd_task: at time 67780150.0 ps INFO: Read      bank 0 col 018, auto precharge 0
# tb_soc_ddr3_top.mem_core.data_task: at time 67781483.0 ps INFO: READ @ DQS= bank = 0 row = 0000 col = 00000006 data = 5555
# tb_soc_ddr3_top.mem_core.data_task: at time 67782817.0 ps INFO: READ @ DQS= bank = 0 row = 0000 col = 00000007 data = a5a5
# tb_soc_ddr3_top.mem_core.data_task: at time 67784150.0 ps INFO: READ @ DQS= bank = 0 row = 0000 col = 00000008 data = 5f5f
# tb_soc_ddr3_top.mem_core.data_task: at time 67785483.0 ps INFO: READ @ DQS= bank = 0 row = 0000 col = 00000009 data = a5a5
# tb_soc_ddr3_top.mem_core.data_task: at time 67786817.0 ps INFO: READ @ DQS= bank = 0 row = 0000 col = 0000000a data = a5a5
# tb_soc_ddr3_top.mem_core.data_task: at time 67788150.0 ps INFO: READ @ DQS= bank = 0 row = 0000 col = 0000000b data = f5f5
# tb_soc_ddr3_top.mem_core.data_task: at time 67789483.0 ps INFO: READ @ DQS= bank = 0 row = 0000 col = 0000000c data = f5f5
# tb_soc_ddr3_top.mem_core.data_task: at time 67790817.0 ps INFO: READ @ DQS= bank = 0 row = 0000 col = 0000000d data = f5f5
# tb_soc_ddr3_top.mem_core.data_task: at time 67792150.0 ps INFO: READ @ DQS= bank = 0 row = 0000 col = 0000000e data = f5f5
# tb_soc_ddr3_top.mem_core.data_task: at time 67793483.0 ps INFO: READ @ DQS= bank = 0 row = 0000 col = 0000000f data = f0f0
# tb_soc_ddr3_top.mem_core.data_task: at time 67794817.0 ps INFO: READ @ DQS= bank = 0 row = 0000 col = 00000010 data = a5a5
# tb_soc_ddr3_top.mem_core.data_task: at time 67796150.0 ps INFO: READ @ DQS= bank = 0 row = 0000 col = 00000011 data = a5a5
# tb_soc_ddr3_top.mem_core.data_task: at time 67797483.0 ps INFO: READ @ DQS= bank = 0 row = 0000 col = 00000012 data = a5a5
# tb_soc_ddr3_top.mem_core.data_task: at time 67798817.0 ps INFO: READ @ DQS= bank = 0 row = 0000 col = 00000013 data = a5a5
# tb_soc_ddr3_top.mem_core.data_task: at time 67800150.0 ps INFO: READ @ DQS= bank = 0 row = 0000 col = 00000014 data = 5555
# tb_soc_ddr3_top.mem_core.data_task: at time 67801483.0 ps INFO: READ @ DQS= bank = 0 row = 0000 col = 00000015 data = 5555
# tb_soc_ddr3_top.mem_core.data_task: at time 67802817.0 ps INFO: READ @ DQS= bank = 0 row = 0000 col = 00000016 data = 5555
# tb_soc_ddr3_top.mem_core.data_task: at time 67804150.0 ps INFO: READ @ DQS= bank = 0 row = 0000 col = 00000017 data = 5f5f
# tb_soc_ddr3_top.mem_core.data_task: at time 67805483.0 ps INFO: READ @ DQS= bank = 0 row = 0000 col = 00000018 data = f5f5
# tb_soc_ddr3_top.mem_core.data_task: at time 67806817.0 ps INFO: READ @ DQS= bank = 0 row = 0000 col = 00000019 data = aaaa
# tb_soc_ddr3_top.mem_core.data_task: at time 67808150.0 ps INFO: READ @ DQS= bank = 0 row = 0000 col = 0000001a data = 5555
# tb_soc_ddr3_top.mem_core.data_task: at time 67809483.0 ps INFO: READ @ DQS= bank = 0 row = 0000 col = 0000001b data = aaaa
# tb_soc_ddr3_top.mem_core.data_task: at time 67810817.0 ps INFO: READ @ DQS= bank = 0 row = 0000 col = 0000001c data = f5f5
# tb_soc_ddr3_top.mem_core.data_task: at time 67812150.0 ps INFO: READ @ DQS= bank = 0 row = 0000 col = 0000001d data = aaaa
# tb_soc_ddr3_top.mem_core.data_task: at time 67813483.0 ps INFO: READ @ DQS= bank = 0 row = 0000 col = 0000001e data = f5f5
# tb_soc_ddr3_top.mem_core.data_task: at time 67814817.0 ps INFO: READ @ DQS= bank = 0 row = 0000 col = 0000001f data = aaaa
# tb_soc_ddr3_top.mem_core.cmd_task: at time 68505483.0 ps INFO: Read      bank 0 col 000, auto precharge 0
# tb_soc_ddr3_top.mem_core.cmd_task: at time 68516150.0 ps INFO: Read      bank 0 col 008, auto precharge 0
# tb_soc_ddr3_top.mem_core.cmd_task: at time 68526817.0 ps INFO: Read      bank 0 col 010, auto precharge 0
# tb_soc_ddr3_top.mem_core.data_task: at time 68530817.0 ps INFO: READ @ DQS= bank = 0 row = 0000 col = 00000000 data = 5555
# tb_soc_ddr3_top.mem_core.data_task: at time 68532150.0 ps INFO: READ @ DQS= bank = 0 row = 0000 col = 00000001 data = a5a5
# tb_soc_ddr3_top.mem_core.data_task: at time 68533483.0 ps INFO: READ @ DQS= bank = 0 row = 0000 col = 00000002 data = 5555
# tb_soc_ddr3_top.mem_core.data_task: at time 68534817.0 ps INFO: READ @ DQS= bank = 0 row = 0000 col = 00000003 data = a5a5
# tb_soc_ddr3_top.mem_core.data_task: at time 68536150.0 ps INFO: READ @ DQS= bank = 0 row = 0000 col = 00000004 data = 5a5a
# tb_soc_ddr3_top.mem_core.data_task: at time 68537483.0 ps INFO: READ @ DQS= bank = 0 row = 0000 col = 00000005 data = a5a5
# tb_soc_ddr3_top.mem_core.cmd_task: at time 68537483.0 ps INFO: Read      bank 0 col 018, auto precharge 0
# tb_soc_ddr3_top.mem_core.data_task: at time 68538817.0 ps INFO: READ @ DQS= bank = 0 row = 0000 col = 00000006 data = 5555
# tb_soc_ddr3_top.mem_core.data_task: at time 68540150.0 ps INFO: READ @ DQS= bank = 0 row = 0000 col = 00000007 data = a5a5
# tb_soc_ddr3_top.mem_core.data_task: at time 68541483.0 ps INFO: READ @ DQS= bank = 0 row = 0000 col = 00000008 data = 5f5f
# tb_soc_ddr3_top.mem_core.data_task: at time 68542817.0 ps INFO: READ @ DQS= bank = 0 row = 0000 col = 00000009 data = a5a5
# tb_soc_ddr3_top.mem_core.data_task: at time 68544150.0 ps INFO: READ @ DQS= bank = 0 row = 0000 col = 0000000a data = a5a5
# tb_soc_ddr3_top.mem_core.data_task: at time 68545483.0 ps INFO: READ @ DQS= bank = 0 row = 0000 col = 0000000b data = f5f5
# tb_soc_ddr3_top.mem_core.data_task: at time 68546817.0 ps INFO: READ @ DQS= bank = 0 row = 0000 col = 0000000c data = f5f5
# tb_soc_ddr3_top.mem_core.data_task: at time 68548150.0 ps INFO: READ @ DQS= bank = 0 row = 0000 col = 0000000d data = f5f5
# tb_soc_ddr3_top.mem_core.data_task: at time 68549483.0 ps INFO: READ @ DQS= bank = 0 row = 0000 col = 0000000e data = f5f5
# tb_soc_ddr3_top.mem_core.data_task: at time 68550817.0 ps INFO: READ @ DQS= bank = 0 row = 0000 col = 0000000f data = f0f0
# tb_soc_ddr3_top.mem_core.data_task: at time 68552150.0 ps INFO: READ @ DQS= bank = 0 row = 0000 col = 00000010 data = a5a5
# tb_soc_ddr3_top.mem_core.data_task: at time 68553483.0 ps INFO: READ @ DQS= bank = 0 row = 0000 col = 00000011 data = a5a5
# tb_soc_ddr3_top.mem_core.data_task: at time 68554817.0 ps INFO: READ @ DQS= bank = 0 row = 0000 col = 00000012 data = a5a5
# tb_soc_ddr3_top.mem_core.data_task: at time 68556150.0 ps INFO: READ @ DQS= bank = 0 row = 0000 col = 00000013 data = a5a5
# tb_soc_ddr3_top.mem_core.data_task: at time 68557483.0 ps INFO: READ @ DQS= bank = 0 row = 0000 col = 00000014 data = 5555
# tb_soc_ddr3_top.mem_core.data_task: at time 68558817.0 ps INFO: READ @ DQS= bank = 0 row = 0000 col = 00000015 data = 5555
# tb_soc_ddr3_top.mem_core.data_task: at time 68560150.0 ps INFO: READ @ DQS= bank = 0 row = 0000 col = 00000016 data = 5555
# tb_soc_ddr3_top.mem_core.data_task: at time 68561483.0 ps INFO: READ @ DQS= bank = 0 row = 0000 col = 00000017 data = 5f5f
# tb_soc_ddr3_top.mem_core.data_task: at time 68562817.0 ps INFO: READ @ DQS= bank = 0 row = 0000 col = 00000018 data = f5f5
# tb_soc_ddr3_top.mem_core.data_task: at time 68564150.0 ps INFO: READ @ DQS= bank = 0 row = 0000 col = 00000019 data = aaaa
# tb_soc_ddr3_top.mem_core.data_task: at time 68565483.0 ps INFO: READ @ DQS= bank = 0 row = 0000 col = 0000001a data = 5555
# tb_soc_ddr3_top.mem_core.data_task: at time 68566817.0 ps INFO: READ @ DQS= bank = 0 row = 0000 col = 0000001b data = aaaa
# tb_soc_ddr3_top.mem_core.data_task: at time 68568150.0 ps INFO: READ @ DQS= bank = 0 row = 0000 col = 0000001c data = f5f5
# tb_soc_ddr3_top.mem_core.data_task: at time 68569483.0 ps INFO: READ @ DQS= bank = 0 row = 0000 col = 0000001d data = aaaa
# tb_soc_ddr3_top.mem_core.data_task: at time 68570817.0 ps INFO: READ @ DQS= bank = 0 row = 0000 col = 0000001e data = f5f5
# tb_soc_ddr3_top.mem_core.data_task: at time 68572150.0 ps INFO: READ @ DQS= bank = 0 row = 0000 col = 0000001f data = aaaa
# tb_soc_ddr3_top.mem_core.cmd_task: at time 69209483.0 ps INFO: Read      bank 0 col 000, auto precharge 0
# tb_soc_ddr3_top.mem_core.cmd_task: at time 69220150.0 ps INFO: Read      bank 0 col 008, auto precharge 0
# tb_soc_ddr3_top.mem_core.cmd_task: at time 69230817.0 ps INFO: Read      bank 0 col 010, auto precharge 0
# tb_soc_ddr3_top.mem_core.data_task: at time 69234817.0 ps INFO: READ @ DQS= bank = 0 row = 0000 col = 00000000 data = 5555
# tb_soc_ddr3_top.mem_core.data_task: at time 69236150.0 ps INFO: READ @ DQS= bank = 0 row = 0000 col = 00000001 data = a5a5
# tb_soc_ddr3_top.mem_core.data_task: at time 69237483.0 ps INFO: READ @ DQS= bank = 0 row = 0000 col = 00000002 data = 5555
# tb_soc_ddr3_top.mem_core.data_task: at time 69238817.0 ps INFO: READ @ DQS= bank = 0 row = 0000 col = 00000003 data = a5a5
# tb_soc_ddr3_top.mem_core.data_task: at time 69240150.0 ps INFO: READ @ DQS= bank = 0 row = 0000 col = 00000004 data = 5a5a
# tb_soc_ddr3_top.mem_core.data_task: at time 69241483.0 ps INFO: READ @ DQS= bank = 0 row = 0000 col = 00000005 data = a5a5
# tb_soc_ddr3_top.mem_core.cmd_task: at time 69241483.0 ps INFO: Read      bank 0 col 018, auto precharge 0
# tb_soc_ddr3_top.mem_core.data_task: at time 69242817.0 ps INFO: READ @ DQS= bank = 0 row = 0000 col = 00000006 data = 5555
# tb_soc_ddr3_top.mem_core.data_task: at time 69244150.0 ps INFO: READ @ DQS= bank = 0 row = 0000 col = 00000007 data = a5a5
# tb_soc_ddr3_top.mem_core.data_task: at time 69245483.0 ps INFO: READ @ DQS= bank = 0 row = 0000 col = 00000008 data = 5f5f
# tb_soc_ddr3_top.mem_core.data_task: at time 69246817.0 ps INFO: READ @ DQS= bank = 0 row = 0000 col = 00000009 data = a5a5
# tb_soc_ddr3_top.mem_core.data_task: at time 69248150.0 ps INFO: READ @ DQS= bank = 0 row = 0000 col = 0000000a data = a5a5
# tb_soc_ddr3_top.mem_core.data_task: at time 69249483.0 ps INFO: READ @ DQS= bank = 0 row = 0000 col = 0000000b data = f5f5
# tb_soc_ddr3_top.mem_core.data_task: at time 69250817.0 ps INFO: READ @ DQS= bank = 0 row = 0000 col = 0000000c data = f5f5
# tb_soc_ddr3_top.mem_core.data_task: at time 69252150.0 ps INFO: READ @ DQS= bank = 0 row = 0000 col = 0000000d data = f5f5
# tb_soc_ddr3_top.mem_core.data_task: at time 69253483.0 ps INFO: READ @ DQS= bank = 0 row = 0000 col = 0000000e data = f5f5
# tb_soc_ddr3_top.mem_core.data_task: at time 69254817.0 ps INFO: READ @ DQS= bank = 0 row = 0000 col = 0000000f data = f0f0
# tb_soc_ddr3_top.mem_core.data_task: at time 69256150.0 ps INFO: READ @ DQS= bank = 0 row = 0000 col = 00000010 data = a5a5
# tb_soc_ddr3_top.mem_core.data_task: at time 69257483.0 ps INFO: READ @ DQS= bank = 0 row = 0000 col = 00000011 data = a5a5
# tb_soc_ddr3_top.mem_core.data_task: at time 69258817.0 ps INFO: READ @ DQS= bank = 0 row = 0000 col = 00000012 data = a5a5
# tb_soc_ddr3_top.mem_core.data_task: at time 69260150.0 ps INFO: READ @ DQS= bank = 0 row = 0000 col = 00000013 data = a5a5
# tb_soc_ddr3_top.mem_core.data_task: at time 69261483.0 ps INFO: READ @ DQS= bank = 0 row = 0000 col = 00000014 data = 5555
# tb_soc_ddr3_top.mem_core.data_task: at time 69262817.0 ps INFO: READ @ DQS= bank = 0 row = 0000 col = 00000015 data = 5555
# tb_soc_ddr3_top.mem_core.data_task: at time 69264150.0 ps INFO: READ @ DQS= bank = 0 row = 0000 col = 00000016 data = 5555
# tb_soc_ddr3_top.mem_core.data_task: at time 69265483.0 ps INFO: READ @ DQS= bank = 0 row = 0000 col = 00000017 data = 5f5f
# tb_soc_ddr3_top.mem_core.data_task: at time 69266817.0 ps INFO: READ @ DQS= bank = 0 row = 0000 col = 00000018 data = f5f5
# tb_soc_ddr3_top.mem_core.data_task: at time 69268150.0 ps INFO: READ @ DQS= bank = 0 row = 0000 col = 00000019 data = aaaa
# tb_soc_ddr3_top.mem_core.data_task: at time 69269483.0 ps INFO: READ @ DQS= bank = 0 row = 0000 col = 0000001a data = 5555
# tb_soc_ddr3_top.mem_core.data_task: at time 69270817.0 ps INFO: READ @ DQS= bank = 0 row = 0000 col = 0000001b data = aaaa
# tb_soc_ddr3_top.mem_core.data_task: at time 69272150.0 ps INFO: READ @ DQS= bank = 0 row = 0000 col = 0000001c data = f5f5
# tb_soc_ddr3_top.mem_core.data_task: at time 69273483.0 ps INFO: READ @ DQS= bank = 0 row = 0000 col = 0000001d data = aaaa
# tb_soc_ddr3_top.mem_core.data_task: at time 69274817.0 ps INFO: READ @ DQS= bank = 0 row = 0000 col = 0000001e data = f5f5
# tb_soc_ddr3_top.mem_core.data_task: at time 69276150.0 ps INFO: READ @ DQS= bank = 0 row = 0000 col = 0000001f data = aaaa
# tb_soc_ddr3_top.mem_core.cmd_task: at time 69913483.0 ps INFO: Read      bank 0 col 000, auto precharge 0
# tb_soc_ddr3_top.mem_core.cmd_task: at time 69924150.0 ps INFO: Read      bank 0 col 008, auto precharge 0
# tb_soc_ddr3_top.mem_core.cmd_task: at time 69934817.0 ps INFO: Read      bank 0 col 010, auto precharge 0
# tb_soc_ddr3_top.mem_core.data_task: at time 69938817.0 ps INFO: READ @ DQS= bank = 0 row = 0000 col = 00000000 data = 5555
# tb_soc_ddr3_top.mem_core.data_task: at time 69940150.0 ps INFO: READ @ DQS= bank = 0 row = 0000 col = 00000001 data = a5a5
# tb_soc_ddr3_top.mem_core.data_task: at time 69941483.0 ps INFO: READ @ DQS= bank = 0 row = 0000 col = 00000002 data = 5555
# tb_soc_ddr3_top.mem_core.data_task: at time 69942817.0 ps INFO: READ @ DQS= bank = 0 row = 0000 col = 00000003 data = a5a5
# tb_soc_ddr3_top.mem_core.data_task: at time 69944150.0 ps INFO: READ @ DQS= bank = 0 row = 0000 col = 00000004 data = 5a5a
# tb_soc_ddr3_top.mem_core.data_task: at time 69945483.0 ps INFO: READ @ DQS= bank = 0 row = 0000 col = 00000005 data = a5a5
# tb_soc_ddr3_top.mem_core.cmd_task: at time 69945483.0 ps INFO: Read      bank 0 col 018, auto precharge 0
# tb_soc_ddr3_top.mem_core.data_task: at time 69946817.0 ps INFO: READ @ DQS= bank = 0 row = 0000 col = 00000006 data = 5555
# tb_soc_ddr3_top.mem_core.data_task: at time 69948150.0 ps INFO: READ @ DQS= bank = 0 row = 0000 col = 00000007 data = a5a5
# tb_soc_ddr3_top.mem_core.data_task: at time 69949483.0 ps INFO: READ @ DQS= bank = 0 row = 0000 col = 00000008 data = 5f5f
# tb_soc_ddr3_top.mem_core.data_task: at time 69950817.0 ps INFO: READ @ DQS= bank = 0 row = 0000 col = 00000009 data = a5a5
# tb_soc_ddr3_top.mem_core.data_task: at time 69952150.0 ps INFO: READ @ DQS= bank = 0 row = 0000 col = 0000000a data = a5a5
# tb_soc_ddr3_top.mem_core.data_task: at time 69953483.0 ps INFO: READ @ DQS= bank = 0 row = 0000 col = 0000000b data = f5f5
# tb_soc_ddr3_top.mem_core.data_task: at time 69954817.0 ps INFO: READ @ DQS= bank = 0 row = 0000 col = 0000000c data = f5f5
# tb_soc_ddr3_top.mem_core.data_task: at time 69956150.0 ps INFO: READ @ DQS= bank = 0 row = 0000 col = 0000000d data = f5f5
# tb_soc_ddr3_top.mem_core.data_task: at time 69957483.0 ps INFO: READ @ DQS= bank = 0 row = 0000 col = 0000000e data = f5f5
# tb_soc_ddr3_top.mem_core.data_task: at time 69958817.0 ps INFO: READ @ DQS= bank = 0 row = 0000 col = 0000000f data = f0f0
# tb_soc_ddr3_top.mem_core.data_task: at time 69960150.0 ps INFO: READ @ DQS= bank = 0 row = 0000 col = 00000010 data = a5a5
# tb_soc_ddr3_top.mem_core.data_task: at time 69961483.0 ps INFO: READ @ DQS= bank = 0 row = 0000 col = 00000011 data = a5a5
# tb_soc_ddr3_top.mem_core.data_task: at time 69962817.0 ps INFO: READ @ DQS= bank = 0 row = 0000 col = 00000012 data = a5a5
# tb_soc_ddr3_top.mem_core.data_task: at time 69964150.0 ps INFO: READ @ DQS= bank = 0 row = 0000 col = 00000013 data = a5a5
# tb_soc_ddr3_top.mem_core.data_task: at time 69965483.0 ps INFO: READ @ DQS= bank = 0 row = 0000 col = 00000014 data = 5555
# tb_soc_ddr3_top.mem_core.data_task: at time 69966817.0 ps INFO: READ @ DQS= bank = 0 row = 0000 col = 00000015 data = 5555
# tb_soc_ddr3_top.mem_core.data_task: at time 69968150.0 ps INFO: READ @ DQS= bank = 0 row = 0000 col = 00000016 data = 5555
# tb_soc_ddr3_top.mem_core.data_task: at time 69969483.0 ps INFO: READ @ DQS= bank = 0 row = 0000 col = 00000017 data = 5f5f
# tb_soc_ddr3_top.mem_core.data_task: at time 69970817.0 ps INFO: READ @ DQS= bank = 0 row = 0000 col = 00000018 data = f5f5
# tb_soc_ddr3_top.mem_core.data_task: at time 69972150.0 ps INFO: READ @ DQS= bank = 0 row = 0000 col = 00000019 data = aaaa
# tb_soc_ddr3_top.mem_core.data_task: at time 69973483.0 ps INFO: READ @ DQS= bank = 0 row = 0000 col = 0000001a data = 5555
# tb_soc_ddr3_top.mem_core.data_task: at time 69974817.0 ps INFO: READ @ DQS= bank = 0 row = 0000 col = 0000001b data = aaaa
# tb_soc_ddr3_top.mem_core.data_task: at time 69976150.0 ps INFO: READ @ DQS= bank = 0 row = 0000 col = 0000001c data = f5f5
# tb_soc_ddr3_top.mem_core.data_task: at time 69977483.0 ps INFO: READ @ DQS= bank = 0 row = 0000 col = 0000001d data = aaaa
# tb_soc_ddr3_top.mem_core.data_task: at time 69978817.0 ps INFO: READ @ DQS= bank = 0 row = 0000 col = 0000001e data = f5f5
# tb_soc_ddr3_top.mem_core.data_task: at time 69980150.0 ps INFO: READ @ DQS= bank = 0 row = 0000 col = 0000001f data = aaaa
# tb_soc_ddr3_top.mem_core.cmd_task: at time 70617483.0 ps INFO: Read      bank 0 col 000, auto precharge 0
# tb_soc_ddr3_top.mem_core.cmd_task: at time 70628150.0 ps INFO: Read      bank 0 col 008, auto precharge 0
# tb_soc_ddr3_top.mem_core.cmd_task: at time 70638817.0 ps INFO: Read      bank 0 col 010, auto precharge 0
# tb_soc_ddr3_top.mem_core.data_task: at time 70642817.0 ps INFO: READ @ DQS= bank = 0 row = 0000 col = 00000000 data = 5555
# tb_soc_ddr3_top.mem_core.data_task: at time 70644150.0 ps INFO: READ @ DQS= bank = 0 row = 0000 col = 00000001 data = a5a5
# tb_soc_ddr3_top.mem_core.data_task: at time 70645483.0 ps INFO: READ @ DQS= bank = 0 row = 0000 col = 00000002 data = 5555
# tb_soc_ddr3_top.mem_core.data_task: at time 70646817.0 ps INFO: READ @ DQS= bank = 0 row = 0000 col = 00000003 data = a5a5
# tb_soc_ddr3_top.mem_core.data_task: at time 70648150.0 ps INFO: READ @ DQS= bank = 0 row = 0000 col = 00000004 data = 5a5a
# tb_soc_ddr3_top.mem_core.data_task: at time 70649483.0 ps INFO: READ @ DQS= bank = 0 row = 0000 col = 00000005 data = a5a5
# tb_soc_ddr3_top.mem_core.cmd_task: at time 70649483.0 ps INFO: Read      bank 0 col 018, auto precharge 0
# tb_soc_ddr3_top.mem_core.data_task: at time 70650817.0 ps INFO: READ @ DQS= bank = 0 row = 0000 col = 00000006 data = 5555
# tb_soc_ddr3_top.mem_core.data_task: at time 70652150.0 ps INFO: READ @ DQS= bank = 0 row = 0000 col = 00000007 data = a5a5
# tb_soc_ddr3_top.mem_core.data_task: at time 70653483.0 ps INFO: READ @ DQS= bank = 0 row = 0000 col = 00000008 data = 5f5f
# tb_soc_ddr3_top.mem_core.data_task: at time 70654817.0 ps INFO: READ @ DQS= bank = 0 row = 0000 col = 00000009 data = a5a5
# tb_soc_ddr3_top.mem_core.data_task: at time 70656150.0 ps INFO: READ @ DQS= bank = 0 row = 0000 col = 0000000a data = a5a5
# tb_soc_ddr3_top.mem_core.data_task: at time 70657483.0 ps INFO: READ @ DQS= bank = 0 row = 0000 col = 0000000b data = f5f5
# tb_soc_ddr3_top.mem_core.data_task: at time 70658817.0 ps INFO: READ @ DQS= bank = 0 row = 0000 col = 0000000c data = f5f5
# tb_soc_ddr3_top.mem_core.data_task: at time 70660150.0 ps INFO: READ @ DQS= bank = 0 row = 0000 col = 0000000d data = f5f5
# tb_soc_ddr3_top.mem_core.data_task: at time 70661483.0 ps INFO: READ @ DQS= bank = 0 row = 0000 col = 0000000e data = f5f5
# tb_soc_ddr3_top.mem_core.data_task: at time 70662817.0 ps INFO: READ @ DQS= bank = 0 row = 0000 col = 0000000f data = f0f0
# tb_soc_ddr3_top.mem_core.data_task: at time 70664150.0 ps INFO: READ @ DQS= bank = 0 row = 0000 col = 00000010 data = a5a5
# tb_soc_ddr3_top.mem_core.data_task: at time 70665483.0 ps INFO: READ @ DQS= bank = 0 row = 0000 col = 00000011 data = a5a5
# tb_soc_ddr3_top.mem_core.data_task: at time 70666817.0 ps INFO: READ @ DQS= bank = 0 row = 0000 col = 00000012 data = a5a5
# tb_soc_ddr3_top.mem_core.data_task: at time 70668150.0 ps INFO: READ @ DQS= bank = 0 row = 0000 col = 00000013 data = a5a5
# tb_soc_ddr3_top.mem_core.data_task: at time 70669483.0 ps INFO: READ @ DQS= bank = 0 row = 0000 col = 00000014 data = 5555
# tb_soc_ddr3_top.mem_core.data_task: at time 70670817.0 ps INFO: READ @ DQS= bank = 0 row = 0000 col = 00000015 data = 5555
# tb_soc_ddr3_top.mem_core.data_task: at time 70672150.0 ps INFO: READ @ DQS= bank = 0 row = 0000 col = 00000016 data = 5555
# tb_soc_ddr3_top.mem_core.data_task: at time 70673483.0 ps INFO: READ @ DQS= bank = 0 row = 0000 col = 00000017 data = 5f5f
# tb_soc_ddr3_top.mem_core.data_task: at time 70674817.0 ps INFO: READ @ DQS= bank = 0 row = 0000 col = 00000018 data = f5f5
# tb_soc_ddr3_top.mem_core.data_task: at time 70676150.0 ps INFO: READ @ DQS= bank = 0 row = 0000 col = 00000019 data = aaaa
# tb_soc_ddr3_top.mem_core.data_task: at time 70677483.0 ps INFO: READ @ DQS= bank = 0 row = 0000 col = 0000001a data = 5555
# tb_soc_ddr3_top.mem_core.data_task: at time 70678817.0 ps INFO: READ @ DQS= bank = 0 row = 0000 col = 0000001b data = aaaa
# tb_soc_ddr3_top.mem_core.data_task: at time 70680150.0 ps INFO: READ @ DQS= bank = 0 row = 0000 col = 0000001c data = f5f5
# tb_soc_ddr3_top.mem_core.data_task: at time 70681483.0 ps INFO: READ @ DQS= bank = 0 row = 0000 col = 0000001d data = aaaa
# tb_soc_ddr3_top.mem_core.data_task: at time 70682817.0 ps INFO: READ @ DQS= bank = 0 row = 0000 col = 0000001e data = f5f5
# tb_soc_ddr3_top.mem_core.data_task: at time 70684150.0 ps INFO: READ @ DQS= bank = 0 row = 0000 col = 0000001f data = aaaa
# tb_soc_ddr3_top.mem_core.cmd_task: at time 71321483.0 ps INFO: Read      bank 0 col 000, auto precharge 0
# tb_soc_ddr3_top.mem_core.cmd_task: at time 71332150.0 ps INFO: Read      bank 0 col 008, auto precharge 0
# tb_soc_ddr3_top.mem_core.cmd_task: at time 71342817.0 ps INFO: Read      bank 0 col 010, auto precharge 0
# tb_soc_ddr3_top.mem_core.data_task: at time 71346817.0 ps INFO: READ @ DQS= bank = 0 row = 0000 col = 00000000 data = 5555
# tb_soc_ddr3_top.mem_core.data_task: at time 71348150.0 ps INFO: READ @ DQS= bank = 0 row = 0000 col = 00000001 data = a5a5
# tb_soc_ddr3_top.mem_core.data_task: at time 71349483.0 ps INFO: READ @ DQS= bank = 0 row = 0000 col = 00000002 data = 5555
# tb_soc_ddr3_top.mem_core.data_task: at time 71350817.0 ps INFO: READ @ DQS= bank = 0 row = 0000 col = 00000003 data = a5a5
# tb_soc_ddr3_top.mem_core.data_task: at time 71352150.0 ps INFO: READ @ DQS= bank = 0 row = 0000 col = 00000004 data = 5a5a
# tb_soc_ddr3_top.mem_core.data_task: at time 71353483.0 ps INFO: READ @ DQS= bank = 0 row = 0000 col = 00000005 data = a5a5
# tb_soc_ddr3_top.mem_core.cmd_task: at time 71353483.0 ps INFO: Read      bank 0 col 018, auto precharge 0
# tb_soc_ddr3_top.mem_core.data_task: at time 71354817.0 ps INFO: READ @ DQS= bank = 0 row = 0000 col = 00000006 data = 5555
# tb_soc_ddr3_top.mem_core.data_task: at time 71356150.0 ps INFO: READ @ DQS= bank = 0 row = 0000 col = 00000007 data = a5a5
# tb_soc_ddr3_top.mem_core.data_task: at time 71357483.0 ps INFO: READ @ DQS= bank = 0 row = 0000 col = 00000008 data = 5f5f
# tb_soc_ddr3_top.mem_core.data_task: at time 71358817.0 ps INFO: READ @ DQS= bank = 0 row = 0000 col = 00000009 data = a5a5
# tb_soc_ddr3_top.mem_core.data_task: at time 71360150.0 ps INFO: READ @ DQS= bank = 0 row = 0000 col = 0000000a data = a5a5
# tb_soc_ddr3_top.mem_core.data_task: at time 71361483.0 ps INFO: READ @ DQS= bank = 0 row = 0000 col = 0000000b data = f5f5
# tb_soc_ddr3_top.mem_core.data_task: at time 71362817.0 ps INFO: READ @ DQS= bank = 0 row = 0000 col = 0000000c data = f5f5
# tb_soc_ddr3_top.mem_core.data_task: at time 71364150.0 ps INFO: READ @ DQS= bank = 0 row = 0000 col = 0000000d data = f5f5
# tb_soc_ddr3_top.mem_core.data_task: at time 71365483.0 ps INFO: READ @ DQS= bank = 0 row = 0000 col = 0000000e data = f5f5
# tb_soc_ddr3_top.mem_core.data_task: at time 71366817.0 ps INFO: READ @ DQS= bank = 0 row = 0000 col = 0000000f data = f0f0
# tb_soc_ddr3_top.mem_core.data_task: at time 71368150.0 ps INFO: READ @ DQS= bank = 0 row = 0000 col = 00000010 data = a5a5
# tb_soc_ddr3_top.mem_core.data_task: at time 71369483.0 ps INFO: READ @ DQS= bank = 0 row = 0000 col = 00000011 data = a5a5
# tb_soc_ddr3_top.mem_core.data_task: at time 71370817.0 ps INFO: READ @ DQS= bank = 0 row = 0000 col = 00000012 data = a5a5
# tb_soc_ddr3_top.mem_core.data_task: at time 71372150.0 ps INFO: READ @ DQS= bank = 0 row = 0000 col = 00000013 data = a5a5
# tb_soc_ddr3_top.mem_core.data_task: at time 71373483.0 ps INFO: READ @ DQS= bank = 0 row = 0000 col = 00000014 data = 5555
# tb_soc_ddr3_top.mem_core.data_task: at time 71374817.0 ps INFO: READ @ DQS= bank = 0 row = 0000 col = 00000015 data = 5555
# tb_soc_ddr3_top.mem_core.data_task: at time 71376150.0 ps INFO: READ @ DQS= bank = 0 row = 0000 col = 00000016 data = 5555
# tb_soc_ddr3_top.mem_core.data_task: at time 71377483.0 ps INFO: READ @ DQS= bank = 0 row = 0000 col = 00000017 data = 5f5f
# tb_soc_ddr3_top.mem_core.data_task: at time 71378817.0 ps INFO: READ @ DQS= bank = 0 row = 0000 col = 00000018 data = f5f5
# tb_soc_ddr3_top.mem_core.data_task: at time 71380150.0 ps INFO: READ @ DQS= bank = 0 row = 0000 col = 00000019 data = aaaa
# tb_soc_ddr3_top.mem_core.data_task: at time 71381483.0 ps INFO: READ @ DQS= bank = 0 row = 0000 col = 0000001a data = 5555
# tb_soc_ddr3_top.mem_core.data_task: at time 71382817.0 ps INFO: READ @ DQS= bank = 0 row = 0000 col = 0000001b data = aaaa
# tb_soc_ddr3_top.mem_core.data_task: at time 71384150.0 ps INFO: READ @ DQS= bank = 0 row = 0000 col = 0000001c data = f5f5
# tb_soc_ddr3_top.mem_core.data_task: at time 71385483.0 ps INFO: READ @ DQS= bank = 0 row = 0000 col = 0000001d data = aaaa
# tb_soc_ddr3_top.mem_core.data_task: at time 71386817.0 ps INFO: READ @ DQS= bank = 0 row = 0000 col = 0000001e data = f5f5
# tb_soc_ddr3_top.mem_core.data_task: at time 71388150.0 ps INFO: READ @ DQS= bank = 0 row = 0000 col = 0000001f data = aaaa
# tb_soc_ddr3_top.mem_core.cmd_task: at time 72025483.0 ps INFO: Read      bank 0 col 000, auto precharge 0
# tb_soc_ddr3_top.mem_core.cmd_task: at time 72036150.0 ps INFO: Read      bank 0 col 008, auto precharge 0
# tb_soc_ddr3_top.mem_core.cmd_task: at time 72046817.0 ps INFO: Read      bank 0 col 010, auto precharge 0
# tb_soc_ddr3_top.mem_core.data_task: at time 72050817.0 ps INFO: READ @ DQS= bank = 0 row = 0000 col = 00000000 data = 5555
# tb_soc_ddr3_top.mem_core.data_task: at time 72052150.0 ps INFO: READ @ DQS= bank = 0 row = 0000 col = 00000001 data = a5a5
# tb_soc_ddr3_top.mem_core.data_task: at time 72053483.0 ps INFO: READ @ DQS= bank = 0 row = 0000 col = 00000002 data = 5555
# tb_soc_ddr3_top.mem_core.data_task: at time 72054817.0 ps INFO: READ @ DQS= bank = 0 row = 0000 col = 00000003 data = a5a5
# tb_soc_ddr3_top.mem_core.data_task: at time 72056150.0 ps INFO: READ @ DQS= bank = 0 row = 0000 col = 00000004 data = 5a5a
# tb_soc_ddr3_top.mem_core.data_task: at time 72057483.0 ps INFO: READ @ DQS= bank = 0 row = 0000 col = 00000005 data = a5a5
# tb_soc_ddr3_top.mem_core.cmd_task: at time 72057483.0 ps INFO: Read      bank 0 col 018, auto precharge 0
# tb_soc_ddr3_top.mem_core.data_task: at time 72058817.0 ps INFO: READ @ DQS= bank = 0 row = 0000 col = 00000006 data = 5555
# tb_soc_ddr3_top.mem_core.data_task: at time 72060150.0 ps INFO: READ @ DQS= bank = 0 row = 0000 col = 00000007 data = a5a5
# tb_soc_ddr3_top.mem_core.data_task: at time 72061483.0 ps INFO: READ @ DQS= bank = 0 row = 0000 col = 00000008 data = 5f5f
# tb_soc_ddr3_top.mem_core.data_task: at time 72062817.0 ps INFO: READ @ DQS= bank = 0 row = 0000 col = 00000009 data = a5a5
# tb_soc_ddr3_top.mem_core.data_task: at time 72064150.0 ps INFO: READ @ DQS= bank = 0 row = 0000 col = 0000000a data = a5a5
# tb_soc_ddr3_top.mem_core.data_task: at time 72065483.0 ps INFO: READ @ DQS= bank = 0 row = 0000 col = 0000000b data = f5f5
# tb_soc_ddr3_top.mem_core.data_task: at time 72066817.0 ps INFO: READ @ DQS= bank = 0 row = 0000 col = 0000000c data = f5f5
# tb_soc_ddr3_top.mem_core.data_task: at time 72068150.0 ps INFO: READ @ DQS= bank = 0 row = 0000 col = 0000000d data = f5f5
# tb_soc_ddr3_top.mem_core.data_task: at time 72069483.0 ps INFO: READ @ DQS= bank = 0 row = 0000 col = 0000000e data = f5f5
# tb_soc_ddr3_top.mem_core.data_task: at time 72070817.0 ps INFO: READ @ DQS= bank = 0 row = 0000 col = 0000000f data = f0f0
# tb_soc_ddr3_top.mem_core.data_task: at time 72072150.0 ps INFO: READ @ DQS= bank = 0 row = 0000 col = 00000010 data = a5a5
# tb_soc_ddr3_top.mem_core.data_task: at time 72073483.0 ps INFO: READ @ DQS= bank = 0 row = 0000 col = 00000011 data = a5a5
# tb_soc_ddr3_top.mem_core.data_task: at time 72074817.0 ps INFO: READ @ DQS= bank = 0 row = 0000 col = 00000012 data = a5a5
# tb_soc_ddr3_top.mem_core.data_task: at time 72076150.0 ps INFO: READ @ DQS= bank = 0 row = 0000 col = 00000013 data = a5a5
# tb_soc_ddr3_top.mem_core.data_task: at time 72077483.0 ps INFO: READ @ DQS= bank = 0 row = 0000 col = 00000014 data = 5555
# tb_soc_ddr3_top.mem_core.data_task: at time 72078817.0 ps INFO: READ @ DQS= bank = 0 row = 0000 col = 00000015 data = 5555
# tb_soc_ddr3_top.mem_core.data_task: at time 72080150.0 ps INFO: READ @ DQS= bank = 0 row = 0000 col = 00000016 data = 5555
# tb_soc_ddr3_top.mem_core.data_task: at time 72081483.0 ps INFO: READ @ DQS= bank = 0 row = 0000 col = 00000017 data = 5f5f
# tb_soc_ddr3_top.mem_core.data_task: at time 72082817.0 ps INFO: READ @ DQS= bank = 0 row = 0000 col = 00000018 data = f5f5
# tb_soc_ddr3_top.mem_core.data_task: at time 72084150.0 ps INFO: READ @ DQS= bank = 0 row = 0000 col = 00000019 data = aaaa
# tb_soc_ddr3_top.mem_core.data_task: at time 72085483.0 ps INFO: READ @ DQS= bank = 0 row = 0000 col = 0000001a data = 5555
# tb_soc_ddr3_top.mem_core.data_task: at time 72086817.0 ps INFO: READ @ DQS= bank = 0 row = 0000 col = 0000001b data = aaaa
# tb_soc_ddr3_top.mem_core.data_task: at time 72088150.0 ps INFO: READ @ DQS= bank = 0 row = 0000 col = 0000001c data = f5f5
# tb_soc_ddr3_top.mem_core.data_task: at time 72089483.0 ps INFO: READ @ DQS= bank = 0 row = 0000 col = 0000001d data = aaaa
# tb_soc_ddr3_top.mem_core.data_task: at time 72090817.0 ps INFO: READ @ DQS= bank = 0 row = 0000 col = 0000001e data = f5f5
# tb_soc_ddr3_top.mem_core.data_task: at time 72092150.0 ps INFO: READ @ DQS= bank = 0 row = 0000 col = 0000001f data = aaaa
# tb_soc_ddr3_top.mem_core.cmd_task: at time 72729483.0 ps INFO: Read      bank 0 col 000, auto precharge 0
# tb_soc_ddr3_top.mem_core.cmd_task: at time 72740150.0 ps INFO: Read      bank 0 col 008, auto precharge 0
# tb_soc_ddr3_top.mem_core.cmd_task: at time 72750817.0 ps INFO: Read      bank 0 col 010, auto precharge 0
# tb_soc_ddr3_top.mem_core.data_task: at time 72754817.0 ps INFO: READ @ DQS= bank = 0 row = 0000 col = 00000000 data = 5555
# tb_soc_ddr3_top.mem_core.data_task: at time 72756150.0 ps INFO: READ @ DQS= bank = 0 row = 0000 col = 00000001 data = a5a5
# tb_soc_ddr3_top.mem_core.data_task: at time 72757483.0 ps INFO: READ @ DQS= bank = 0 row = 0000 col = 00000002 data = 5555
# tb_soc_ddr3_top.mem_core.data_task: at time 72758817.0 ps INFO: READ @ DQS= bank = 0 row = 0000 col = 00000003 data = a5a5
# tb_soc_ddr3_top.mem_core.data_task: at time 72760150.0 ps INFO: READ @ DQS= bank = 0 row = 0000 col = 00000004 data = 5a5a
# tb_soc_ddr3_top.mem_core.data_task: at time 72761483.0 ps INFO: READ @ DQS= bank = 0 row = 0000 col = 00000005 data = a5a5
# tb_soc_ddr3_top.mem_core.cmd_task: at time 72761483.0 ps INFO: Read      bank 0 col 018, auto precharge 0
# tb_soc_ddr3_top.mem_core.data_task: at time 72762817.0 ps INFO: READ @ DQS= bank = 0 row = 0000 col = 00000006 data = 5555
# tb_soc_ddr3_top.mem_core.data_task: at time 72764150.0 ps INFO: READ @ DQS= bank = 0 row = 0000 col = 00000007 data = a5a5
# tb_soc_ddr3_top.mem_core.data_task: at time 72765483.0 ps INFO: READ @ DQS= bank = 0 row = 0000 col = 00000008 data = 5f5f
# tb_soc_ddr3_top.mem_core.data_task: at time 72766817.0 ps INFO: READ @ DQS= bank = 0 row = 0000 col = 00000009 data = a5a5
# tb_soc_ddr3_top.mem_core.data_task: at time 72768150.0 ps INFO: READ @ DQS= bank = 0 row = 0000 col = 0000000a data = a5a5
# tb_soc_ddr3_top.mem_core.data_task: at time 72769483.0 ps INFO: READ @ DQS= bank = 0 row = 0000 col = 0000000b data = f5f5
# tb_soc_ddr3_top.mem_core.data_task: at time 72770817.0 ps INFO: READ @ DQS= bank = 0 row = 0000 col = 0000000c data = f5f5
# tb_soc_ddr3_top.mem_core.data_task: at time 72772150.0 ps INFO: READ @ DQS= bank = 0 row = 0000 col = 0000000d data = f5f5
# tb_soc_ddr3_top.mem_core.data_task: at time 72773483.0 ps INFO: READ @ DQS= bank = 0 row = 0000 col = 0000000e data = f5f5
# tb_soc_ddr3_top.mem_core.data_task: at time 72774817.0 ps INFO: READ @ DQS= bank = 0 row = 0000 col = 0000000f data = f0f0
# tb_soc_ddr3_top.mem_core.data_task: at time 72776150.0 ps INFO: READ @ DQS= bank = 0 row = 0000 col = 00000010 data = a5a5
# tb_soc_ddr3_top.mem_core.data_task: at time 72777483.0 ps INFO: READ @ DQS= bank = 0 row = 0000 col = 00000011 data = a5a5
# tb_soc_ddr3_top.mem_core.data_task: at time 72778817.0 ps INFO: READ @ DQS= bank = 0 row = 0000 col = 00000012 data = a5a5
# tb_soc_ddr3_top.mem_core.data_task: at time 72780150.0 ps INFO: READ @ DQS= bank = 0 row = 0000 col = 00000013 data = a5a5
# tb_soc_ddr3_top.mem_core.data_task: at time 72781483.0 ps INFO: READ @ DQS= bank = 0 row = 0000 col = 00000014 data = 5555
# tb_soc_ddr3_top.mem_core.data_task: at time 72782817.0 ps INFO: READ @ DQS= bank = 0 row = 0000 col = 00000015 data = 5555
# tb_soc_ddr3_top.mem_core.data_task: at time 72784150.0 ps INFO: READ @ DQS= bank = 0 row = 0000 col = 00000016 data = 5555
# tb_soc_ddr3_top.mem_core.data_task: at time 72785483.0 ps INFO: READ @ DQS= bank = 0 row = 0000 col = 00000017 data = 5f5f
# tb_soc_ddr3_top.mem_core.data_task: at time 72786817.0 ps INFO: READ @ DQS= bank = 0 row = 0000 col = 00000018 data = f5f5
# tb_soc_ddr3_top.mem_core.data_task: at time 72788150.0 ps INFO: READ @ DQS= bank = 0 row = 0000 col = 00000019 data = aaaa
# tb_soc_ddr3_top.mem_core.data_task: at time 72789483.0 ps INFO: READ @ DQS= bank = 0 row = 0000 col = 0000001a data = 5555
# tb_soc_ddr3_top.mem_core.data_task: at time 72790817.0 ps INFO: READ @ DQS= bank = 0 row = 0000 col = 0000001b data = aaaa
# tb_soc_ddr3_top.mem_core.data_task: at time 72792150.0 ps INFO: READ @ DQS= bank = 0 row = 0000 col = 0000001c data = f5f5
# tb_soc_ddr3_top.mem_core.data_task: at time 72793483.0 ps INFO: READ @ DQS= bank = 0 row = 0000 col = 0000001d data = aaaa
# tb_soc_ddr3_top.mem_core.data_task: at time 72794817.0 ps INFO: READ @ DQS= bank = 0 row = 0000 col = 0000001e data = f5f5
# tb_soc_ddr3_top.mem_core.data_task: at time 72796150.0 ps INFO: READ @ DQS= bank = 0 row = 0000 col = 0000001f data = aaaa
# tb_soc_ddr3_top.mem_core.cmd_task: at time 73433483.0 ps INFO: Read      bank 0 col 000, auto precharge 0
# tb_soc_ddr3_top.mem_core.cmd_task: at time 73444150.0 ps INFO: Read      bank 0 col 008, auto precharge 0
# tb_soc_ddr3_top.mem_core.cmd_task: at time 73454817.0 ps INFO: Read      bank 0 col 010, auto precharge 0
# tb_soc_ddr3_top.mem_core.data_task: at time 73458817.0 ps INFO: READ @ DQS= bank = 0 row = 0000 col = 00000000 data = 5555
# tb_soc_ddr3_top.mem_core.data_task: at time 73460150.0 ps INFO: READ @ DQS= bank = 0 row = 0000 col = 00000001 data = a5a5
# tb_soc_ddr3_top.mem_core.data_task: at time 73461483.0 ps INFO: READ @ DQS= bank = 0 row = 0000 col = 00000002 data = 5555
# tb_soc_ddr3_top.mem_core.data_task: at time 73462817.0 ps INFO: READ @ DQS= bank = 0 row = 0000 col = 00000003 data = a5a5
# tb_soc_ddr3_top.mem_core.data_task: at time 73464150.0 ps INFO: READ @ DQS= bank = 0 row = 0000 col = 00000004 data = 5a5a
# tb_soc_ddr3_top.mem_core.data_task: at time 73465483.0 ps INFO: READ @ DQS= bank = 0 row = 0000 col = 00000005 data = a5a5
# tb_soc_ddr3_top.mem_core.cmd_task: at time 73465483.0 ps INFO: Read      bank 0 col 018, auto precharge 0
# tb_soc_ddr3_top.mem_core.data_task: at time 73466817.0 ps INFO: READ @ DQS= bank = 0 row = 0000 col = 00000006 data = 5555
# tb_soc_ddr3_top.mem_core.data_task: at time 73468150.0 ps INFO: READ @ DQS= bank = 0 row = 0000 col = 00000007 data = a5a5
# tb_soc_ddr3_top.mem_core.data_task: at time 73469483.0 ps INFO: READ @ DQS= bank = 0 row = 0000 col = 00000008 data = 5f5f
# tb_soc_ddr3_top.mem_core.data_task: at time 73470817.0 ps INFO: READ @ DQS= bank = 0 row = 0000 col = 00000009 data = a5a5
# tb_soc_ddr3_top.mem_core.data_task: at time 73472150.0 ps INFO: READ @ DQS= bank = 0 row = 0000 col = 0000000a data = a5a5
# tb_soc_ddr3_top.mem_core.data_task: at time 73473483.0 ps INFO: READ @ DQS= bank = 0 row = 0000 col = 0000000b data = f5f5
# tb_soc_ddr3_top.mem_core.data_task: at time 73474817.0 ps INFO: READ @ DQS= bank = 0 row = 0000 col = 0000000c data = f5f5
# tb_soc_ddr3_top.mem_core.data_task: at time 73476150.0 ps INFO: READ @ DQS= bank = 0 row = 0000 col = 0000000d data = f5f5
# tb_soc_ddr3_top.mem_core.data_task: at time 73477483.0 ps INFO: READ @ DQS= bank = 0 row = 0000 col = 0000000e data = f5f5
# tb_soc_ddr3_top.mem_core.data_task: at time 73478817.0 ps INFO: READ @ DQS= bank = 0 row = 0000 col = 0000000f data = f0f0
# tb_soc_ddr3_top.mem_core.data_task: at time 73480150.0 ps INFO: READ @ DQS= bank = 0 row = 0000 col = 00000010 data = a5a5
# tb_soc_ddr3_top.mem_core.data_task: at time 73481483.0 ps INFO: READ @ DQS= bank = 0 row = 0000 col = 00000011 data = a5a5
# tb_soc_ddr3_top.mem_core.data_task: at time 73482817.0 ps INFO: READ @ DQS= bank = 0 row = 0000 col = 00000012 data = a5a5
# tb_soc_ddr3_top.mem_core.data_task: at time 73484150.0 ps INFO: READ @ DQS= bank = 0 row = 0000 col = 00000013 data = a5a5
# tb_soc_ddr3_top.mem_core.data_task: at time 73485483.0 ps INFO: READ @ DQS= bank = 0 row = 0000 col = 00000014 data = 5555
# tb_soc_ddr3_top.mem_core.data_task: at time 73486817.0 ps INFO: READ @ DQS= bank = 0 row = 0000 col = 00000015 data = 5555
# tb_soc_ddr3_top.mem_core.data_task: at time 73488150.0 ps INFO: READ @ DQS= bank = 0 row = 0000 col = 00000016 data = 5555
# tb_soc_ddr3_top.mem_core.data_task: at time 73489483.0 ps INFO: READ @ DQS= bank = 0 row = 0000 col = 00000017 data = 5f5f
# tb_soc_ddr3_top.mem_core.data_task: at time 73490817.0 ps INFO: READ @ DQS= bank = 0 row = 0000 col = 00000018 data = f5f5
# tb_soc_ddr3_top.mem_core.data_task: at time 73492150.0 ps INFO: READ @ DQS= bank = 0 row = 0000 col = 00000019 data = aaaa
# tb_soc_ddr3_top.mem_core.data_task: at time 73493483.0 ps INFO: READ @ DQS= bank = 0 row = 0000 col = 0000001a data = 5555
# tb_soc_ddr3_top.mem_core.data_task: at time 73494817.0 ps INFO: READ @ DQS= bank = 0 row = 0000 col = 0000001b data = aaaa
# tb_soc_ddr3_top.mem_core.data_task: at time 73496150.0 ps INFO: READ @ DQS= bank = 0 row = 0000 col = 0000001c data = f5f5
# tb_soc_ddr3_top.mem_core.data_task: at time 73497483.0 ps INFO: READ @ DQS= bank = 0 row = 0000 col = 0000001d data = aaaa
# tb_soc_ddr3_top.mem_core.data_task: at time 73498817.0 ps INFO: READ @ DQS= bank = 0 row = 0000 col = 0000001e data = f5f5
# tb_soc_ddr3_top.mem_core.data_task: at time 73500150.0 ps INFO: READ @ DQS= bank = 0 row = 0000 col = 0000001f data = aaaa
# tb_soc_ddr3_top.mem_core.cmd_task: at time 74137483.0 ps INFO: Read      bank 0 col 000, auto precharge 0
# tb_soc_ddr3_top.mem_core.cmd_task: at time 74148150.0 ps INFO: Read      bank 0 col 008, auto precharge 0
# tb_soc_ddr3_top.mem_core.cmd_task: at time 74158817.0 ps INFO: Read      bank 0 col 010, auto precharge 0
# tb_soc_ddr3_top.mem_core.data_task: at time 74162817.0 ps INFO: READ @ DQS= bank = 0 row = 0000 col = 00000000 data = 5555
# tb_soc_ddr3_top.mem_core.data_task: at time 74164150.0 ps INFO: READ @ DQS= bank = 0 row = 0000 col = 00000001 data = a5a5
# tb_soc_ddr3_top.mem_core.data_task: at time 74165483.0 ps INFO: READ @ DQS= bank = 0 row = 0000 col = 00000002 data = 5555
# tb_soc_ddr3_top.mem_core.data_task: at time 74166817.0 ps INFO: READ @ DQS= bank = 0 row = 0000 col = 00000003 data = a5a5
# tb_soc_ddr3_top.mem_core.data_task: at time 74168150.0 ps INFO: READ @ DQS= bank = 0 row = 0000 col = 00000004 data = 5a5a
# tb_soc_ddr3_top.mem_core.data_task: at time 74169483.0 ps INFO: READ @ DQS= bank = 0 row = 0000 col = 00000005 data = a5a5
# tb_soc_ddr3_top.mem_core.cmd_task: at time 74169483.0 ps INFO: Read      bank 0 col 018, auto precharge 0
# tb_soc_ddr3_top.mem_core.data_task: at time 74170817.0 ps INFO: READ @ DQS= bank = 0 row = 0000 col = 00000006 data = 5555
# tb_soc_ddr3_top.mem_core.data_task: at time 74172150.0 ps INFO: READ @ DQS= bank = 0 row = 0000 col = 00000007 data = a5a5
# tb_soc_ddr3_top.mem_core.data_task: at time 74173483.0 ps INFO: READ @ DQS= bank = 0 row = 0000 col = 00000008 data = 5f5f
# tb_soc_ddr3_top.mem_core.data_task: at time 74174817.0 ps INFO: READ @ DQS= bank = 0 row = 0000 col = 00000009 data = a5a5
# tb_soc_ddr3_top.mem_core.data_task: at time 74176150.0 ps INFO: READ @ DQS= bank = 0 row = 0000 col = 0000000a data = a5a5
# tb_soc_ddr3_top.mem_core.data_task: at time 74177483.0 ps INFO: READ @ DQS= bank = 0 row = 0000 col = 0000000b data = f5f5
# tb_soc_ddr3_top.mem_core.data_task: at time 74178817.0 ps INFO: READ @ DQS= bank = 0 row = 0000 col = 0000000c data = f5f5
# tb_soc_ddr3_top.mem_core.data_task: at time 74180150.0 ps INFO: READ @ DQS= bank = 0 row = 0000 col = 0000000d data = f5f5
# tb_soc_ddr3_top.mem_core.data_task: at time 74181483.0 ps INFO: READ @ DQS= bank = 0 row = 0000 col = 0000000e data = f5f5
# tb_soc_ddr3_top.mem_core.data_task: at time 74182817.0 ps INFO: READ @ DQS= bank = 0 row = 0000 col = 0000000f data = f0f0
# tb_soc_ddr3_top.mem_core.data_task: at time 74184150.0 ps INFO: READ @ DQS= bank = 0 row = 0000 col = 00000010 data = a5a5
# tb_soc_ddr3_top.mem_core.data_task: at time 74185483.0 ps INFO: READ @ DQS= bank = 0 row = 0000 col = 00000011 data = a5a5
# tb_soc_ddr3_top.mem_core.data_task: at time 74186817.0 ps INFO: READ @ DQS= bank = 0 row = 0000 col = 00000012 data = a5a5
# tb_soc_ddr3_top.mem_core.data_task: at time 74188150.0 ps INFO: READ @ DQS= bank = 0 row = 0000 col = 00000013 data = a5a5
# tb_soc_ddr3_top.mem_core.data_task: at time 74189483.0 ps INFO: READ @ DQS= bank = 0 row = 0000 col = 00000014 data = 5555
# tb_soc_ddr3_top.mem_core.data_task: at time 74190817.0 ps INFO: READ @ DQS= bank = 0 row = 0000 col = 00000015 data = 5555
# tb_soc_ddr3_top.mem_core.data_task: at time 74192150.0 ps INFO: READ @ DQS= bank = 0 row = 0000 col = 00000016 data = 5555
# tb_soc_ddr3_top.mem_core.data_task: at time 74193483.0 ps INFO: READ @ DQS= bank = 0 row = 0000 col = 00000017 data = 5f5f
# tb_soc_ddr3_top.mem_core.data_task: at time 74194817.0 ps INFO: READ @ DQS= bank = 0 row = 0000 col = 00000018 data = f5f5
# tb_soc_ddr3_top.mem_core.data_task: at time 74196150.0 ps INFO: READ @ DQS= bank = 0 row = 0000 col = 00000019 data = aaaa
# tb_soc_ddr3_top.mem_core.data_task: at time 74197483.0 ps INFO: READ @ DQS= bank = 0 row = 0000 col = 0000001a data = 5555
# tb_soc_ddr3_top.mem_core.data_task: at time 74198817.0 ps INFO: READ @ DQS= bank = 0 row = 0000 col = 0000001b data = aaaa
# tb_soc_ddr3_top.mem_core.data_task: at time 74200150.0 ps INFO: READ @ DQS= bank = 0 row = 0000 col = 0000001c data = f5f5
# tb_soc_ddr3_top.mem_core.data_task: at time 74201483.0 ps INFO: READ @ DQS= bank = 0 row = 0000 col = 0000001d data = aaaa
# tb_soc_ddr3_top.mem_core.data_task: at time 74202817.0 ps INFO: READ @ DQS= bank = 0 row = 0000 col = 0000001e data = f5f5
# tb_soc_ddr3_top.mem_core.data_task: at time 74204150.0 ps INFO: READ @ DQS= bank = 0 row = 0000 col = 0000001f data = aaaa
# tb_soc_ddr3_top.mem_core.cmd_task: at time 74841483.0 ps INFO: Read      bank 0 col 000, auto precharge 0
# tb_soc_ddr3_top.mem_core.cmd_task: at time 74852150.0 ps INFO: Read      bank 0 col 008, auto precharge 0
# tb_soc_ddr3_top.mem_core.cmd_task: at time 74862817.0 ps INFO: Read      bank 0 col 010, auto precharge 0
# tb_soc_ddr3_top.mem_core.data_task: at time 74866817.0 ps INFO: READ @ DQS= bank = 0 row = 0000 col = 00000000 data = 5555
# tb_soc_ddr3_top.mem_core.data_task: at time 74868150.0 ps INFO: READ @ DQS= bank = 0 row = 0000 col = 00000001 data = a5a5
# tb_soc_ddr3_top.mem_core.data_task: at time 74869483.0 ps INFO: READ @ DQS= bank = 0 row = 0000 col = 00000002 data = 5555
# tb_soc_ddr3_top.mem_core.data_task: at time 74870817.0 ps INFO: READ @ DQS= bank = 0 row = 0000 col = 00000003 data = a5a5
# tb_soc_ddr3_top.mem_core.data_task: at time 74872150.0 ps INFO: READ @ DQS= bank = 0 row = 0000 col = 00000004 data = 5a5a
# tb_soc_ddr3_top.mem_core.data_task: at time 74873483.0 ps INFO: READ @ DQS= bank = 0 row = 0000 col = 00000005 data = a5a5
# tb_soc_ddr3_top.mem_core.cmd_task: at time 74873483.0 ps INFO: Read      bank 0 col 018, auto precharge 0
# tb_soc_ddr3_top.mem_core.data_task: at time 74874817.0 ps INFO: READ @ DQS= bank = 0 row = 0000 col = 00000006 data = 5555
# tb_soc_ddr3_top.mem_core.data_task: at time 74876150.0 ps INFO: READ @ DQS= bank = 0 row = 0000 col = 00000007 data = a5a5
# tb_soc_ddr3_top.mem_core.data_task: at time 74877483.0 ps INFO: READ @ DQS= bank = 0 row = 0000 col = 00000008 data = 5f5f
# tb_soc_ddr3_top.mem_core.data_task: at time 74878817.0 ps INFO: READ @ DQS= bank = 0 row = 0000 col = 00000009 data = a5a5
# tb_soc_ddr3_top.mem_core.data_task: at time 74880150.0 ps INFO: READ @ DQS= bank = 0 row = 0000 col = 0000000a data = a5a5
# tb_soc_ddr3_top.mem_core.data_task: at time 74881483.0 ps INFO: READ @ DQS= bank = 0 row = 0000 col = 0000000b data = f5f5
# tb_soc_ddr3_top.mem_core.data_task: at time 74882817.0 ps INFO: READ @ DQS= bank = 0 row = 0000 col = 0000000c data = f5f5
# tb_soc_ddr3_top.mem_core.data_task: at time 74884150.0 ps INFO: READ @ DQS= bank = 0 row = 0000 col = 0000000d data = f5f5
# tb_soc_ddr3_top.mem_core.data_task: at time 74885483.0 ps INFO: READ @ DQS= bank = 0 row = 0000 col = 0000000e data = f5f5
# tb_soc_ddr3_top.mem_core.data_task: at time 74886817.0 ps INFO: READ @ DQS= bank = 0 row = 0000 col = 0000000f data = f0f0
# tb_soc_ddr3_top.mem_core.data_task: at time 74888150.0 ps INFO: READ @ DQS= bank = 0 row = 0000 col = 00000010 data = a5a5
# tb_soc_ddr3_top.mem_core.data_task: at time 74889483.0 ps INFO: READ @ DQS= bank = 0 row = 0000 col = 00000011 data = a5a5
# tb_soc_ddr3_top.mem_core.data_task: at time 74890817.0 ps INFO: READ @ DQS= bank = 0 row = 0000 col = 00000012 data = a5a5
# tb_soc_ddr3_top.mem_core.data_task: at time 74892150.0 ps INFO: READ @ DQS= bank = 0 row = 0000 col = 00000013 data = a5a5
# tb_soc_ddr3_top.mem_core.data_task: at time 74893483.0 ps INFO: READ @ DQS= bank = 0 row = 0000 col = 00000014 data = 5555
# tb_soc_ddr3_top.mem_core.data_task: at time 74894817.0 ps INFO: READ @ DQS= bank = 0 row = 0000 col = 00000015 data = 5555
# tb_soc_ddr3_top.mem_core.data_task: at time 74896150.0 ps INFO: READ @ DQS= bank = 0 row = 0000 col = 00000016 data = 5555
# tb_soc_ddr3_top.mem_core.data_task: at time 74897483.0 ps INFO: READ @ DQS= bank = 0 row = 0000 col = 00000017 data = 5f5f
# tb_soc_ddr3_top.mem_core.data_task: at time 74898817.0 ps INFO: READ @ DQS= bank = 0 row = 0000 col = 00000018 data = f5f5
# tb_soc_ddr3_top.mem_core.data_task: at time 74900150.0 ps INFO: READ @ DQS= bank = 0 row = 0000 col = 00000019 data = aaaa
# tb_soc_ddr3_top.mem_core.data_task: at time 74901483.0 ps INFO: READ @ DQS= bank = 0 row = 0000 col = 0000001a data = 5555
# tb_soc_ddr3_top.mem_core.data_task: at time 74902817.0 ps INFO: READ @ DQS= bank = 0 row = 0000 col = 0000001b data = aaaa
# tb_soc_ddr3_top.mem_core.data_task: at time 74904150.0 ps INFO: READ @ DQS= bank = 0 row = 0000 col = 0000001c data = f5f5
# tb_soc_ddr3_top.mem_core.data_task: at time 74905483.0 ps INFO: READ @ DQS= bank = 0 row = 0000 col = 0000001d data = aaaa
# tb_soc_ddr3_top.mem_core.data_task: at time 74906817.0 ps INFO: READ @ DQS= bank = 0 row = 0000 col = 0000001e data = f5f5
# tb_soc_ddr3_top.mem_core.data_task: at time 74908150.0 ps INFO: READ @ DQS= bank = 0 row = 0000 col = 0000001f data = aaaa
# tb_soc_ddr3_top.mem_core.cmd_task: at time 75545483.0 ps INFO: Read      bank 0 col 000, auto precharge 0
# tb_soc_ddr3_top.mem_core.cmd_task: at time 75556150.0 ps INFO: Read      bank 0 col 008, auto precharge 0
# tb_soc_ddr3_top.mem_core.cmd_task: at time 75566817.0 ps INFO: Read      bank 0 col 010, auto precharge 0
# tb_soc_ddr3_top.mem_core.data_task: at time 75570817.0 ps INFO: READ @ DQS= bank = 0 row = 0000 col = 00000000 data = 5555
# tb_soc_ddr3_top.mem_core.data_task: at time 75572150.0 ps INFO: READ @ DQS= bank = 0 row = 0000 col = 00000001 data = a5a5
# tb_soc_ddr3_top.mem_core.data_task: at time 75573483.0 ps INFO: READ @ DQS= bank = 0 row = 0000 col = 00000002 data = 5555
# tb_soc_ddr3_top.mem_core.data_task: at time 75574817.0 ps INFO: READ @ DQS= bank = 0 row = 0000 col = 00000003 data = a5a5
# tb_soc_ddr3_top.mem_core.data_task: at time 75576150.0 ps INFO: READ @ DQS= bank = 0 row = 0000 col = 00000004 data = 5a5a
# tb_soc_ddr3_top.mem_core.data_task: at time 75577483.0 ps INFO: READ @ DQS= bank = 0 row = 0000 col = 00000005 data = a5a5
# tb_soc_ddr3_top.mem_core.cmd_task: at time 75577483.0 ps INFO: Read      bank 0 col 018, auto precharge 0
# tb_soc_ddr3_top.mem_core.data_task: at time 75578817.0 ps INFO: READ @ DQS= bank = 0 row = 0000 col = 00000006 data = 5555
# tb_soc_ddr3_top.mem_core.data_task: at time 75580150.0 ps INFO: READ @ DQS= bank = 0 row = 0000 col = 00000007 data = a5a5
# tb_soc_ddr3_top.mem_core.data_task: at time 75581483.0 ps INFO: READ @ DQS= bank = 0 row = 0000 col = 00000008 data = 5f5f
# tb_soc_ddr3_top.mem_core.data_task: at time 75582817.0 ps INFO: READ @ DQS= bank = 0 row = 0000 col = 00000009 data = a5a5
# tb_soc_ddr3_top.mem_core.data_task: at time 75584150.0 ps INFO: READ @ DQS= bank = 0 row = 0000 col = 0000000a data = a5a5
# tb_soc_ddr3_top.mem_core.data_task: at time 75585483.0 ps INFO: READ @ DQS= bank = 0 row = 0000 col = 0000000b data = f5f5
# tb_soc_ddr3_top.mem_core.data_task: at time 75586817.0 ps INFO: READ @ DQS= bank = 0 row = 0000 col = 0000000c data = f5f5
# tb_soc_ddr3_top.mem_core.data_task: at time 75588150.0 ps INFO: READ @ DQS= bank = 0 row = 0000 col = 0000000d data = f5f5
# tb_soc_ddr3_top.mem_core.data_task: at time 75589483.0 ps INFO: READ @ DQS= bank = 0 row = 0000 col = 0000000e data = f5f5
# tb_soc_ddr3_top.mem_core.data_task: at time 75590817.0 ps INFO: READ @ DQS= bank = 0 row = 0000 col = 0000000f data = f0f0
# tb_soc_ddr3_top.mem_core.data_task: at time 75592150.0 ps INFO: READ @ DQS= bank = 0 row = 0000 col = 00000010 data = a5a5
# tb_soc_ddr3_top.mem_core.data_task: at time 75593483.0 ps INFO: READ @ DQS= bank = 0 row = 0000 col = 00000011 data = a5a5
# tb_soc_ddr3_top.mem_core.data_task: at time 75594817.0 ps INFO: READ @ DQS= bank = 0 row = 0000 col = 00000012 data = a5a5
# tb_soc_ddr3_top.mem_core.data_task: at time 75596150.0 ps INFO: READ @ DQS= bank = 0 row = 0000 col = 00000013 data = a5a5
# tb_soc_ddr3_top.mem_core.data_task: at time 75597483.0 ps INFO: READ @ DQS= bank = 0 row = 0000 col = 00000014 data = 5555
# tb_soc_ddr3_top.mem_core.data_task: at time 75598817.0 ps INFO: READ @ DQS= bank = 0 row = 0000 col = 00000015 data = 5555
# tb_soc_ddr3_top.mem_core.data_task: at time 75600150.0 ps INFO: READ @ DQS= bank = 0 row = 0000 col = 00000016 data = 5555
# tb_soc_ddr3_top.mem_core.data_task: at time 75601483.0 ps INFO: READ @ DQS= bank = 0 row = 0000 col = 00000017 data = 5f5f
# tb_soc_ddr3_top.mem_core.data_task: at time 75602817.0 ps INFO: READ @ DQS= bank = 0 row = 0000 col = 00000018 data = f5f5
# tb_soc_ddr3_top.mem_core.data_task: at time 75604150.0 ps INFO: READ @ DQS= bank = 0 row = 0000 col = 00000019 data = aaaa
# tb_soc_ddr3_top.mem_core.data_task: at time 75605483.0 ps INFO: READ @ DQS= bank = 0 row = 0000 col = 0000001a data = 5555
# tb_soc_ddr3_top.mem_core.data_task: at time 75606817.0 ps INFO: READ @ DQS= bank = 0 row = 0000 col = 0000001b data = aaaa
# tb_soc_ddr3_top.mem_core.data_task: at time 75608150.0 ps INFO: READ @ DQS= bank = 0 row = 0000 col = 0000001c data = f5f5
# tb_soc_ddr3_top.mem_core.data_task: at time 75609483.0 ps INFO: READ @ DQS= bank = 0 row = 0000 col = 0000001d data = aaaa
# tb_soc_ddr3_top.mem_core.data_task: at time 75610817.0 ps INFO: READ @ DQS= bank = 0 row = 0000 col = 0000001e data = f5f5
# tb_soc_ddr3_top.mem_core.data_task: at time 75612150.0 ps INFO: READ @ DQS= bank = 0 row = 0000 col = 0000001f data = aaaa
# tb_soc_ddr3_top.mem_core.cmd_task: at time 76249483.0 ps INFO: Read      bank 0 col 000, auto precharge 0
# tb_soc_ddr3_top.mem_core.cmd_task: at time 76260150.0 ps INFO: Read      bank 0 col 008, auto precharge 0
# tb_soc_ddr3_top.mem_core.cmd_task: at time 76270817.0 ps INFO: Read      bank 0 col 010, auto precharge 0
# tb_soc_ddr3_top.mem_core.data_task: at time 76274817.0 ps INFO: READ @ DQS= bank = 0 row = 0000 col = 00000000 data = 5555
# tb_soc_ddr3_top.mem_core.data_task: at time 76276150.0 ps INFO: READ @ DQS= bank = 0 row = 0000 col = 00000001 data = a5a5
# tb_soc_ddr3_top.mem_core.data_task: at time 76277483.0 ps INFO: READ @ DQS= bank = 0 row = 0000 col = 00000002 data = 5555
# tb_soc_ddr3_top.mem_core.data_task: at time 76278817.0 ps INFO: READ @ DQS= bank = 0 row = 0000 col = 00000003 data = a5a5
# tb_soc_ddr3_top.mem_core.data_task: at time 76280150.0 ps INFO: READ @ DQS= bank = 0 row = 0000 col = 00000004 data = 5a5a
# tb_soc_ddr3_top.mem_core.data_task: at time 76281483.0 ps INFO: READ @ DQS= bank = 0 row = 0000 col = 00000005 data = a5a5
# tb_soc_ddr3_top.mem_core.cmd_task: at time 76281483.0 ps INFO: Read      bank 0 col 018, auto precharge 0
# tb_soc_ddr3_top.mem_core.data_task: at time 76282817.0 ps INFO: READ @ DQS= bank = 0 row = 0000 col = 00000006 data = 5555
# tb_soc_ddr3_top.mem_core.data_task: at time 76284150.0 ps INFO: READ @ DQS= bank = 0 row = 0000 col = 00000007 data = a5a5
# tb_soc_ddr3_top.mem_core.data_task: at time 76285483.0 ps INFO: READ @ DQS= bank = 0 row = 0000 col = 00000008 data = 5f5f
# tb_soc_ddr3_top.mem_core.data_task: at time 76286817.0 ps INFO: READ @ DQS= bank = 0 row = 0000 col = 00000009 data = a5a5
# tb_soc_ddr3_top.mem_core.data_task: at time 76288150.0 ps INFO: READ @ DQS= bank = 0 row = 0000 col = 0000000a data = a5a5
# tb_soc_ddr3_top.mem_core.data_task: at time 76289483.0 ps INFO: READ @ DQS= bank = 0 row = 0000 col = 0000000b data = f5f5
# tb_soc_ddr3_top.mem_core.data_task: at time 76290817.0 ps INFO: READ @ DQS= bank = 0 row = 0000 col = 0000000c data = f5f5
# tb_soc_ddr3_top.mem_core.data_task: at time 76292150.0 ps INFO: READ @ DQS= bank = 0 row = 0000 col = 0000000d data = f5f5
# tb_soc_ddr3_top.mem_core.data_task: at time 76293483.0 ps INFO: READ @ DQS= bank = 0 row = 0000 col = 0000000e data = f5f5
# tb_soc_ddr3_top.mem_core.data_task: at time 76294817.0 ps INFO: READ @ DQS= bank = 0 row = 0000 col = 0000000f data = f0f0
# tb_soc_ddr3_top.mem_core.data_task: at time 76296150.0 ps INFO: READ @ DQS= bank = 0 row = 0000 col = 00000010 data = a5a5
# tb_soc_ddr3_top.mem_core.data_task: at time 76297483.0 ps INFO: READ @ DQS= bank = 0 row = 0000 col = 00000011 data = a5a5
# tb_soc_ddr3_top.mem_core.data_task: at time 76298817.0 ps INFO: READ @ DQS= bank = 0 row = 0000 col = 00000012 data = a5a5
# tb_soc_ddr3_top.mem_core.data_task: at time 76300150.0 ps INFO: READ @ DQS= bank = 0 row = 0000 col = 00000013 data = a5a5
# tb_soc_ddr3_top.mem_core.data_task: at time 76301483.0 ps INFO: READ @ DQS= bank = 0 row = 0000 col = 00000014 data = 5555
# tb_soc_ddr3_top.mem_core.data_task: at time 76302817.0 ps INFO: READ @ DQS= bank = 0 row = 0000 col = 00000015 data = 5555
# tb_soc_ddr3_top.mem_core.data_task: at time 76304150.0 ps INFO: READ @ DQS= bank = 0 row = 0000 col = 00000016 data = 5555
# tb_soc_ddr3_top.mem_core.data_task: at time 76305483.0 ps INFO: READ @ DQS= bank = 0 row = 0000 col = 00000017 data = 5f5f
# tb_soc_ddr3_top.mem_core.data_task: at time 76306817.0 ps INFO: READ @ DQS= bank = 0 row = 0000 col = 00000018 data = f5f5
# tb_soc_ddr3_top.mem_core.data_task: at time 76308150.0 ps INFO: READ @ DQS= bank = 0 row = 0000 col = 00000019 data = aaaa
# tb_soc_ddr3_top.mem_core.data_task: at time 76309483.0 ps INFO: READ @ DQS= bank = 0 row = 0000 col = 0000001a data = 5555
# tb_soc_ddr3_top.mem_core.data_task: at time 76310817.0 ps INFO: READ @ DQS= bank = 0 row = 0000 col = 0000001b data = aaaa
# tb_soc_ddr3_top.mem_core.data_task: at time 76312150.0 ps INFO: READ @ DQS= bank = 0 row = 0000 col = 0000001c data = f5f5
# tb_soc_ddr3_top.mem_core.data_task: at time 76313483.0 ps INFO: READ @ DQS= bank = 0 row = 0000 col = 0000001d data = aaaa
# tb_soc_ddr3_top.mem_core.data_task: at time 76314817.0 ps INFO: READ @ DQS= bank = 0 row = 0000 col = 0000001e data = f5f5
# tb_soc_ddr3_top.mem_core.data_task: at time 76316150.0 ps INFO: READ @ DQS= bank = 0 row = 0000 col = 0000001f data = aaaa
# tb_soc_ddr3_top.mem_core.cmd_task: at time 76953483.0 ps INFO: Read      bank 0 col 000, auto precharge 0
# tb_soc_ddr3_top.mem_core.cmd_task: at time 76964150.0 ps INFO: Read      bank 0 col 008, auto precharge 0
# tb_soc_ddr3_top.mem_core.cmd_task: at time 76974817.0 ps INFO: Read      bank 0 col 010, auto precharge 0
# tb_soc_ddr3_top.mem_core.data_task: at time 76978817.0 ps INFO: READ @ DQS= bank = 0 row = 0000 col = 00000000 data = 5555
# tb_soc_ddr3_top.mem_core.data_task: at time 76980150.0 ps INFO: READ @ DQS= bank = 0 row = 0000 col = 00000001 data = a5a5
# tb_soc_ddr3_top.mem_core.data_task: at time 76981483.0 ps INFO: READ @ DQS= bank = 0 row = 0000 col = 00000002 data = 5555
# tb_soc_ddr3_top.mem_core.data_task: at time 76982817.0 ps INFO: READ @ DQS= bank = 0 row = 0000 col = 00000003 data = a5a5
# tb_soc_ddr3_top.mem_core.data_task: at time 76984150.0 ps INFO: READ @ DQS= bank = 0 row = 0000 col = 00000004 data = 5a5a
# tb_soc_ddr3_top.mem_core.data_task: at time 76985483.0 ps INFO: READ @ DQS= bank = 0 row = 0000 col = 00000005 data = a5a5
# tb_soc_ddr3_top.mem_core.cmd_task: at time 76985483.0 ps INFO: Read      bank 0 col 018, auto precharge 0
# tb_soc_ddr3_top.mem_core.data_task: at time 76986817.0 ps INFO: READ @ DQS= bank = 0 row = 0000 col = 00000006 data = 5555
# tb_soc_ddr3_top.mem_core.data_task: at time 76988150.0 ps INFO: READ @ DQS= bank = 0 row = 0000 col = 00000007 data = a5a5
# tb_soc_ddr3_top.mem_core.data_task: at time 76989483.0 ps INFO: READ @ DQS= bank = 0 row = 0000 col = 00000008 data = 5f5f
# tb_soc_ddr3_top.mem_core.data_task: at time 76990817.0 ps INFO: READ @ DQS= bank = 0 row = 0000 col = 00000009 data = a5a5
# tb_soc_ddr3_top.mem_core.data_task: at time 76992150.0 ps INFO: READ @ DQS= bank = 0 row = 0000 col = 0000000a data = a5a5
# tb_soc_ddr3_top.mem_core.data_task: at time 76993483.0 ps INFO: READ @ DQS= bank = 0 row = 0000 col = 0000000b data = f5f5
# tb_soc_ddr3_top.mem_core.data_task: at time 76994817.0 ps INFO: READ @ DQS= bank = 0 row = 0000 col = 0000000c data = f5f5
# tb_soc_ddr3_top.mem_core.data_task: at time 76996150.0 ps INFO: READ @ DQS= bank = 0 row = 0000 col = 0000000d data = f5f5
# tb_soc_ddr3_top.mem_core.data_task: at time 76997483.0 ps INFO: READ @ DQS= bank = 0 row = 0000 col = 0000000e data = f5f5
# tb_soc_ddr3_top.mem_core.data_task: at time 76998817.0 ps INFO: READ @ DQS= bank = 0 row = 0000 col = 0000000f data = f0f0
# tb_soc_ddr3_top.mem_core.data_task: at time 77000150.0 ps INFO: READ @ DQS= bank = 0 row = 0000 col = 00000010 data = a5a5
# tb_soc_ddr3_top.mem_core.data_task: at time 77001483.0 ps INFO: READ @ DQS= bank = 0 row = 0000 col = 00000011 data = a5a5
# tb_soc_ddr3_top.mem_core.data_task: at time 77002817.0 ps INFO: READ @ DQS= bank = 0 row = 0000 col = 00000012 data = a5a5
# tb_soc_ddr3_top.mem_core.data_task: at time 77004150.0 ps INFO: READ @ DQS= bank = 0 row = 0000 col = 00000013 data = a5a5
# tb_soc_ddr3_top.mem_core.data_task: at time 77005483.0 ps INFO: READ @ DQS= bank = 0 row = 0000 col = 00000014 data = 5555
# tb_soc_ddr3_top.mem_core.data_task: at time 77006817.0 ps INFO: READ @ DQS= bank = 0 row = 0000 col = 00000015 data = 5555
# tb_soc_ddr3_top.mem_core.data_task: at time 77008150.0 ps INFO: READ @ DQS= bank = 0 row = 0000 col = 00000016 data = 5555
# tb_soc_ddr3_top.mem_core.data_task: at time 77009483.0 ps INFO: READ @ DQS= bank = 0 row = 0000 col = 00000017 data = 5f5f
# tb_soc_ddr3_top.mem_core.data_task: at time 77010817.0 ps INFO: READ @ DQS= bank = 0 row = 0000 col = 00000018 data = f5f5
# tb_soc_ddr3_top.mem_core.data_task: at time 77012150.0 ps INFO: READ @ DQS= bank = 0 row = 0000 col = 00000019 data = aaaa
# tb_soc_ddr3_top.mem_core.data_task: at time 77013483.0 ps INFO: READ @ DQS= bank = 0 row = 0000 col = 0000001a data = 5555
# tb_soc_ddr3_top.mem_core.data_task: at time 77014817.0 ps INFO: READ @ DQS= bank = 0 row = 0000 col = 0000001b data = aaaa
# tb_soc_ddr3_top.mem_core.data_task: at time 77016150.0 ps INFO: READ @ DQS= bank = 0 row = 0000 col = 0000001c data = f5f5
# tb_soc_ddr3_top.mem_core.data_task: at time 77017483.0 ps INFO: READ @ DQS= bank = 0 row = 0000 col = 0000001d data = aaaa
# tb_soc_ddr3_top.mem_core.data_task: at time 77018817.0 ps INFO: READ @ DQS= bank = 0 row = 0000 col = 0000001e data = f5f5
# tb_soc_ddr3_top.mem_core.data_task: at time 77020150.0 ps INFO: READ @ DQS= bank = 0 row = 0000 col = 0000001f data = aaaa
# tb_soc_ddr3_top.mem_core.cmd_task: at time 77657483.0 ps INFO: Read      bank 0 col 000, auto precharge 0
# tb_soc_ddr3_top.mem_core.cmd_task: at time 77668150.0 ps INFO: Read      bank 0 col 008, auto precharge 0
# tb_soc_ddr3_top.mem_core.cmd_task: at time 77678817.0 ps INFO: Read      bank 0 col 010, auto precharge 0
# tb_soc_ddr3_top.mem_core.data_task: at time 77682817.0 ps INFO: READ @ DQS= bank = 0 row = 0000 col = 00000000 data = 5555
# tb_soc_ddr3_top.mem_core.data_task: at time 77684150.0 ps INFO: READ @ DQS= bank = 0 row = 0000 col = 00000001 data = a5a5
# tb_soc_ddr3_top.mem_core.data_task: at time 77685483.0 ps INFO: READ @ DQS= bank = 0 row = 0000 col = 00000002 data = 5555
# tb_soc_ddr3_top.mem_core.data_task: at time 77686817.0 ps INFO: READ @ DQS= bank = 0 row = 0000 col = 00000003 data = a5a5
# tb_soc_ddr3_top.mem_core.data_task: at time 77688150.0 ps INFO: READ @ DQS= bank = 0 row = 0000 col = 00000004 data = 5a5a
# tb_soc_ddr3_top.mem_core.data_task: at time 77689483.0 ps INFO: READ @ DQS= bank = 0 row = 0000 col = 00000005 data = a5a5
# tb_soc_ddr3_top.mem_core.cmd_task: at time 77689483.0 ps INFO: Read      bank 0 col 018, auto precharge 0
# tb_soc_ddr3_top.mem_core.data_task: at time 77690817.0 ps INFO: READ @ DQS= bank = 0 row = 0000 col = 00000006 data = 5555
# tb_soc_ddr3_top.mem_core.data_task: at time 77692150.0 ps INFO: READ @ DQS= bank = 0 row = 0000 col = 00000007 data = a5a5
# tb_soc_ddr3_top.mem_core.data_task: at time 77693483.0 ps INFO: READ @ DQS= bank = 0 row = 0000 col = 00000008 data = 5f5f
# tb_soc_ddr3_top.mem_core.data_task: at time 77694817.0 ps INFO: READ @ DQS= bank = 0 row = 0000 col = 00000009 data = a5a5
# tb_soc_ddr3_top.mem_core.data_task: at time 77696150.0 ps INFO: READ @ DQS= bank = 0 row = 0000 col = 0000000a data = a5a5
# tb_soc_ddr3_top.mem_core.data_task: at time 77697483.0 ps INFO: READ @ DQS= bank = 0 row = 0000 col = 0000000b data = f5f5
# tb_soc_ddr3_top.mem_core.data_task: at time 77698817.0 ps INFO: READ @ DQS= bank = 0 row = 0000 col = 0000000c data = f5f5
# tb_soc_ddr3_top.mem_core.data_task: at time 77700150.0 ps INFO: READ @ DQS= bank = 0 row = 0000 col = 0000000d data = f5f5
# tb_soc_ddr3_top.mem_core.data_task: at time 77701483.0 ps INFO: READ @ DQS= bank = 0 row = 0000 col = 0000000e data = f5f5
# tb_soc_ddr3_top.mem_core.data_task: at time 77702817.0 ps INFO: READ @ DQS= bank = 0 row = 0000 col = 0000000f data = f0f0
# tb_soc_ddr3_top.mem_core.data_task: at time 77704150.0 ps INFO: READ @ DQS= bank = 0 row = 0000 col = 00000010 data = a5a5
# tb_soc_ddr3_top.mem_core.data_task: at time 77705483.0 ps INFO: READ @ DQS= bank = 0 row = 0000 col = 00000011 data = a5a5
# tb_soc_ddr3_top.mem_core.data_task: at time 77706817.0 ps INFO: READ @ DQS= bank = 0 row = 0000 col = 00000012 data = a5a5
# tb_soc_ddr3_top.mem_core.data_task: at time 77708150.0 ps INFO: READ @ DQS= bank = 0 row = 0000 col = 00000013 data = a5a5
# tb_soc_ddr3_top.mem_core.data_task: at time 77709483.0 ps INFO: READ @ DQS= bank = 0 row = 0000 col = 00000014 data = 5555
# tb_soc_ddr3_top.mem_core.data_task: at time 77710817.0 ps INFO: READ @ DQS= bank = 0 row = 0000 col = 00000015 data = 5555
# tb_soc_ddr3_top.mem_core.data_task: at time 77712150.0 ps INFO: READ @ DQS= bank = 0 row = 0000 col = 00000016 data = 5555
# tb_soc_ddr3_top.mem_core.data_task: at time 77713483.0 ps INFO: READ @ DQS= bank = 0 row = 0000 col = 00000017 data = 5f5f
# tb_soc_ddr3_top.mem_core.data_task: at time 77714817.0 ps INFO: READ @ DQS= bank = 0 row = 0000 col = 00000018 data = f5f5
# tb_soc_ddr3_top.mem_core.data_task: at time 77716150.0 ps INFO: READ @ DQS= bank = 0 row = 0000 col = 00000019 data = aaaa
# tb_soc_ddr3_top.mem_core.data_task: at time 77717483.0 ps INFO: READ @ DQS= bank = 0 row = 0000 col = 0000001a data = 5555
# tb_soc_ddr3_top.mem_core.data_task: at time 77718817.0 ps INFO: READ @ DQS= bank = 0 row = 0000 col = 0000001b data = aaaa
# tb_soc_ddr3_top.mem_core.data_task: at time 77720150.0 ps INFO: READ @ DQS= bank = 0 row = 0000 col = 0000001c data = f5f5
# tb_soc_ddr3_top.mem_core.data_task: at time 77721483.0 ps INFO: READ @ DQS= bank = 0 row = 0000 col = 0000001d data = aaaa
# tb_soc_ddr3_top.mem_core.data_task: at time 77722817.0 ps INFO: READ @ DQS= bank = 0 row = 0000 col = 0000001e data = f5f5
# tb_soc_ddr3_top.mem_core.data_task: at time 77724150.0 ps INFO: READ @ DQS= bank = 0 row = 0000 col = 0000001f data = aaaa
# tb_soc_ddr3_top.mem_core.cmd_task: at time 78361483.0 ps INFO: Read      bank 0 col 000, auto precharge 0
# tb_soc_ddr3_top.mem_core.cmd_task: at time 78372150.0 ps INFO: Read      bank 0 col 008, auto precharge 0
# tb_soc_ddr3_top.mem_core.cmd_task: at time 78382817.0 ps INFO: Read      bank 0 col 010, auto precharge 0
# tb_soc_ddr3_top.mem_core.data_task: at time 78386817.0 ps INFO: READ @ DQS= bank = 0 row = 0000 col = 00000000 data = 5555
# tb_soc_ddr3_top.mem_core.data_task: at time 78388150.0 ps INFO: READ @ DQS= bank = 0 row = 0000 col = 00000001 data = a5a5
# tb_soc_ddr3_top.mem_core.data_task: at time 78389483.0 ps INFO: READ @ DQS= bank = 0 row = 0000 col = 00000002 data = 5555
# tb_soc_ddr3_top.mem_core.data_task: at time 78390817.0 ps INFO: READ @ DQS= bank = 0 row = 0000 col = 00000003 data = a5a5
# tb_soc_ddr3_top.mem_core.data_task: at time 78392150.0 ps INFO: READ @ DQS= bank = 0 row = 0000 col = 00000004 data = 5a5a
# tb_soc_ddr3_top.mem_core.data_task: at time 78393483.0 ps INFO: READ @ DQS= bank = 0 row = 0000 col = 00000005 data = a5a5
# tb_soc_ddr3_top.mem_core.cmd_task: at time 78393483.0 ps INFO: Read      bank 0 col 018, auto precharge 0
# tb_soc_ddr3_top.mem_core.data_task: at time 78394817.0 ps INFO: READ @ DQS= bank = 0 row = 0000 col = 00000006 data = 5555
# tb_soc_ddr3_top.mem_core.data_task: at time 78396150.0 ps INFO: READ @ DQS= bank = 0 row = 0000 col = 00000007 data = a5a5
# tb_soc_ddr3_top.mem_core.data_task: at time 78397483.0 ps INFO: READ @ DQS= bank = 0 row = 0000 col = 00000008 data = 5f5f
# tb_soc_ddr3_top.mem_core.data_task: at time 78398817.0 ps INFO: READ @ DQS= bank = 0 row = 0000 col = 00000009 data = a5a5
# tb_soc_ddr3_top.mem_core.data_task: at time 78400150.0 ps INFO: READ @ DQS= bank = 0 row = 0000 col = 0000000a data = a5a5
# tb_soc_ddr3_top.mem_core.data_task: at time 78401483.0 ps INFO: READ @ DQS= bank = 0 row = 0000 col = 0000000b data = f5f5
# tb_soc_ddr3_top.mem_core.data_task: at time 78402817.0 ps INFO: READ @ DQS= bank = 0 row = 0000 col = 0000000c data = f5f5
# tb_soc_ddr3_top.mem_core.data_task: at time 78404150.0 ps INFO: READ @ DQS= bank = 0 row = 0000 col = 0000000d data = f5f5
# tb_soc_ddr3_top.mem_core.data_task: at time 78405483.0 ps INFO: READ @ DQS= bank = 0 row = 0000 col = 0000000e data = f5f5
# tb_soc_ddr3_top.mem_core.data_task: at time 78406817.0 ps INFO: READ @ DQS= bank = 0 row = 0000 col = 0000000f data = f0f0
# tb_soc_ddr3_top.mem_core.data_task: at time 78408150.0 ps INFO: READ @ DQS= bank = 0 row = 0000 col = 00000010 data = a5a5
# tb_soc_ddr3_top.mem_core.data_task: at time 78409483.0 ps INFO: READ @ DQS= bank = 0 row = 0000 col = 00000011 data = a5a5
# tb_soc_ddr3_top.mem_core.data_task: at time 78410817.0 ps INFO: READ @ DQS= bank = 0 row = 0000 col = 00000012 data = a5a5
# tb_soc_ddr3_top.mem_core.data_task: at time 78412150.0 ps INFO: READ @ DQS= bank = 0 row = 0000 col = 00000013 data = a5a5
# tb_soc_ddr3_top.mem_core.data_task: at time 78413483.0 ps INFO: READ @ DQS= bank = 0 row = 0000 col = 00000014 data = 5555
# tb_soc_ddr3_top.mem_core.data_task: at time 78414817.0 ps INFO: READ @ DQS= bank = 0 row = 0000 col = 00000015 data = 5555
# tb_soc_ddr3_top.mem_core.data_task: at time 78416150.0 ps INFO: READ @ DQS= bank = 0 row = 0000 col = 00000016 data = 5555
# tb_soc_ddr3_top.mem_core.data_task: at time 78417483.0 ps INFO: READ @ DQS= bank = 0 row = 0000 col = 00000017 data = 5f5f
# tb_soc_ddr3_top.mem_core.data_task: at time 78418817.0 ps INFO: READ @ DQS= bank = 0 row = 0000 col = 00000018 data = f5f5
# tb_soc_ddr3_top.mem_core.data_task: at time 78420150.0 ps INFO: READ @ DQS= bank = 0 row = 0000 col = 00000019 data = aaaa
# tb_soc_ddr3_top.mem_core.data_task: at time 78421483.0 ps INFO: READ @ DQS= bank = 0 row = 0000 col = 0000001a data = 5555
# tb_soc_ddr3_top.mem_core.data_task: at time 78422817.0 ps INFO: READ @ DQS= bank = 0 row = 0000 col = 0000001b data = aaaa
# tb_soc_ddr3_top.mem_core.data_task: at time 78424150.0 ps INFO: READ @ DQS= bank = 0 row = 0000 col = 0000001c data = f5f5
# tb_soc_ddr3_top.mem_core.data_task: at time 78425483.0 ps INFO: READ @ DQS= bank = 0 row = 0000 col = 0000001d data = aaaa
# tb_soc_ddr3_top.mem_core.data_task: at time 78426817.0 ps INFO: READ @ DQS= bank = 0 row = 0000 col = 0000001e data = f5f5
# tb_soc_ddr3_top.mem_core.data_task: at time 78428150.0 ps INFO: READ @ DQS= bank = 0 row = 0000 col = 0000001f data = aaaa
# tb_soc_ddr3_top.mem_core.cmd_task: at time 79065483.0 ps INFO: Read      bank 0 col 000, auto precharge 0
# tb_soc_ddr3_top.mem_core.cmd_task: at time 79076150.0 ps INFO: Read      bank 0 col 008, auto precharge 0
# tb_soc_ddr3_top.mem_core.cmd_task: at time 79086817.0 ps INFO: Read      bank 0 col 010, auto precharge 0
# tb_soc_ddr3_top.mem_core.data_task: at time 79090817.0 ps INFO: READ @ DQS= bank = 0 row = 0000 col = 00000000 data = 5555
# tb_soc_ddr3_top.mem_core.data_task: at time 79092150.0 ps INFO: READ @ DQS= bank = 0 row = 0000 col = 00000001 data = a5a5
# tb_soc_ddr3_top.mem_core.data_task: at time 79093483.0 ps INFO: READ @ DQS= bank = 0 row = 0000 col = 00000002 data = 5555
# tb_soc_ddr3_top.mem_core.data_task: at time 79094817.0 ps INFO: READ @ DQS= bank = 0 row = 0000 col = 00000003 data = a5a5
# tb_soc_ddr3_top.mem_core.data_task: at time 79096150.0 ps INFO: READ @ DQS= bank = 0 row = 0000 col = 00000004 data = 5a5a
# tb_soc_ddr3_top.mem_core.data_task: at time 79097483.0 ps INFO: READ @ DQS= bank = 0 row = 0000 col = 00000005 data = a5a5
# tb_soc_ddr3_top.mem_core.cmd_task: at time 79097483.0 ps INFO: Read      bank 0 col 018, auto precharge 0
# tb_soc_ddr3_top.mem_core.data_task: at time 79098817.0 ps INFO: READ @ DQS= bank = 0 row = 0000 col = 00000006 data = 5555
# tb_soc_ddr3_top.mem_core.data_task: at time 79100150.0 ps INFO: READ @ DQS= bank = 0 row = 0000 col = 00000007 data = a5a5
# tb_soc_ddr3_top.mem_core.data_task: at time 79101483.0 ps INFO: READ @ DQS= bank = 0 row = 0000 col = 00000008 data = 5f5f
# tb_soc_ddr3_top.mem_core.data_task: at time 79102817.0 ps INFO: READ @ DQS= bank = 0 row = 0000 col = 00000009 data = a5a5
# tb_soc_ddr3_top.mem_core.data_task: at time 79104150.0 ps INFO: READ @ DQS= bank = 0 row = 0000 col = 0000000a data = a5a5
# tb_soc_ddr3_top.mem_core.data_task: at time 79105483.0 ps INFO: READ @ DQS= bank = 0 row = 0000 col = 0000000b data = f5f5
# tb_soc_ddr3_top.mem_core.data_task: at time 79106817.0 ps INFO: READ @ DQS= bank = 0 row = 0000 col = 0000000c data = f5f5
# tb_soc_ddr3_top.mem_core.data_task: at time 79108150.0 ps INFO: READ @ DQS= bank = 0 row = 0000 col = 0000000d data = f5f5
# tb_soc_ddr3_top.mem_core.data_task: at time 79109483.0 ps INFO: READ @ DQS= bank = 0 row = 0000 col = 0000000e data = f5f5
# tb_soc_ddr3_top.mem_core.data_task: at time 79110817.0 ps INFO: READ @ DQS= bank = 0 row = 0000 col = 0000000f data = f0f0
# tb_soc_ddr3_top.mem_core.data_task: at time 79112150.0 ps INFO: READ @ DQS= bank = 0 row = 0000 col = 00000010 data = a5a5
# tb_soc_ddr3_top.mem_core.data_task: at time 79113483.0 ps INFO: READ @ DQS= bank = 0 row = 0000 col = 00000011 data = a5a5
# tb_soc_ddr3_top.mem_core.data_task: at time 79114817.0 ps INFO: READ @ DQS= bank = 0 row = 0000 col = 00000012 data = a5a5
# tb_soc_ddr3_top.mem_core.data_task: at time 79116150.0 ps INFO: READ @ DQS= bank = 0 row = 0000 col = 00000013 data = a5a5
# tb_soc_ddr3_top.mem_core.data_task: at time 79117483.0 ps INFO: READ @ DQS= bank = 0 row = 0000 col = 00000014 data = 5555
# tb_soc_ddr3_top.mem_core.data_task: at time 79118817.0 ps INFO: READ @ DQS= bank = 0 row = 0000 col = 00000015 data = 5555
# tb_soc_ddr3_top.mem_core.data_task: at time 79120150.0 ps INFO: READ @ DQS= bank = 0 row = 0000 col = 00000016 data = 5555
# tb_soc_ddr3_top.mem_core.data_task: at time 79121483.0 ps INFO: READ @ DQS= bank = 0 row = 0000 col = 00000017 data = 5f5f
# tb_soc_ddr3_top.mem_core.data_task: at time 79122817.0 ps INFO: READ @ DQS= bank = 0 row = 0000 col = 00000018 data = f5f5
# tb_soc_ddr3_top.mem_core.data_task: at time 79124150.0 ps INFO: READ @ DQS= bank = 0 row = 0000 col = 00000019 data = aaaa
# tb_soc_ddr3_top.mem_core.data_task: at time 79125483.0 ps INFO: READ @ DQS= bank = 0 row = 0000 col = 0000001a data = 5555
# tb_soc_ddr3_top.mem_core.data_task: at time 79126817.0 ps INFO: READ @ DQS= bank = 0 row = 0000 col = 0000001b data = aaaa
# tb_soc_ddr3_top.mem_core.data_task: at time 79128150.0 ps INFO: READ @ DQS= bank = 0 row = 0000 col = 0000001c data = f5f5
# tb_soc_ddr3_top.mem_core.data_task: at time 79129483.0 ps INFO: READ @ DQS= bank = 0 row = 0000 col = 0000001d data = aaaa
# tb_soc_ddr3_top.mem_core.data_task: at time 79130817.0 ps INFO: READ @ DQS= bank = 0 row = 0000 col = 0000001e data = f5f5
# tb_soc_ddr3_top.mem_core.data_task: at time 79132150.0 ps INFO: READ @ DQS= bank = 0 row = 0000 col = 0000001f data = aaaa
# tb_soc_ddr3_top.mem_core.cmd_task: at time 79769483.0 ps INFO: Read      bank 0 col 000, auto precharge 0
# tb_soc_ddr3_top.mem_core.cmd_task: at time 79780150.0 ps INFO: Read      bank 0 col 008, auto precharge 0
# tb_soc_ddr3_top.mem_core.cmd_task: at time 79790817.0 ps INFO: Read      bank 0 col 010, auto precharge 0
# tb_soc_ddr3_top.mem_core.data_task: at time 79794817.0 ps INFO: READ @ DQS= bank = 0 row = 0000 col = 00000000 data = 5555
# tb_soc_ddr3_top.mem_core.data_task: at time 79796150.0 ps INFO: READ @ DQS= bank = 0 row = 0000 col = 00000001 data = a5a5
# tb_soc_ddr3_top.mem_core.data_task: at time 79797483.0 ps INFO: READ @ DQS= bank = 0 row = 0000 col = 00000002 data = 5555
# tb_soc_ddr3_top.mem_core.data_task: at time 79798817.0 ps INFO: READ @ DQS= bank = 0 row = 0000 col = 00000003 data = a5a5
# tb_soc_ddr3_top.mem_core.data_task: at time 79800150.0 ps INFO: READ @ DQS= bank = 0 row = 0000 col = 00000004 data = 5a5a
# tb_soc_ddr3_top.mem_core.data_task: at time 79801483.0 ps INFO: READ @ DQS= bank = 0 row = 0000 col = 00000005 data = a5a5
# tb_soc_ddr3_top.mem_core.cmd_task: at time 79801483.0 ps INFO: Read      bank 0 col 018, auto precharge 0
# tb_soc_ddr3_top.mem_core.data_task: at time 79802817.0 ps INFO: READ @ DQS= bank = 0 row = 0000 col = 00000006 data = 5555
# tb_soc_ddr3_top.mem_core.data_task: at time 79804150.0 ps INFO: READ @ DQS= bank = 0 row = 0000 col = 00000007 data = a5a5
# tb_soc_ddr3_top.mem_core.data_task: at time 79805483.0 ps INFO: READ @ DQS= bank = 0 row = 0000 col = 00000008 data = 5f5f
# tb_soc_ddr3_top.mem_core.data_task: at time 79806817.0 ps INFO: READ @ DQS= bank = 0 row = 0000 col = 00000009 data = a5a5
# tb_soc_ddr3_top.mem_core.data_task: at time 79808150.0 ps INFO: READ @ DQS= bank = 0 row = 0000 col = 0000000a data = a5a5
# tb_soc_ddr3_top.mem_core.data_task: at time 79809483.0 ps INFO: READ @ DQS= bank = 0 row = 0000 col = 0000000b data = f5f5
# tb_soc_ddr3_top.mem_core.data_task: at time 79810817.0 ps INFO: READ @ DQS= bank = 0 row = 0000 col = 0000000c data = f5f5
# tb_soc_ddr3_top.mem_core.data_task: at time 79812150.0 ps INFO: READ @ DQS= bank = 0 row = 0000 col = 0000000d data = f5f5
# tb_soc_ddr3_top.mem_core.data_task: at time 79813483.0 ps INFO: READ @ DQS= bank = 0 row = 0000 col = 0000000e data = f5f5
# tb_soc_ddr3_top.mem_core.data_task: at time 79814817.0 ps INFO: READ @ DQS= bank = 0 row = 0000 col = 0000000f data = f0f0
# tb_soc_ddr3_top.mem_core.data_task: at time 79816150.0 ps INFO: READ @ DQS= bank = 0 row = 0000 col = 00000010 data = a5a5
# tb_soc_ddr3_top.mem_core.data_task: at time 79817483.0 ps INFO: READ @ DQS= bank = 0 row = 0000 col = 00000011 data = a5a5
# tb_soc_ddr3_top.mem_core.data_task: at time 79818817.0 ps INFO: READ @ DQS= bank = 0 row = 0000 col = 00000012 data = a5a5
# tb_soc_ddr3_top.mem_core.data_task: at time 79820150.0 ps INFO: READ @ DQS= bank = 0 row = 0000 col = 00000013 data = a5a5
# tb_soc_ddr3_top.mem_core.data_task: at time 79821483.0 ps INFO: READ @ DQS= bank = 0 row = 0000 col = 00000014 data = 5555
# tb_soc_ddr3_top.mem_core.data_task: at time 79822817.0 ps INFO: READ @ DQS= bank = 0 row = 0000 col = 00000015 data = 5555
# tb_soc_ddr3_top.mem_core.data_task: at time 79824150.0 ps INFO: READ @ DQS= bank = 0 row = 0000 col = 00000016 data = 5555
# tb_soc_ddr3_top.mem_core.data_task: at time 79825483.0 ps INFO: READ @ DQS= bank = 0 row = 0000 col = 00000017 data = 5f5f
# tb_soc_ddr3_top.mem_core.data_task: at time 79826817.0 ps INFO: READ @ DQS= bank = 0 row = 0000 col = 00000018 data = f5f5
# tb_soc_ddr3_top.mem_core.data_task: at time 79828150.0 ps INFO: READ @ DQS= bank = 0 row = 0000 col = 00000019 data = aaaa
# tb_soc_ddr3_top.mem_core.data_task: at time 79829483.0 ps INFO: READ @ DQS= bank = 0 row = 0000 col = 0000001a data = 5555
# tb_soc_ddr3_top.mem_core.data_task: at time 79830817.0 ps INFO: READ @ DQS= bank = 0 row = 0000 col = 0000001b data = aaaa
# tb_soc_ddr3_top.mem_core.data_task: at time 79832150.0 ps INFO: READ @ DQS= bank = 0 row = 0000 col = 0000001c data = f5f5
# tb_soc_ddr3_top.mem_core.data_task: at time 79833483.0 ps INFO: READ @ DQS= bank = 0 row = 0000 col = 0000001d data = aaaa
# tb_soc_ddr3_top.mem_core.data_task: at time 79834817.0 ps INFO: READ @ DQS= bank = 0 row = 0000 col = 0000001e data = f5f5
# tb_soc_ddr3_top.mem_core.data_task: at time 79836150.0 ps INFO: READ @ DQS= bank = 0 row = 0000 col = 0000001f data = aaaa
# tb_soc_ddr3_top.mem_core.cmd_task: at time 80057483.0 ps INFO: Precharge All
# tb_soc_ddr3_top.mem_core.cmd_task: at time 80057483.0 ps INFO: Precharge bank   0
# tb_soc_ddr3_top.mem_core.main: at time 80289483.0 ps INFO: Sync On Die Termination Rtt_NOM =         60 Ohm
# tb_soc_ddr3_top.mem_core.cmd_task: at time 80548150.0 ps INFO: Activate  bank 0 row 0000
# tb_soc_ddr3_top.mem_core.cmd_task: at time 80553483.0 ps INFO: Write     bank 0 col 000, auto precharge 0
# tb_soc_ddr3_top.mem_core.data_task: at time 80578817.0 ps INFO: WRITE @ DQS= bank = 0 row = 0000 col = 00000000 data = 002a
# tb_soc_ddr3_top.mem_core.data_task: at time 80580150.0 ps INFO: WRITE @ DQS= bank = 0 row = 0000 col = 00000001 data = 0000
# tb_soc_ddr3_top.mem_core.data_task: at time 80581483.0 ps INFO: WRITE @ DQS= bank = 0 row = 0000 col = 00000002 data = 5555
# tb_soc_ddr3_top.mem_core.data_task: at time 80582817.0 ps INFO: WRITE @ DQS= bank = 0 row = 0000 col = 00000003 data = a5a5
# tb_soc_ddr3_top.mem_core.data_task: at time 80584150.0 ps INFO: WRITE @ DQS= bank = 0 row = 0000 col = 00000004 data = 5a5a
# tb_soc_ddr3_top.mem_core.data_task: at time 80585483.0 ps INFO: WRITE @ DQS= bank = 0 row = 0000 col = 00000005 data = a5a5
# tb_soc_ddr3_top.mem_core.data_task: at time 80586817.0 ps INFO: WRITE @ DQS= bank = 0 row = 0000 col = 00000006 data = 5555
# tb_soc_ddr3_top.mem_core.data_task: at time 80588150.0 ps INFO: WRITE @ DQS= bank = 0 row = 0000 col = 00000007 data = a5a5
# tb_soc_ddr3_top.mem_core.cmd_task: at time 80750817.0 ps INFO: Read      bank 0 col 000, auto precharge 0
# tb_soc_ddr3_top.mem_core.main: at time 80769483.0 ps INFO: Sync On Die Termination Rtt_NOM =          0 Ohm
# tb_soc_ddr3_top.mem_core.data_task: at time 80776150.0 ps INFO: READ @ DQS= bank = 0 row = 0000 col = 00000000 data = 002a
# tb_soc_ddr3_top.mem_core.data_task: at time 80777483.0 ps INFO: READ @ DQS= bank = 0 row = 0000 col = 00000001 data = 0000
# tb_soc_ddr3_top.mem_core.data_task: at time 80778817.0 ps INFO: READ @ DQS= bank = 0 row = 0000 col = 00000002 data = 5555
# tb_soc_ddr3_top.mem_core.data_task: at time 80780150.0 ps INFO: READ @ DQS= bank = 0 row = 0000 col = 00000003 data = a5a5
# tb_soc_ddr3_top.mem_core.data_task: at time 80781483.0 ps INFO: READ @ DQS= bank = 0 row = 0000 col = 00000004 data = 5a5a
# tb_soc_ddr3_top.mem_core.data_task: at time 80782817.0 ps INFO: READ @ DQS= bank = 0 row = 0000 col = 00000005 data = a5a5
# tb_soc_ddr3_top.mem_core.data_task: at time 80784150.0 ps INFO: READ @ DQS= bank = 0 row = 0000 col = 00000006 data = 5555
# tb_soc_ddr3_top.mem_core.data_task: at time 80785483.0 ps INFO: READ @ DQS= bank = 0 row = 0000 col = 00000007 data = a5a5
# CHECK: CPU DDR store/load returned 42 at 80848000.0 ps
# tb_soc_ddr3_top.mem_core.cmd_task: at time 81049483.0 ps INFO: Write     bank 0 col 010, auto precharge 0
# tb_soc_ddr3_top.mem_core.main: at time 81068150.0 ps INFO: Sync On Die Termination Rtt_NOM =         60 Ohm
# tb_soc_ddr3_top.mem_core.data_task: at time 81074817.0 ps INFO: WRITE @ DQS= bank = 0 row = 0000 col = 00000010 data = 0293
# tb_soc_ddr3_top.mem_core.data_task: at time 81076150.0 ps INFO: WRITE @ DQS= bank = 0 row = 0000 col = 00000011 data = 05a0
# tb_soc_ddr3_top.mem_core.data_task: at time 81077483.0 ps INFO: WRITE @ DQS= bank = 0 row = 0000 col = 00000012 data = a5a5
# tb_soc_ddr3_top.mem_core.data_task: at time 81078817.0 ps INFO: WRITE @ DQS= bank = 0 row = 0000 col = 00000013 data = a5a5
# tb_soc_ddr3_top.mem_core.data_task: at time 81080150.0 ps INFO: WRITE @ DQS= bank = 0 row = 0000 col = 00000014 data = 5555
# tb_soc_ddr3_top.mem_core.data_task: at time 81081483.0 ps INFO: WRITE @ DQS= bank = 0 row = 0000 col = 00000015 data = 5555
# tb_soc_ddr3_top.mem_core.data_task: at time 81082817.0 ps INFO: WRITE @ DQS= bank = 0 row = 0000 col = 00000016 data = 5555
# tb_soc_ddr3_top.mem_core.data_task: at time 81084150.0 ps INFO: WRITE @ DQS= bank = 0 row = 0000 col = 00000017 data = 5f5f
# tb_soc_ddr3_top.mem_core.cmd_task: at time 81252150.0 ps INFO: Write     bank 0 col 010, auto precharge 0
# tb_soc_ddr3_top.mem_core.data_task: at time 81277483.0 ps INFO: WRITE @ DQS= bank = 0 row = 0000 col = 00000010 data = 0293
# tb_soc_ddr3_top.mem_core.data_task: at time 81278817.0 ps INFO: WRITE @ DQS= bank = 0 row = 0000 col = 00000011 data = 05a0
# tb_soc_ddr3_top.mem_core.data_task: at time 81280150.0 ps INFO: WRITE @ DQS= bank = 0 row = 0000 col = 00000012 data = 006f
# tb_soc_ddr3_top.mem_core.data_task: at time 81281483.0 ps INFO: WRITE @ DQS= bank = 0 row = 0000 col = 00000013 data = 0000
# tb_soc_ddr3_top.mem_core.data_task: at time 81282817.0 ps INFO: WRITE @ DQS= bank = 0 row = 0000 col = 00000014 data = 5555
# tb_soc_ddr3_top.mem_core.data_task: at time 81284150.0 ps INFO: WRITE @ DQS= bank = 0 row = 0000 col = 00000015 data = 5555
# tb_soc_ddr3_top.mem_core.data_task: at time 81285483.0 ps INFO: WRITE @ DQS= bank = 0 row = 0000 col = 00000016 data = 5555
# tb_soc_ddr3_top.mem_core.data_task: at time 81286817.0 ps INFO: WRITE @ DQS= bank = 0 row = 0000 col = 00000017 data = 5f5f
# tb_soc_ddr3_top.mem_core.cmd_task: at time 81454817.0 ps INFO: Read      bank 0 col 010, auto precharge 0
# tb_soc_ddr3_top.mem_core.main: at time 81473483.0 ps INFO: Sync On Die Termination Rtt_NOM =          0 Ohm
# tb_soc_ddr3_top.mem_core.data_task: at time 81480150.0 ps INFO: READ @ DQS= bank = 0 row = 0000 col = 00000010 data = 0293
# tb_soc_ddr3_top.mem_core.data_task: at time 81481483.0 ps INFO: READ @ DQS= bank = 0 row = 0000 col = 00000011 data = 05a0
# tb_soc_ddr3_top.mem_core.data_task: at time 81482817.0 ps INFO: READ @ DQS= bank = 0 row = 0000 col = 00000012 data = 006f
# tb_soc_ddr3_top.mem_core.data_task: at time 81484150.0 ps INFO: READ @ DQS= bank = 0 row = 0000 col = 00000013 data = 0000
# tb_soc_ddr3_top.mem_core.data_task: at time 81485483.0 ps INFO: READ @ DQS= bank = 0 row = 0000 col = 00000014 data = 5555
# tb_soc_ddr3_top.mem_core.data_task: at time 81486817.0 ps INFO: READ @ DQS= bank = 0 row = 0000 col = 00000015 data = 5555
# tb_soc_ddr3_top.mem_core.data_task: at time 81488150.0 ps INFO: READ @ DQS= bank = 0 row = 0000 col = 00000016 data = 5555
# tb_soc_ddr3_top.mem_core.data_task: at time 81489483.0 ps INFO: READ @ DQS= bank = 0 row = 0000 col = 00000017 data = 5f5f
# RESULT: PASS soc_ddr3_top DDR store/load/fetch at 81584000.0 ps
# ** Note: $finish    : D:/riscv/RISCV/source/tb_soc_ddr3_top.v(404)
#    Time: 81584166664 fs  Iteration: 4  Instance: /tb_soc_ddr3_top
# End time: 18:52:23 on Oct 03,2026, Elapsed time: 0:03:52
# Errors: 0, Warnings: 357
